side,line,position,unit,head,x0,x1,y0,y1,width,height,ink,line_quality
Aa,Aa01,0,430!.40,430,8,37,9,39,29,30,198,reliable
Aa,Aa01,1,320.9,320,41,76,9,39,35,30,299,reliable
Aa,Aa01,2,320.9,320,79,112,8,38,33,30,264,reliable
Aa,Aa01,3,440,440,116,132,9,39,16,30,120,reliable
Aa,Aa01,4,440,440,135,148,10,39,13,29,105,reliable
Aa,Aa01,5,440,440,151,167,9,39,16,30,119,reliable
Aa,Aa01,6,440,440,170,185,10,38,15,28,118,reliable
Aa,Aa01,7,445,445,193,218,10,39,25,29,195,reliable
Aa,Aa01,8,695,695,223,244,10,40,21,30,176,reliable
Aa,Aa01,9,4.120a,4,248,270,10,40,22,30,177,reliable
Aa,Aa01,10,4.67,4,273,283,9,39,10,30,80,reliable
Aa,Aa01,11,34c,34,288,326,9,40,38,31,262,reliable
Aa,Aa01,12,60a.554a,60,331,369,9,40,38,31,285,reliable
Aa,Aa01,13,22b,22,373,397,10,39,24,29,196,reliable
Aa,Aa01,14,551.61c,551,401,411,10,38,10,28,91,reliable
Aa,Aa01,15,22by,22,418,461,9,40,43,31,298,reliable
Aa,Aa01,16,552,552,467,479,8,38,12,30,112,reliable
Aa,Aa01,17,22by,22,486,516,7,39,30,32,272,reliable
Aa,Aa01,18,551,551,521,531,8,37,10,29,102,reliable
Aa,Aa01,19,22by,22,537,572,7,39,35,32,296,reliable
Aa,Aa01,20,301.82,301,578,588,9,38,10,29,111,reliable
Aa,Aa01,21,22by,22,591,643,10,40,52,30,374,reliable
Aa,Aa01,22,8a.451V,8,648,658,10,38,10,28,102,reliable
Aa,Aa01,23,22b,22,663,709,8,39,46,31,317,reliable
Aa,Aa01,24,5:22by,5,713,723,9,38,10,29,83,reliable
Aa,Aa01,25,8a.6,8,726,749,8,38,23,30,176,reliable
Aa,Aa01,26,22by,22,754,763,9,37,9,28,84,reliable
Aa,Aa01,27,8a,8,771,812,10,38,41,28,266,reliable
Aa,Aa01,28,4.64a,4,817,827,11,38,10,27,98,reliable
Aa,Aa01,29,22b,22,833,856,10,38,23,28,163,reliable
Aa,Aa01,30,553,553,863,885,9,39,22,30,155,reliable
Aa,Aa01,31,22by,22,890,899,9,38,9,29,85,reliable
Aa,Aa01,32,65.3a,65,906,934,9,39,28,30,214,reliable
Aa,Aa01,33,65.3a,65,938,948,10,38,10,28,75,reliable
Aa,Aa01,34,65.95aj,65,958,978,10,38,20,28,105,reliable
Aa,Aa01,35,65,65,985,994,10,38,9,28,51,reliable
Aa,Aa01,36,65.65,65,998,1003,11,32,5,21,35,reliable
Aa,Aa01,37,1,1,1011,1040,9,39,29,30,171,reliable
Aa,Aa01,38,65,65,1043,1053,9,38,10,29,77,reliable
Aa,Aa01,39,22,22,1061,1090,8,38,29,30,189,reliable
Aa,Aa01,40,65.450y,65,1097,1109,9,37,12,28,89,reliable
Aa,Aa01,41,65.9,65,1114,1122,8,37,8,29,95,reliable
Aa,Aa01,42,65.6y,65,1126,1138,8,37,12,29,85,reliable
Aa,Aa01,43,4,4,1144,1152,8,37,8,29,80,reliable
Aa,Aa01,44,4,4,1158,1186,8,37,28,29,208,reliable
Aa,Aa01,45,4,4,1193,1221,7,37,28,30,204,reliable
Aa,Aa01,46,7,7,1226,1259,9,37,33,28,266,reliable
Aa,Aa01,47,114,114,1262,1270,10,38,8,28,88,reliable
Aa,Aa01,48,60a,60,1274,1281,10,39,7,29,70,reliable
Aa,Aa01,49,93,93,1286,1304,8,39,18,31,167,reliable
Aa,Aa01,50,70,70,1307,1321,9,39,14,30,123,reliable
Aa,Aa01,51,200,200,1326,1335,9,39,9,30,95,reliable
Aa,Aa01,52,394a,394,1339,1409,8,39,70,31,518,reliable
Aa,Aa01,53,8a,8,1413,1443,8,39,30,31,209,reliable
Aa,Aa01,54,1.421.739,1,1447,1473,9,39,26,30,223,reliable
Aa,Aa01,55,300,300,1480,1510,8,38,30,30,266,reliable
Aa,Aa01,56,445,445,1514,1551,7,39,37,32,277,reliable
Aa,Aa01,57,63a,63,1555,1579,8,39,24,31,170,reliable
Aa,Aa01,58,384,384,1583,1609,8,38,26,30,137,reliable
Aa,Aa01,59,15af,15,1613,1627,8,37,14,29,88,reliable
Aa,Aa01,60,384,384,1634,1660,8,38,26,30,182,reliable
Aa,Aa01,61,66ax,66,1668,1671,10,37,3,27,48,reliable
Aa,Aa01,62,498V,498,1674,1676,14,37,2,23,27,reliable
Aa,Aa01,63,25,25,1679,1683,9,37,4,28,54,reliable
Aa,Aa01,64,301,301,1692,1721,7,38,29,31,200,reliable
Aa,Aa01,65,27f,27,1724,1738,7,37,14,30,98,reliable
Aa,Aa01,66,630.678,630,1743,1774,7,38,31,31,207,reliable
Aa,Aa01,67,52x,52,1779,1831,7,38,52,31,422,reliable
Aa,Aa01,68,67,67,1836,1856,7,38,20,31,185,reliable
Aa,Aa01,69,655!,655,1860,1901,7,38,41,31,270,reliable
Aa,Aa01,70,44ax,44,1906,1935,9,39,29,30,293,reliable
Aa,Aa01,71,114,114,1942,1956,9,39,14,30,112,reliable
Aa,Aa01,72,420,420,1961,1988,8,39,27,31,172,reliable
Aa,Aa01,73,290.401!,290,1993,2001,9,39,8,30,90,reliable
Aa,Aa01,74,658,658,2009,2017,9,39,8,30,98,reliable
Aa,Aa01,75,200i.93i,200,2025,2106,9,40,81,31,565,reliable
Aa,Aa01,76,670,670,2112,2136,9,39,24,30,202,reliable
Aa,Aa01,77,711y.114,711,2141,2215,9,40,74,31,519,reliable
Aa,Aa01,78,741,741,2217,2238,10,39,21,29,152,reliable
Aa,Aa01,79,1.376a,1,2245,2271,9,40,26,31,190,reliable
Aa,Aa01,80,539!,539,2277,2303,9,39,26,30,183,reliable
Aa,Aa01,81,734a!,734,2305,2343,8,39,38,31,196,reliable
Aa,Aa01,82,0,0,2347,2376,9,38,29,29,125,reliable
Aa,Aa01,83,0,0,2378,2445,8,40,67,32,403,reliable
Aa,Aa02,0,201,201,7,37,57,87,30,30,243,reliable
Aa,Aa02,1,27,27,38,54,58,87,16,29,145,reliable
Aa,Aa02,2,103a:95bjt,103,59,73,57,87,14,30,114,reliable
Aa,Aa02,3,87,87,77,88,57,86,11,29,86,reliable
Aa,Aa02,4,22,22,91,98,58,86,7,28,70,reliable
Aa,Aa02,5,190,190,103,129,57,87,26,30,212,reliable
Aa,Aa02,6,539a.200i,539,131,157,57,86,26,29,206,reliable
Aa,Aa02,7,300.440,300,161,195,57,87,34,30,272,reliable
Aa,Aa02,8,131,131,198,214,57,86,16,29,144,reliable
Aa,Aa02,9,50,50,219,229,58,87,10,29,97,reliable
Aa,Aa02,10,442,442,234,259,57,86,25,29,167,reliable
Aa,Aa02,11,530.71,530,260,297,57,86,37,29,264,reliable
Aa,Aa02,12,64,64,300,321,57,87,21,30,155,reliable
Aa,Aa02,13,678b,678,327,339,57,86,12,29,80,reliable
Aa,Aa02,14,701b.76y,701,343,369,56,86,26,30,180,reliable
Aa,Aa02,15,47,47,372,387,55,84,15,29,98,reliable
Aa,Aa02,16,530,530,390,414,55,86,24,31,177,reliable
Aa,Aa02,17,22.678b,22,418,440,56,84,22,28,146,reliable
Aa,Aa02,18,539b,539,445,477,56,86,32,30,210,reliable
Aa,Aa02,19,27,27,480,496,56,84,16,28,138,reliable
Aa,Aa02,20,655.76y,655,500,538,56,85,38,29,261,reliable
Aa,Aa02,21,301,301,539,572,55,85,33,30,244,reliable
Aa,Aa02,22,21t,21,577,630,54,86,53,32,386,reliable
Aa,Aa02,23,73.6,73,632,672,54,88,40,34,336,reliable
Aa,Aa02,24,393,393,673,697,56,88,24,32,240,reliable
Aa,Aa02,25,73.6,73,701,713,55,86,12,31,147,reliable
Aa,Aa02,26,33,33,717,759,55,88,42,33,320,reliable
Aa,Aa02,27,66fx,66,761,794,55,87,33,32,307,reliable
Aa,Aa02,28,93,93,798,807,55,88,9,33,101,reliable
Aa,Aa02,29,61y.86.61,61,811,827,54,88,16,34,163,reliable
Aa,Aa02,30,48,48,833,847,55,87,14,32,120,reliable
Aa,Aa02,31,430b,430,851,857,55,88,6,33,130,reliable
Aa,Aa02,32,90j,90,864,900,54,87,36,33,323,reliable
Aa,Aa02,33,11,11,904,914,55,87,10,32,98,reliable
Aa,Aa02,34,90j,90,917,928,55,88,11,33,107,reliable
Aa,Aa02,35,70b,70,931,949,54,88,18,34,178,reliable
Aa,Aa02,36,48,48,950,976,55,87,26,32,167,reliable
Aa,Aa02,37,76,76,977,1011,53,87,34,34,198,reliable
Aa,Aa02,38,7,7,1015,1022,53,87,7,34,110,reliable
Aa,Aa02,39,39x,39,1023,1055,53,87,32,34,207,reliable
Aa,Aa02,40,9,9,1060,1071,54,86,11,32,105,reliable
Aa,Aa02,41,11,11,1075,1091,53,86,16,33,121,reliable
Aa,Aa02,42,538,538,1093,1128,54,86,35,32,322,reliable
Aa,Aa02,43,40dy?,40,1133,1139,58,80,6,22,41,reliable
Aa,Aa02,44,678b,678,1142,1151,54,85,9,31,94,reliable
Aa,Aa02,45,530.1,530,1158,1227,53,87,69,34,553,reliable
Aa,Aa02,46,21a,21,1228,1276,52,87,48,35,367,reliable
Aa,Aa02,47,22by,22,1283,1290,54,86,7,32,130,reliable
Aa,Aa02,48,11.670,11,1291,1313,55,85,22,30,228,reliable
Aa,Aa02,49,99aj,99,1316,1333,54,85,17,31,203,reliable
Aa,Aa02,50,144f,144,1335,1360,53,85,25,32,180,reliable
Aa,Aa02,51,200,200,1363,1378,53,84,15,31,115,reliable
Aa,Aa02,52,11,11,1382,1398,54,84,16,30,104,reliable
Aa,Aa02,53,200,200,1402,1409,53,85,7,32,107,reliable
Aa,Aa02,54,144f,144,1411,1439,53,84,28,31,220,reliable
Aa,Aa02,55,71c,71,1443,1451,54,83,8,29,83,reliable
Aa,Aa02,56,47,47,1454,1468,54,84,14,30,148,reliable
Aa,Aa02,57,11,11,1473,1506,53,84,33,31,236,reliable
Aa,Aa02,58,200,200,1507,1523,54,82,16,28,105,reliable
Aa,Aa02,59,25V,25,1524,1543,53,84,19,31,151,reliable
Aa,Aa02,60,386,386,1546,1611,53,84,65,31,445,reliable
Aa,Aa02,61,71b!,71,1615,1626,54,84,11,30,59,reliable
Aa,Aa02,62,61b,61,1630,1642,53,84,12,31,75,reliable
Aa,Aa02,63,306,306,1645,1680,52,84,35,32,188,reliable
Aa,Aa02,64,280j,280,1684,1688,54,75,4,21,19,reliable
Aa,Aa02,65,1V,1,1696,1725,52,84,29,32,194,reliable
Aa,Aa02,66,160b,160,1727,1751,52,83,24,31,138,reliable
Aa,Aa02,67,306.3a,306,1751,1783,52,83,32,31,200,reliable
Aa,Aa02,68,28.93,28,1787,1811,53,83,24,30,164,reliable
Aa,Aa02,69,302,302,1813,1866,52,82,53,30,391,reliable
Aa,Aa02,70,45.6,45,1868,1886,52,81,18,29,126,reliable
Aa,Aa02,71,22b.243,22,1889,1916,52,82,27,30,216,reliable
Aa,Aa02,72,5j,5,1921,1949,52,85,28,33,240,reliable
Aa,Aa02,73,77.34V,77,1956,1963,52,84,7,32,146,reliable
Aa,Aa02,74,522fy,522,1967,1990,52,86,23,34,218,reliable
Aa,Aa02,75,11,11,1995,2025,52,83,30,31,280,reliable
Aa,Aa02,76,7,7,2029,2058,52,84,29,32,245,reliable
Aa,Aa02,77,4.600,4,2063,2106,52,83,43,31,331,reliable
Aa,Aa02,78,741,741,2108,2146,52,84,38,32,290,reliable
Aa,Aa02,79,626.74x,626,2149,2186,52,82,37,30,261,reliable
Aa,Aa02,80,622,622,2189,2243,52,84,54,32,319,reliable
Aa,Aa02,81,613,613,2245,2251,65,79,6,14,24,reliable
Aa,Aa02,82,607o,607,2251,2293,52,83,42,31,190,reliable
Aa,Aa03,0,600,600,5,31,105,138,26,33,251,unreliable
Aa,Aa03,1,060a.003a,060,34,52,107,138,18,31,166,unreliable
Aa,Aa03,2,461a,461,56,92,106,138,36,32,339,unreliable
Aa,Aa03,3,060a.003a,060,96,116,106,138,20,32,180,unreliable
Aa,Aa03,4,600,600,118,143,104,138,25,34,263,unreliable
Aa,Aa03,5,004.061c,004,147,168,106,138,21,32,183,unreliable
Aa,Aa03,6,600.004.064a,600,170,218,105,138,48,33,413,unreliable
Aa,Aa03,7,001.063,001,221,244,105,138,23,33,214,unreliable
Aa,Aa03,8,014,014,248,315,105,138,67,33,539,unreliable
Aa,Aa03,9,680a,680,318,324,106,138,6,32,109,unreliable
Aa,Aa03,10,011,011,329,354,106,138,25,32,172,unreliable
Aa,Aa03,11,741,741,359,369,107,138,10,31,70,unreliable
Aa,Aa03,12,700,700,376,382,105,138,6,33,78,unreliable
Aa,Aa03,13,001,001,386,388,116,136,2,20,18,unreliable
Aa,Aa03,14,005j,005,390,469,104,138,79,34,532,unreliable
Aa,Aa03,15,316a,316,471,515,104,137,44,33,296,unreliable
Aa,Aa03,16,631,631,517,568,104,137,51,33,380,unreliable
Aa,Aa03,17,600.075,600,572,646,103,137,74,34,542,unreliable
Aa,Aa03,18,600.007,600,652,701,105,136,49,31,365,unreliable
Aa,Aa03,19,316,316,704,726,105,136,22,31,213,unreliable
Aa,Aa03,20,631!,631,728,775,104,138,47,34,425,unreliable
Aa,Aa03,21,600.075,600,781,846,105,138,65,33,439,unreliable
Aa,Aa03,22,008a,008,848,861,106,137,13,31,129,unreliable
Aa,Aa03,23,600.007,600,864,906,105,137,42,32,294,unreliable
Aa,Aa03,24,316,316,908,957,102,137,49,35,408,unreliable
Aa,Aa03,25,631a,631,960,1004,106,137,44,31,259,unreliable
Aa,Aa03,26,700,700,1007,1010,120,125,3,5,8,unreliable
Aa,Aa03,27,600.075,600,1012,1054,103,135,42,32,228,unreliable
Aa,Aa03,28,600.007,600,1058,1110,104,136,52,32,270,unreliable
Aa,Aa03,29,300.007,300,1112,1135,103,135,23,32,165,unreliable
Aa,Aa03,30,300.007,300,1137,1187,103,134,50,31,304,unreliable
Aa,Aa03,31,005i,005,1189,1225,103,134,36,31,226,unreliable
Aa,Aa03,32,007.074x,007,1228,1247,103,134,19,31,162,unreliable
Aa,Aa03,33,007,007,1253,1260,103,135,7,32,119,unreliable
Aa,Aa03,34,208.008,208,1264,1276,102,134,12,32,107,unreliable
Aa,Aa03,35,325,325,1281,1324,104,137,43,33,330,unreliable
Aa,Aa03,36,599b,599,1328,1335,106,136,7,30,68,unreliable
Aa,Aa03,37,011,011,1337,1345,108,135,8,27,53,unreliable
Aa,Aa03,38,002,002,1349,1414,104,138,65,34,434,unreliable
Aa,Aa03,39,206a,206,1418,1526,103,137,108,34,816,unreliable
Aa,Aa03,40,053y,053,1527,1548,105,134,21,29,175,unreliable
Aa,Aa03,41,470,470,1551,1601,104,137,50,33,360,unreliable
Aa,Aa03,42,207y,207,1608,1617,103,118,9,15,28,unreliable
Aa,Aa03,43,320.009,320,1620,1633,104,136,13,32,58,unreliable
Aa,Aa03,44,301,301,1636,1682,102,133,46,31,375,unreliable
Aa,Aa03,45,208,208,1688,1702,103,134,14,31,74,unreliable
Aa,Aa03,46,008a,008,1703,1723,103,134,20,31,122,unreliable
Aa,Aa03,47,256a,256,1725,1744,103,134,19,31,118,unreliable
Aa,Aa03,48,301,301,1749,1772,102,134,23,32,158,unreliable
Aa,Aa03,49,680,680,1777,1797,102,134,20,32,137,unreliable
Aa,Aa03,50,400o.004,400,1800,1834,102,134,34,32,227,unreliable
Aa,Aa03,51,093,093,1837,1873,102,133,36,31,278,unreliable
Aa,Aa03,52,144f,144,1876,1910,102,133,34,31,245,unreliable
Aa,Aa03,53,755,755,1913,1950,103,138,37,35,340,unreliable
Aa,Aa03,54,607o,607,1951,1986,102,136,35,34,302,unreliable
Aa,Aa03,55,201s,201,1993,2013,103,136,20,33,198,unreliable
Aa,Aa03,56,605s,605,2017,2053,102,136,36,34,320,unreliable
Aa,Aa03,57,234,234,2056,2093,102,136,37,34,301,unreliable
Aa,Aa03,58,605,605,2097,2126,104,137,29,33,252,unreliable
Aa,Aa03,59,585,585,2129,2146,104,138,17,34,142,unreliable
Aa,Aa03,60,605s,605,2147,2185,102,137,38,35,293,unreliable
Aa,Aa03,61,605s,605,2190,2201,103,137,11,34,117,unreliable
Aa,Aa03,62,385,385,2204,2232,103,137,28,34,179,unreliable
Aa,Aa03,63,006a,006,2239,2250,103,135,11,32,61,unreliable
Aa,Aa03,64,320.052,320,2257,2277,103,137,20,34,114,unreliable
Aa,Aa03,65,002,002,2279,2298,103,134,19,31,117,unreliable
Aa,Aa03,66,290,290,2303,2312,102,135,9,33,56,unreliable
Aa,Aa03,67,571a,571,2316,2319,120,124,3,4,8,unreliable
Aa,Aa03,68,197f,197,2322,2350,102,135,28,33,172,unreliable
Aa,Aa03,69,025,025,2353,2358,104,132,5,28,36,unreliable
Aa,Aa03,70,002,002,2359,2373,102,133,14,31,84,unreliable
Aa,Aa03,71,535.020ey,535,2378,2385,102,133,7,31,73,unreliable
Aa,Aa03,72,080,080,2393,2420,102,133,27,31,181,unreliable
Aa,Aa03,73,004,004,2421,2452,102,133,31,31,157,unreliable
Aa,Aa03,74,069.006,069,2453,2455,108,123,2,15,21,unreliable
Aa,Aa04,0,535s?,535,10,40,156,185,30,29,203,reliable
Aa,Aa04,1,080,080,44,61,155,185,17,30,173,reliable
Aa,Aa04,2,004,004,65,73,155,185,8,30,101,reliable
Aa,Aa04,3,600.007,600,74,121,153,185,47,32,379,reliable
Aa,Aa04,4,099a,099,126,150,154,185,24,31,212,reliable
Aa,Aa04,5,025,025,156,164,154,185,8,31,74,reliable
Aa,Aa04,6,535.020ey,535,167,175,153,184,8,31,82,reliable
Aa,Aa04,7,254a.077a,254,179,218,154,186,39,32,291,reliable
Aa,Aa04,8,256a,256,221,269,153,185,48,32,455,reliable
Aa,Aa04,9,300.400,300,271,314,154,185,43,31,355,reliable
Aa,Aa04,10,285as,285,316,366,154,186,50,32,408,reliable
Aa,Aa04,11,025,025,369,399,155,186,30,31,250,reliable
Aa,Aa04,12,280c,280,402,411,155,186,9,31,91,reliable
Aa,Aa04,13,144f:042,144,413,423,155,185,10,30,85,reliable
Aa,Aa04,14,048,048,425,451,155,185,26,30,206,reliable
Aa,Aa04,15,022df,022,455,470,155,184,15,29,128,reliable
Aa,Aa04,16,001,001,476,485,155,183,9,28,81,reliable
Aa,Aa04,17,005j,005,487,498,155,186,11,31,102,reliable
Aa,Aa04,18,575,575,502,508,154,185,6,31,78,reliable
Aa,Aa04,19,004.575,004,512,556,155,187,44,32,362,reliable
Aa,Aa04,20,579,579,557,597,156,187,40,31,339,reliable
Aa,Aa04,21,579,579,596,630,160,185,34,25,202,reliable
Aa,Aa04,22,583,583,636,669,155,186,33,31,192,reliable
Aa,Aa04,23,583,583,669,697,156,187,28,31,188,reliable
Aa,Aa04,24,074af.700.069,074,701,731,155,187,30,32,200,reliable
Aa,Aa04,25,575.074af,575,736,769,155,187,33,32,250,reliable
Aa,Aa04,26,745.009,745,768,811,155,186,43,31,314,reliable
Aa,Aa04,27,507,507,814,820,154,185,6,31,57,reliable
Aa,Aa04,28,737,737,820,879,154,185,59,31,456,reliable
Aa,Aa04,29,599,599,879,883,154,185,4,31,14,reliable
Aa,Aa04,30,430,430,884,914,156,185,30,29,217,reliable
Aa,Aa04,31,001.006xy,001,916,936,155,185,20,30,164,reliable
Aa,Aa04,32,430,430,938,955,154,187,17,33,148,reliable
Aa,Aa04,33,001,001,959,979,155,186,20,31,187,reliable
Aa,Aa04,34,745,745,981,996,155,187,15,32,122,reliable
Aa,Aa04,35,001.077a.244,001,1000,1007,155,186,7,31,105,reliable
Aa,Aa04,36,001.077a,001,1012,1038,155,186,26,31,210,reliable
Aa,Aa04,37,001,001,1042,1094,154,186,52,32,418,reliable
Aa,Aa04,38,010y.061,010,1097,1112,154,186,15,32,143,reliable
Aa,Aa04,39,001.006,001,1112,1116,155,182,4,27,37,reliable
Aa,Aa04,40,700,700,1120,1127,154,186,7,32,90,reliable
Aa,Aa04,41,001,001,1132,1151,155,186,19,31,176,reliable
Aa,Aa04,42,005j,005,1156,1181,156,186,25,30,202,reliable
Aa,Aa04,43,660,660,1182,1194,156,185,12,29,126,reliable
Aa,Aa04,44,002a.049f,002,1198,1204,156,186,6,30,80,reliable
Aa,Aa04,45,005j,005,1207,1256,157,187,49,30,398,reliable
Aa,Aa04,46,254aj,254,1264,1294,155,187,30,32,259,reliable
Aa,Aa04,47,004,004,1298,1314,156,187,16,31,144,reliable
Aa,Aa04,48,522afy,522,1317,1357,156,187,40,31,320,reliable
Aa,Aa04,49,080,080,1358,1368,155,185,10,30,106,reliable
Aa,Aa04,50,004,004,1370,1393,155,187,23,32,224,reliable
Aa,Aa04,51,660,660,1396,1415,154,185,19,31,177,reliable
Aa,Aa04,52,002a,002,1419,1428,155,187,9,32,100,reliable
Aa,Aa04,53,005j,005,1429,1464,154,187,35,33,308,reliable
Aa,Aa04,54,254a,254,1467,1478,155,187,11,32,141,reliable
Aa,Aa04,55,608,608,1484,1538,155,186,54,31,451,reliable
Aa,Aa04,56,004.660,004,1537,1579,155,186,42,31,292,reliable
Aa,Aa04,57,073Vf,073,1581,1629,154,186,48,32,393,reliable
Aa,Aa04,58,600.004,600,1630,1649,153,186,19,33,141,reliable
Aa,Aa04,59,073Va,073,1651,1689,154,186,38,32,318,reliable
Aa,Aa04,60,254aj,254,1692,1710,154,185,18,31,149,reliable
Aa,Aa04,61,004.600,004,1712,1752,154,186,40,32,332,reliable
Aa,Aa04,62,007.010.074f,007,1755,1789,155,186,34,31,321,reliable
Aa,Aa04,63,109a.009,109,1791,1836,154,187,45,33,370,reliable
Aa,Aa04,64,660,660,1841,1902,154,187,61,33,488,reliable
Aa,Aa04,65,004,004,1908,1916,157,187,8,30,95,reliable
Aa,Aa04,66,080a,080,1919,1935,155,187,16,32,159,reliable
Aa,Aa04,67,208.007,208,1938,1967,154,186,29,32,232,reliable
Aa,Aa04,68,002,002,1967,2004,154,186,37,32,217,reliable
Aa,Aa04,69,005j,005,2006,2016,154,184,10,30,107,reliable
Aa,Aa04,70,430,430,2020,2052,154,186,32,32,322,reliable
Aa,Aa04,71,002a.208,002,2057,2096,154,186,39,32,396,reliable
Aa,Aa04,72,064.074af,064,2099,2121,153,185,22,32,191,reliable
Aa,Aa04,73,600,600,2125,2149,153,185,24,32,248,reliable
Aa,Aa04,74,004,004,2154,2163,154,183,9,29,100,reliable
Aa,Aa04,75,031,031,2168,2174,154,184,6,30,80,reliable
Aa,Aa04,76,031,031,2179,2186,154,184,7,30,75,reliable
Aa,Aa04,77,064.074,064,2192,2211,153,184,19,31,170,reliable
Aa,Aa04,78,001.062.074a,001,2217,2246,153,184,29,31,319,reliable
Aa,Aa04,79,040a,040,2249,2259,153,185,10,32,115,reliable
Aa,Aa04,80,004.600,004,2263,2296,153,184,33,31,322,reliable
Aa,Aa04,81,040a,040,2298,2309,153,185,11,32,113,reliable
Aa,Aa04,82,004.600,004,2312,2346,153,183,34,30,318,reliable
Aa,Aa05,0,745,745,5,31,209,237,26,28,219,reliable
Aa,Aa05,1,745,745,35,58,208,237,23,29,225,reliable
Aa,Aa05,2,001,001,61,68,208,236,7,28,95,reliable
Aa,Aa05,3,005j,005,69,131,206,237,62,31,531,reliable
Aa,Aa05,4,306s.108,306,132,146,207,237,14,30,164,reliable
Aa,Aa05,5,079,079,150,166,206,235,16,29,163,reliable
Aa,Aa05,6,002Vc,002,167,191,204,235,24,31,221,reliable
Aa,Aa05,7,400,400,193,209,205,236,16,31,182,reliable
Aa,Aa05,8,430b,430,214,226,206,235,12,29,126,reliable
Aa,Aa05,9,002d,002,230,242,204,235,12,31,145,reliable
Aa,Aa05,10,046,046,244,254,205,234,10,29,104,reliable
Aa,Aa05,11,002d,002,258,285,205,235,27,30,232,reliable
Aa,Aa05,12,050V,050,287,316,204,235,29,31,242,reliable
Aa,Aa05,13,670a,670,319,342,204,234,23,30,215,reliable
Aa,Aa05,14,600,600,345,386,204,234,41,30,323,reliable
Aa,Aa05,15,755,755,390,429,203,234,39,31,336,reliable
Aa,Aa05,16,451,451,431,452,204,234,21,30,212,reliable
Aa,Aa05,17,360.005j,360,454,483,202,234,29,32,260,reliable
Aa,Aa05,18,004.077a,004,485,499,205,233,14,28,112,reliable
Aa,Aa05,19,305s,305,501,520,204,234,19,30,186,reliable
Aa,Aa05,20,009,009,523,559,203,234,36,31,274,reliable
Aa,Aa05,21,007,007,565,585,204,232,20,28,170,reliable
Aa,Aa05,22,208,208,586,609,202,232,23,30,161,reliable
Aa,Aa05,23,007,007,611,636,203,233,25,30,230,reliable
Aa,Aa05,24,630c,630,638,670,203,237,32,34,247,reliable
Aa,Aa05,25,745,745,672,699,204,236,27,32,241,reliable
Aa,Aa05,26,608V,608,701,703,219,223,2,4,6,reliable
Aa,Aa05,27,600,600,703,735,203,236,32,33,279,reliable
Aa,Aa05,28,366,366,736,772,202,235,36,33,324,reliable
Aa,Aa05,29,716,716,774,780,202,235,6,33,108,reliable
Aa,Aa05,30,001,001,783,797,211,235,14,24,116,reliable
Aa,Aa05,31,058,058,802,808,202,235,6,33,105,reliable
Aa,Aa05,32,001,001,811,823,210,235,12,25,123,reliable
Aa,Aa05,33,058,058,826,835,202,235,9,33,118,reliable
Aa,Aa05,34,001,001,837,849,210,234,12,24,120,reliable
Aa,Aa05,35,058,058,853,878,202,234,25,32,241,reliable
Aa,Aa05,36,044ax.010f,044,882,889,201,235,7,34,100,reliable
Aa,Aa05,37,001,001,893,958,201,235,65,34,621,reliable
Aa,Aa05,38,200.200.011,200,962,975,201,232,13,31,148,reliable
Aa,Aa05,39,002a,002,979,988,201,233,9,32,101,reliable
Aa,Aa05,40,044ax,044,993,1010,201,233,17,32,146,reliable
Aa,Aa05,41,067,067,1012,1023,200,232,11,32,132,reliable
Aa,Aa05,42,001f,001,1024,1056,200,233,32,33,219,reliable
Aa,Aa05,43,126a,126,1058,1080,200,231,22,31,213,reliable
Aa,Aa05,44,008a,008,1085,1105,200,233,20,33,247,reliable
Aa,Aa05,45,011.010,011,1109,1121,200,232,12,32,146,reliable
Aa,Aa05,46,002a,002,1126,1152,200,233,26,33,251,reliable
Aa,Aa05,47,745,745,1156,1165,201,232,9,31,95,reliable
Aa,Aa05,48,004,004,1167,1190,200,231,23,31,161,reliable
Aa,Aa05,49,144f,144,1193,1218,200,231,25,31,211,reliable
Aa,Aa05,50,741,741,1222,1268,198,231,46,33,342,reliable
Aa,Aa05,51,091,091,1269,1322,201,233,53,32,328,reliable
Aa,Aa05,52,181f,181,1328,1338,202,231,10,29,114,reliable
Aa,Aa05,53,306s.003a,306,1343,1354,201,231,11,30,101,reliable
Aa,Aa05,54,020efy,020,1357,1366,202,231,9,29,93,reliable
Aa,Aa05,55,020efy,020,1370,1417,200,230,47,30,377,reliable
Aa,Aa05,56,004,004,1419,1453,200,231,34,31,304,reliable
Aa,Aa05,57,306.010,306,1457,1465,201,230,8,29,99,reliable
Aa,Aa05,58,664,664,1469,1489,198,231,20,33,227,reliable
Aa,Aa05,59,004,004,1494,1504,200,231,10,31,112,reliable
Aa,Aa05,60,081x,081,1507,1526,199,230,19,31,212,reliable
Aa,Aa05,61,117a,117,1529,1568,198,231,39,33,320,reliable
Aa,Aa05,62,081x,081,1574,1611,200,230,37,30,298,reliable
Aa,Aa05,63,254a!,254,1615,1629,200,229,14,29,111,reliable
Aa,Aa05,64,254a,254,1630,1639,201,230,9,29,80,reliable
Aa,Aa05,65,005j,005,1641,1663,198,229,22,31,198,reliable
Aa,Aa05,66,004,004,1667,1679,198,229,12,31,106,reliable
Aa,Aa05,67,081x,081,1682,1700,198,230,18,32,182,reliable
Aa,Aa05,68,117a,117,1705,1754,200,230,49,30,318,reliable
Aa,Aa05,69,081x,081,1758,1792,199,230,34,31,254,reliable
Aa,Aa05,70,469,469,1793,1841,199,229,48,30,372,reliable
Aa,Aa05,71,200.025.240.025.254,200,1843,1916,198,230,73,32,559,reliable
Aa,Aa05,72,471,471,1922,1933,202,232,11,30,93,reliable
Aa,Aa05,73,060a,060,1935,1972,200,232,37,32,274,reliable
Aa,Aa05,74,527,527,1975,2000,200,232,25,32,237,reliable
Aa,Aa05,75,008,008,2003,2029,199,231,26,32,237,reliable
Aa,Aa05,76,600,600,2034,2119,198,232,85,34,809,reliable
Aa,Aa05,77,446s,446,2120,2176,198,230,56,32,480,reliable
Aa,Aa05,78,240.048.062,240,2179,2190,198,229,11,31,125,reliable
Aa,Aa05,79,049f.477,049,2193,2214,198,229,21,31,140,reliable
Aa,Aa05,80,048,048,2217,2279,198,229,62,31,539,reliable
Aa,Aa05,81,091,091,2281,2290,198,228,9,30,109,reliable
Aa,Aa05,82,091.009j.325a,091,2292,2303,198,229,11,31,76,reliable
Aa,Aa05,83,001a,001,2303,2311,198,229,8,31,53,reliable
Aa,Aa05,84,430a.004,430,2315,2324,198,228,9,30,107,reliable
Aa,Aa06,0,630!.004x!,630,6,38,258,289,32,31,225,reliable
Aa,Aa06,1,220j.005j,220,42,74,258,289,32,31,237,reliable
Aa,Aa06,2,630b.004t,630,75,86,258,289,11,31,84,reliable
Aa,Aa06,3,053a,053,88,122,257,289,34,32,283,reliable
Aa,Aa06,4,420y,420,126,137,258,289,11,31,150,reliable
Aa,Aa06,5,420,420,141,158,256,289,17,33,155,reliable
Aa,Aa06,6,053a,053,163,179,257,289,16,32,143,reliable
Aa,Aa06,7,770b,770,183,194,258,288,11,30,141,reliable
Aa,Aa06,8,001.069,001,198,233,256,289,35,33,344,reliable
Aa,Aa06,9,306,306,236,255,257,289,19,32,236,reliable
Aa,Aa06,10,568,568,257,310,255,289,53,34,409,reliable
Aa,Aa06,11,306.074f,306,312,355,256,288,43,32,318,reliable
Aa,Aa06,12,330.700,330,356,390,256,288,34,32,297,reliable
Aa,Aa06,13,321,321,393,426,256,289,33,33,270,reliable
Aa,Aa06,14,117af!,117,429,437,257,289,8,32,65,reliable
Aa,Aa06,15,017a,017,438,447,257,289,9,32,70,reliable
Aa,Aa06,16,074x.050.010,074,449,491,257,289,42,32,356,reliable
Aa,Aa06,17,631a,631,495,516,256,289,21,33,172,reliable
Aa,Aa06,18,670b,670,517,541,256,289,24,33,184,reliable
Aa,Aa06,19,207o,207,542,576,257,288,34,31,210,reliable
Aa,Aa06,20,375a,375,579,601,256,288,22,32,135,reliable
Aa,Aa06,21,007,007,605,622,256,289,17,33,130,reliable
Aa,Aa06,22,045,045,625,633,255,288,8,33,100,reliable
Aa,Aa06,23,001,001,638,644,256,287,6,31,92,reliable
Aa,Aa06,24,016,016,647,654,256,287,7,31,69,reliable
Aa,Aa06,25,209b,209,656,684,255,287,28,32,231,reliable
Aa,Aa06,26,568a,568,689,708,256,288,19,32,178,reliable
Aa,Aa06,27,085,085,711,723,255,287,12,32,136,reliable
Aa,Aa06,28,476,476,729,762,255,287,33,32,294,reliable
Aa,Aa06,29,050t,050,767,808,255,288,41,33,320,reliable
Aa,Aa06,30,748,748,809,824,255,286,15,31,161,reliable
Aa,Aa06,31,593aj,593,826,854,254,287,28,33,267,reliable
Aa,Aa06,32,379.004,379,857,890,254,287,33,33,309,reliable
Aa,Aa06,33,430.430y,430,893,904,255,285,11,30,133,reliable
Aa,Aa06,34,002a,002,905,942,254,286,37,32,348,reliable
Aa,Aa06,35,200.002a,200,947,966,255,285,19,30,146,reliable
Aa,Aa06,36,097a,097,968,983,254,286,15,32,123,reliable
Aa,Aa06,37,069a,069,986,1002,254,285,16,31,140,reliable
Aa,Aa06,38,097,097,1006,1016,255,286,10,31,96,reliable
Aa,Aa06,39,069,069,1018,1034,256,286,16,30,133,reliable
Aa,Aa06,40,097,097,1036,1065,255,285,29,30,220,reliable
Aa,Aa06,41,387o,387,1069,1090,255,285,21,30,170,reliable
Aa,Aa06,42,387ao,387,1093,1102,255,286,9,31,84,reliable
Aa,Aa06,43,004,004,1104,1161,254,286,57,32,406,reliable
Aa,Aa06,44,326,326,1165,1175,255,285,10,30,57,reliable
Aa,Aa06,45,232a,232,1176,1242,254,285,66,31,455,reliable
Aa,Aa06,46,226,226,1243,1274,254,285,31,31,284,reliable
Aa,Aa06,47,200.600,200,1278,1311,253,286,33,33,292,reliable
Aa,Aa06,48,300.004.064a,300,1313,1330,253,285,17,32,140,reliable
Aa,Aa06,49,303,303,1336,1398,252,286,62,34,505,reliable
Aa,Aa06,50,109t,109,1399,1414,252,285,15,33,121,reliable
Aa,Aa06,51,420y,420,1415,1451,251,284,36,33,304,reliable
Aa,Aa06,52,386V,386,1455,1501,251,285,46,34,426,reliable
Aa,Aa06,53,246j,246,1503,1511,253,283,8,30,53,reliable
Aa,Aa06,54,088f,088,1514,1524,252,285,10,33,92,reliable
Aa,Aa06,55,300.432y,300,1526,1558,252,284,32,32,252,reliable
Aa,Aa06,56,044b.340.044b,044,1560,1603,252,285,43,33,444,reliable
Aa,Aa06,57,021a,021,1607,1627,252,284,20,32,177,reliable
Aa,Aa06,58,004a,004,1628,1655,252,283,27,31,218,reliable
Aa,Aa06,59,323,323,1658,1707,252,284,49,32,373,reliable
Aa,Aa06,60,410.011,410,1712,1723,253,284,11,31,109,reliable
Aa,Aa06,61,004a.064a,004,1728,1757,252,284,29,32,217,reliable
Aa,Aa06,62,600,600,1759,1777,252,285,18,33,163,reliable
Aa,Aa06,63,200.670,200,1781,1800,252,283,19,31,107,reliable
Aa,Aa06,64,067a,067,1801,1804,272,276,3,4,7,reliable
Aa,Aa06,65,386V,386,1808,1825,253,284,17,31,136,reliable
Aa,Aa06,66,029,029,1829,1832,265,270,3,5,8,reliable
Aa,Aa06,67,631b,631,1833,1844,253,279,11,26,53,reliable
Aa,Aa06,68,070a,070,1846,1869,251,283,23,32,173,reliable
Aa,Aa06,69,494a,494,1872,1886,252,282,14,30,112,reliable
Aa,Aa06,70,739,739,1888,1898,259,284,10,25,66,reliable
Aa,Aa06,71,002a,002,1901,1920,251,283,19,32,191,reliable
Aa,Aa06,72,522f,522,1921,1937,252,285,16,33,125,reliable
Aa,Aa06,73,720,720,1942,1951,252,284,9,32,89,reliable
Aa,Aa06,74,450?,450,1957,1964,253,284,7,31,92,reliable
Aa,Aa06,75,053y,053,1965,1973,253,283,8,30,60,reliable
Aa,Aa06,76,700d,700,1974,1986,252,284,12,32,148,reliable
Aa,Aa06,77,053y,053,1989,2005,253,284,16,31,147,reliable
Aa,Aa06,78,070a,070,2006,2024,251,284,18,33,209,reliable
Aa,Aa06,79,070a,070,2028,2047,251,284,19,33,265,reliable
Aa,Aa06,80,311,311,2052,2081,251,284,29,33,282,reliable
Aa,Aa06,81,011.077,011,2086,2106,251,284,20,33,244,reliable
Aa,Aa06,82,700bx,700,2109,2123,251,283,14,32,151,reliable
Aa,Aa06,83,524afs,524,2127,2160,251,282,33,31,294,reliable
Aa,Aa06,84,041a,041,2161,2173,251,283,12,32,114,reliable
Aa,Aa06,85,002Vc,002,2179,2192,251,282,13,31,129,reliable
Aa,Aa06,86,022.200.091j,022,2197,2244,251,282,47,31,416,reliable
Aa,Aa06,87,386V,386,2248,2268,251,282,20,31,169,reliable
Aa,Aa07,0,048,048,11,22,309,336,11,27,40,reliable
Aa,Aa07,1,022bf.025,022,26,36,306,337,10,31,95,reliable
Aa,Aa07,2,025a.009:005j,025,40,59,304,337,19,33,199,reliable
Aa,Aa07,3,202,202,61,70,304,337,9,33,106,reliable
Aa,Aa07,4,431bf,431,74,99,304,337,25,33,274,reliable
Aa,Aa07,5,020cfy,020,102,158,304,337,56,33,506,reliable
Aa,Aa07,6,300.022f,300,165,177,305,337,12,32,168,reliable
Aa,Aa07,7,002a,002,181,212,305,337,31,32,302,reliable
Aa,Aa07,8,002a,002,220,230,305,336,10,31,119,reliable
Aa,Aa07,9,305f.020ey,305,233,244,306,336,11,30,92,reliable
Aa,Aa07,10,605.007,605,247,275,304,337,28,33,229,reliable
Aa,Aa07,11,522Vfy,522,278,325,303,336,47,33,347,reliable
Aa,Aa07,12,025a.009:005j,025,330,351,303,337,21,34,182,reliable
Aa,Aa07,13,254.711,254,353,381,304,337,28,33,256,reliable
Aa,Aa07,14,002a,002,383,434,304,336,51,32,435,reliable
Aa,Aa07,15,002a,002,436,447,304,334,11,30,137,reliable
Aa,Aa07,16,080,080,451,462,303,335,11,32,144,reliable
Aa,Aa07,17,004a,004,465,486,302,335,21,33,193,reliable
Aa,Aa07,18,025a.009j:005j,025,488,499,304,335,11,31,95,reliable
Aa,Aa07,19,256.003a,256,503,530,303,335,27,32,243,reliable
Aa,Aa07,20,386.710,386,534,580,303,335,46,32,338,reliable
Aa,Aa07,21,002a,002,581,587,304,334,6,30,70,reliable
Aa,Aa07,22,020by,020,594,631,305,336,37,31,320,reliable
Aa,Aa07,23,080,080,635,646,307,337,11,30,153,reliable
Aa,Aa07,24,004a,004,651,657,306,337,6,31,86,reliable
Aa,Aa07,25,300.020ey,300,660,684,305,337,24,32,204,reliable
Aa,Aa07,26,109t,109,687,696,306,337,9,31,92,reliable
Aa,Aa07,27,025a.009:005j,025,700,732,305,337,32,32,316,reliable
Aa,Aa07,28,735V:005j,735,737,766,306,337,29,31,287,reliable
Aa,Aa07,29,021t,021,769,794,306,337,25,31,241,reliable
Aa,Aa07,30,256b,256,798,841,306,337,43,31,368,reliable
Aa,Aa07,31,097ax,097,842,859,306,337,17,31,179,reliable
Aa,Aa07,32,386.711,386,864,903,306,337,39,31,327,reliable
Aa,Aa07,33,002a,002,907,917,306,337,10,31,119,reliable
Aa,Aa07,34,002a,002,922,932,306,337,10,31,117,reliable
Aa,Aa07,35,080,080,935,958,304,337,23,33,210,reliable
Aa,Aa07,36,004,004,961,970,306,336,9,30,95,reliable
Aa,Aa07,37,280,280,971,995,305,337,24,32,242,reliable
Aa,Aa07,38,182,182,1000,1024,303,337,24,34,271,reliable
Aa,Aa07,39,048,048,1029,1039,305,336,10,31,99,reliable
Aa,Aa07,40,022bf,022,1044,1053,306,337,9,31,104,reliable
Aa,Aa07,41,025,025,1057,1074,305,336,17,31,206,reliable
Aa,Aa07,42,025ay.009:005,025,1078,1107,304,337,29,33,310,reliable
Aa,Aa07,43,009:005i.074hy,009,1111,1181,303,337,70,34,627,reliable
Aa,Aa07,44,256b.711,256,1182,1192,308,336,10,28,82,reliable
Aa,Aa07,45,002a,002,1196,1206,305,335,10,30,131,reliable
Aa,Aa07,46,002a,002,1210,1220,305,335,10,30,148,reliable
Aa,Aa07,47,080,080,1224,1244,305,336,20,31,225,reliable
Aa,Aa07,48,004a,004,1246,1255,306,336,9,30,99,reliable
Aa,Aa07,49,305fs.020ey,305,1257,1288,306,337,31,31,348,reliable
Aa,Aa07,50,298o,298,1293,1381,303,337,88,34,823,reliable
Aa,Aa07,51,290.025,290,1385,1393,304,336,8,32,127,reliable
Aa,Aa07,52,022bf,022,1398,1483,303,337,85,34,939,reliable
Aa,Aa07,53,025a.009:005j,025,1485,1498,302,336,13,34,130,reliable
Aa,Aa07,54,254c.060a.711,254,1504,1510,303,335,6,32,107,reliable
Aa,Aa07,55,020b,020,1512,1518,303,335,6,32,106,reliable
Aa,Aa07,56,020by,020,1522,1540,303,336,18,33,240,reliable
Aa,Aa07,57,080,080,1544,1553,303,335,9,32,102,reliable
Aa,Aa07,58,004,004,1556,1586,303,335,30,32,273,reliable
Aa,Aa07,59,280,280,1588,1611,302,335,23,33,265,reliable
Aa,Aa07,60,182,182,1615,1624,302,334,9,32,106,reliable
Aa,Aa07,61,048,048,1629,1639,302,335,10,33,128,reliable
Aa,Aa07,62,022cfy,022,1644,1660,302,335,16,33,218,reliable
Aa,Aa07,63,025,025,1665,1692,301,335,27,34,314,reliable
Aa,Aa07,64,025a.009:005,025,1693,1738,301,335,45,34,463,reliable
Aa,Aa07,65,256b,256,1741,1756,301,334,15,33,175,reliable
Aa,Aa07,66,049f,049,1762,1769,301,334,7,33,112,reliable
Aa,Aa07,67,020b,020,1771,1777,301,333,6,32,107,reliable
Aa,Aa07,68,020by,020,1780,1800,301,334,20,33,254,reliable
Aa,Aa07,69,080,080,1804,1813,301,333,9,32,116,reliable
Aa,Aa07,70,004,004,1815,1858,301,334,43,33,466,reliable
Aa,Aa07,71,280.025,280,1864,1890,301,335,26,34,323,reliable
Aa,Aa07,72,025a.009:005j,025,1892,1922,301,335,30,34,353,reliable
Aa,Aa07,73,302s,302,1924,1934,302,335,10,33,134,reliable
Aa,Aa07,74,004a,004,1938,1945,303,334,7,31,108,reliable
Aa,Aa07,75,001,001,1950,1957,303,334,7,31,93,reliable
Aa,Aa07,76,020b,020,1958,1965,303,333,7,30,96,reliable
Aa,Aa07,77,020by,020,1971,1989,301,333,18,32,183,reliable
Aa,Aa07,78,006.001f.006,006,1990,2011,302,333,21,31,195,reliable
Aa,Aa07,79,001bf.006,001,2016,2020,302,334,4,32,79,reliable
Aa,Aa07,80,004t,004,2022,2043,301,334,21,33,250,reliable
Aa,Aa07,81,001,001,2049,2056,301,334,7,33,106,reliable
Aa,Aa07,82,002a.062a,002,2059,2080,301,333,21,32,278,reliable
Aa,Aa07,83,003a,003,2084,2089,305,330,5,25,80,reliable
Aa,Aa07,84,005,005,2091,2113,301,333,22,32,218,reliable
Aa,Aa07,85,065.210.065,065,2117,2167,301,333,50,32,508,reliable
Aa,Aa07,86,004,004,2170,2179,301,332,9,31,109,reliable
Aa,Aa07,87,001,001,2183,2189,301,332,6,31,103,reliable
Aa,Aa07,88,002a,002,2192,2204,301,333,12,32,143,reliable
Aa,Aa07,89,003a,003,2209,2214,305,331,5,26,68,reliable
Aa,Aa07,90,144f,144,2219,2238,301,333,19,32,164,reliable
Aa,Aa07,91,139V,139,2245,2274,301,334,29,33,305,reliable
Aa,Aa08,0,599,599,5,25,360,389,20,29,164,reliable
Aa,Aa08,1,025a.009j:005jt,025,28,56,359,389,28,30,239,reliable
Aa,Aa08,2,117b,117,59,71,359,389,12,30,111,reliable
Aa,Aa08,3,070,070,74,93,358,389,19,31,231,reliable
Aa,Aa08,4,205a,205,95,125,359,389,30,30,292,reliable
Aa,Aa08,5,600,600,127,155,358,389,28,31,255,reliable
Aa,Aa08,6,025ay.009:005t,025,159,186,358,389,27,31,290,reliable
Aa,Aa08,7,386,386,190,218,358,388,28,30,282,reliable
Aa,Aa08,8,011,011,223,229,358,389,6,31,122,reliable
Aa,Aa08,9,025a.009:005jt,025,233,258,358,388,25,30,269,reliable
Aa,Aa08,10,053a,053,260,272,359,387,12,28,134,reliable
Aa,Aa08,11,730,730,275,297,359,388,22,29,174,reliable
Aa,Aa08,12,007,007,299,318,357,388,19,31,194,reliable
Aa,Aa08,13,056a,056,321,336,358,387,15,29,150,reliable
Aa,Aa08,14,025a.009:005t,025,342,366,357,387,24,30,265,reliable
Aa,Aa08,15,010y.710,010,369,388,357,387,19,30,206,reliable
Aa,Aa08,16,053a,053,393,398,357,387,5,30,50,reliable
Aa,Aa08,17,255j,255,398,402,356,386,4,30,55,reliable
Aa,Aa08,18,211ai,211,402,406,357,386,4,29,54,reliable
Aa,Aa08,19,215j.005j,215,408,444,356,387,36,31,341,reliable
Aa,Aa08,20,242.001c,242,447,476,356,386,29,30,255,reliable
Aa,Aa08,21,046a,046,480,549,354,386,69,32,626,reliable
Aa,Aa08,22,004,004,550,553,357,385,3,28,40,reliable
Aa,Aa08,23,094c.711,094,556,566,355,386,10,31,99,reliable
Aa,Aa08,24,286a,286,569,577,355,386,8,31,100,reliable
Aa,Aa08,25,021t,021,579,611,355,385,32,30,281,reliable
Aa,Aa08,26,079,079,613,649,355,386,36,31,365,reliable
Aa,Aa08,27,087a,087,653,667,355,389,14,34,143,reliable
Aa,Aa08,28,022bfy,022,670,685,355,388,15,33,108,reliable
Aa,Aa08,29,022bf,022,689,698,356,388,9,32,115,reliable
Aa,Aa08,30,006V.008h,006,703,711,355,388,8,33,99,reliable
Aa,Aa08,31,077ay.049f,077,718,747,354,386,29,32,258,reliable
Aa,Aa08,32,001a,001,752,777,352,388,25,36,271,reliable
Aa,Aa08,33,057a,057,778,789,355,389,11,34,125,reliable
Aa,Aa08,34,025a.009:005t,025,792,812,353,388,20,35,202,reliable
Aa,Aa08,35,010.007.734b,010,816,845,354,388,29,34,331,reliable
Aa,Aa08,36,011t,011,848,909,352,388,61,36,619,reliable
Aa,Aa08,37,431,431,912,935,353,387,23,34,182,reliable
Aa,Aa08,38,748a,748,935,973,353,386,38,33,316,reliable
Aa,Aa08,39,025a.009:005t,025,976,1001,352,386,25,34,286,reliable
Aa,Aa08,40,522y,522,1005,1069,352,385,64,33,624,reliable
Aa,Aa08,41,253,253,1072,1082,352,385,10,33,121,reliable
Aa,Aa08,42,025at,025,1088,1104,351,384,16,33,174,reliable
Aa,Aa08,43,022f,022,1108,1167,351,384,59,33,529,reliable
Aa,Aa08,44,029,029,1171,1190,352,383,19,31,191,reliable
Aa,Aa08,45,090k.061,090,1195,1209,351,384,14,33,131,reliable
Aa,Aa08,46,253,253,1213,1222,351,382,9,31,122,reliable
Aa,Aa08,47,050.010,050,1224,1256,350,383,32,33,294,reliable
Aa,Aa08,48,078ay,078,1260,1270,351,383,10,32,141,reliable
Aa,Aa08,49,002a,002,1276,1304,352,385,28,33,249,reliable
Aa,Aa08,50,254c,254,1310,1327,353,384,17,31,164,reliable
Aa,Aa08,51,002a,002,1330,1359,353,384,29,31,324,reliable
Aa,Aa08,52,254di,254,1364,1374,353,384,10,31,131,reliable
Aa,Aa08,53,005j,005,1379,1442,352,384,63,32,613,reliable
Aa,Aa08,54,380.050,380,1447,1473,352,383,26,31,259,reliable
Aa,Aa08,55,002a,002,1475,1484,353,383,9,30,87,reliable
Aa,Aa08,56,625.005j.010.003a,625,1487,1508,358,383,21,25,151,reliable
Aa,Aa08,57,025a.009:005t,025,1510,1531,351,382,21,31,162,reliable
Aa,Aa08,58,004,004,1533,1553,359,382,20,23,157,reliable
Aa,Aa08,59,774,774,1555,1569,351,382,14,31,149,reliable
Aa,Aa08,60,093f,093,1572,1599,350,381,27,31,246,reliable
Aa,Aa08,61,774,774,1600,1611,350,382,11,32,95,reliable
Aa,Aa08,62,020f,020,1611,1631,357,381,20,24,153,reliable
Aa,Aa08,63,774b,774,1631,1653,348,382,22,34,186,reliable
Aa,Aa08,64,004a,004,1657,1667,350,381,10,31,117,reliable
Aa,Aa08,65,280d,280,1671,1694,349,380,23,31,239,reliable
Aa,Aa08,66,093f,093,1695,1707,349,381,12,32,142,reliable
Aa,Aa08,67,050,050,1709,1734,348,379,25,31,234,reliable
Aa,Aa08,68,280a,280,1737,1777,347,379,40,32,324,reliable
Aa,Aa08,69,606.711,606,1782,1806,347,379,24,32,236,reliable
Aa,Aa08,70,025a.009:005,025,1809,1818,347,379,9,32,81,reliable
Aa,Aa08,71,044,044,1819,1830,348,379,11,31,111,reliable
Aa,Aa08,72,002a,002,1834,1841,347,380,7,33,102,reliable
Aa,Aa08,73,001,001,1847,1860,347,379,13,32,92,reliable
Aa,Aa08,74,090j,090,1860,1883,348,379,23,31,203,reliable
Aa,Aa08,75,665,665,1883,1904,348,377,21,29,134,reliable
Aa,Aa08,76,095b,095,1906,1924,348,380,18,32,156,reliable
Aa,Aa08,77,093j,093,1925,1971,347,380,46,33,438,reliable
Aa,Aa08,78,240.024,240,1975,1985,348,379,10,31,121,reliable
Aa,Aa08,79,002a,002,1988,2010,347,378,22,31,206,reliable
Aa,Aa08,80,631,631,2013,2038,347,379,25,32,250,reliable
Aa,Aa08,81,600,600,2044,2058,347,379,14,32,167,reliable
Aa,Aa08,82,593c,593,2062,2072,347,379,10,32,116,reliable
Aa,Aa08,83,060a.002a,060,2074,2083,347,378,9,31,126,reliable
Aa,Aa08,84,044b,044,2089,2104,347,380,15,33,132,reliable
Aa,Aa08,85,020,020,2106,2117,347,379,11,32,142,reliable
Aa,Aa08,86,746,746,2121,2149,347,378,28,31,212,reliable
Aa,Aa08,87,001,001,2152,2158,347,379,6,32,113,reliable
Ab,Ab01,0,079,079,4,19,11,42,15,31,113,reliable
Ab,Ab01,1,005:042,005,22,45,10,41,23,31,177,reliable
Ab,Ab01,2,005j,005,50,153,10,41,103,31,722,reliable
Ab,Ab01,3,305.020ehy,305,154,179,9,40,25,31,206,reliable
Ab,Ab01,4,600.007,600,181,200,9,39,19,30,195,reliable
Ab,Ab01,5,290,290,206,216,9,39,10,30,131,reliable
Ab,Ab01,6,025b,025,221,239,8,40,18,32,175,reliable
Ab,Ab01,7,002a,002,242,251,8,39,9,31,94,reliable
Ab,Ab01,8,080bx,080,255,282,8,39,27,31,240,reliable
Ab,Ab01,9,004,004,286,315,8,40,29,32,196,reliable
Ab,Ab01,10,001.009:005j,001,319,338,9,40,19,31,139,reliable
Ab,Ab01,11,300.074fhx,300,341,370,10,40,29,30,205,reliable
Ab,Ab01,12,007,007,372,392,8,41,20,33,157,reliable
Ab,Ab01,13,280,280,396,401,10,39,5,29,43,reliable
Ab,Ab01,14,059af.042,059,402,406,9,39,4,30,41,reliable
Ab,Ab01,15,048,048,410,419,9,40,9,31,103,reliable
Ab,Ab01,16,022bfy,022,425,443,9,39,18,30,172,reliable
Ab,Ab01,17,025b,025,447,454,8,39,7,31,103,reliable
Ab,Ab01,18,001,001,458,541,8,40,83,32,609,reliable
Ab,Ab01,19,009a,009,545,561,10,39,16,29,125,reliable
Ab,Ab01,20,360b.009h,360,563,569,20,38,6,18,30,reliable
Ab,Ab01,21,672,672,573,613,10,40,40,30,301,reliable
Ab,Ab01,22,005j.037x,005,618,633,10,40,15,30,125,reliable
Ab,Ab01,23,005j.325,005,636,643,23,42,7,19,27,reliable
Ab,Ab01,24,005.037x,005,650,656,11,41,6,30,76,reliable
Ab,Ab01,25,001,001,661,677,11,41,16,30,133,reliable
Ab,Ab01,26,009a:607,009,678,716,11,41,38,30,229,reliable
Ab,Ab01,27,001.006,001,718,740,11,41,22,30,189,reliable
Ab,Ab01,28,001.078,001,743,764,9,41,21,32,187,reliable
Ab,Ab01,29,019.670,019,768,808,9,40,40,31,377,reliable
Ab,Ab01,30,005j,005,810,826,10,39,16,29,140,reliable
Ab,Ab01,31,746,746,829,861,9,40,32,31,239,reliable
Ab,Ab01,32,001,001,865,871,9,39,6,30,74,reliable
Ab,Ab01,33,009a:004.240.004y,009,876,893,9,39,17,30,146,reliable
Ab,Ab01,34,700a,700,898,941,9,39,43,30,368,reliable
Ab,Ab01,35,670c,670,946,958,9,39,12,30,131,reliable
Ab,Ab01,36,001,001,962,990,10,41,28,31,212,reliable
Ab,Ab01,37,009a,009,994,999,10,39,5,29,66,reliable
Ab,Ab01,38,607.071tx,607,1003,1019,9,39,16,30,128,reliable
Ab,Ab01,39,607,607,1020,1060,9,39,40,30,315,reliable
Ab,Ab01,40,306.711,306,1062,1092,8,39,30,31,239,reliable
Ab,Ab01,41,280,280,1095,1137,9,40,42,31,305,reliable
Ab,Ab01,42,755,755,1138,1158,10,40,20,30,186,reliable
Ab,Ab01,43,741,741,1162,1184,10,40,22,30,156,reliable
Ab,Ab01,44,741,741,1188,1213,11,40,25,29,207,reliable
Ab,Ab01,45,091,091,1219,1243,11,40,24,29,215,reliable
Ab,Ab01,46,600,600,1245,1263,11,41,18,30,134,reliable
Ab,Ab01,47,001.009:005,001,1266,1291,11,42,25,31,212,reliable
Ab,Ab01,48,607,607,1296,1321,11,42,25,31,275,reliable
Ab,Ab01,49,005j,005,1323,1359,11,42,36,31,253,reliable
Ab,Ab01,50,305f.020ehy,305,1363,1411,10,42,48,32,413,reliable
Ab,Ab01,51,615.711,615,1413,1459,9,42,46,33,370,reliable
Ab,Ab01,52,280,280,1463,1488,9,40,25,31,222,reliable
Ab,Ab01,53,755a,755,1494,1513,9,41,19,32,200,reliable
Ab,Ab01,54,742,742,1520,1544,9,41,24,32,250,reliable
Ab,Ab01,55,741,741,1550,1576,9,41,26,32,217,reliable
Ab,Ab01,56,091,091,1579,1601,10,41,22,31,130,reliable
Ab,Ab01,57,600,600,1602,1628,9,41,26,32,240,reliable
Ab,Ab01,58,001,001,1633,1638,8,40,5,32,93,reliable
Ab,Ab01,59,009a,009,1642,1659,9,41,17,32,180,reliable
Ab,Ab01,60,660,660,1662,1735,8,41,73,33,695,reliable
Ab,Ab01,61,660,660,1738,1771,9,41,33,32,275,reliable
Ab,Ab01,62,305.020efhy,305,1773,1822,10,42,49,32,421,reliable
Ab,Ab01,63,600.007,600,1824,1848,10,42,24,32,195,reliable
Ab,Ab01,64,290,290,1853,1871,10,41,18,31,192,reliable
Ab,Ab01,65,025b,025,1873,1909,8,42,36,34,335,reliable
Ab,Ab01,66,306.711,306,1912,1938,11,41,26,30,169,reliable
Ab,Ab01,67,290,290,1942,1962,12,42,20,30,168,reliable
Ab,Ab01,68,755,755,1968,1982,9,33,14,24,92,reliable
Ab,Ab01,69,420!,420,1986,2010,9,40,24,31,234,reliable
Ab,Ab01,70,741,741,2013,2057,9,40,44,31,404,reliable
Ab,Ab01,71,091,091,2060,2066,9,40,6,31,102,reliable
Ab,Ab01,72,600,600,2071,2086,8,39,15,31,172,reliable
Ab,Ab01,73,001,001,2088,2121,9,39,33,30,270,reliable
Ab,Ab01,74,009a,009,2123,2162,8,39,39,31,310,reliable
Ab,Ab01,75,607,607,2165,2175,9,34,10,25,47,reliable
Ab,Ab01,76,306,306,2178,2186,13,24,8,11,21,reliable
Ab,Ab01,77,711,711,2190,2202,11,37,12,26,65,reliable
Ab,Ab02,0,001!,001,7,9,77,91,2,14,19,reliable
Ab,Ab02,1,009a,009,10,13,74,91,3,17,19,reliable
Ab,Ab02,2,170,170,18,36,62,91,18,29,148,reliable
Ab,Ab02,3,500,500,42,70,61,91,28,30,248,reliable
Ab,Ab02,4,305f.020ehy,305,73,98,62,91,25,29,182,reliable
Ab,Ab02,5,080,080,100,131,61,91,31,30,278,reliable
Ab,Ab02,6,004,004,137,155,61,90,18,29,214,reliable
Ab,Ab02,7,001.009:005t,001,158,167,61,91,9,30,99,reliable
Ab,Ab02,8,300.088,300,171,194,60,91,23,31,255,reliable
Ab,Ab02,9,144f,144,198,233,60,90,35,30,316,reliable
Ab,Ab02,10,040a,040,235,255,61,90,20,29,154,reliable
Ab,Ab02,11,165xy,165,260,269,61,90,9,29,105,reliable
Ab,Ab02,12,046,046,274,296,60,91,22,31,194,reliable
Ab,Ab02,13,059f,059,300,310,60,90,10,30,125,reliable
Ab,Ab02,14,165xy,165,314,333,61,89,19,28,171,reliable
Ab,Ab02,15,208.700x,208,338,361,60,90,23,30,225,reliable
Ab,Ab02,16,057a.008h,057,365,410,58,89,45,31,396,reliable
Ab,Ab02,17,001,001,413,447,59,89,34,30,324,reliable
Ab,Ab02,18,009a,009,449,455,59,90,6,31,93,reliable
Ab,Ab02,19,060a.003a,060,458,475,59,89,17,30,166,reliable
Ab,Ab02,20,040a.003a,040,480,499,59,90,19,31,190,reliable
Ab,Ab02,21,600,600,503,513,60,89,10,29,99,reliable
Ab,Ab02,22,060a.003a,060,513,521,60,88,8,28,64,reliable
Ab,Ab02,23,600,600,524,547,60,89,23,29,212,reliable
Ab,Ab02,24,060a,060,550,567,60,90,17,30,146,reliable
Ab,Ab02,25,003a,003,572,598,59,89,26,30,225,reliable
Ab,Ab02,26,600f,600,601,619,59,89,18,30,161,reliable
Ab,Ab02,27,666,666,621,648,59,89,27,30,246,reliable
Ab,Ab02,28,600af,600,654,677,59,91,23,32,202,reliable
Ab,Ab02,29,060a.003a,060,681,706,58,91,25,33,276,reliable
Ab,Ab02,30,600,600,711,729,59,91,18,32,177,reliable
Ab,Ab02,31,004,004,733,760,58,91,27,33,268,reliable
Ab,Ab02,32,700a,700,764,775,59,91,11,32,104,reliable
Ab,Ab02,33,670,670,779,790,58,91,11,33,153,reliable
Ab,Ab02,34,004.064a,004,794,821,58,91,27,33,238,reliable
Ab,Ab02,35,001,001,824,842,58,91,18,33,228,reliable
Ab,Ab02,36,014,014,845,852,58,91,7,33,84,reliable
Ab,Ab02,37,651,651,853,875,58,90,22,32,189,reliable
Ab,Ab02,38,011,011,878,926,58,90,48,32,356,reliable
Ab,Ab02,39,741,741,930,936,57,90,6,33,129,reliable
Ab,Ab02,40,001.009:005t,001,940,964,58,90,24,32,228,reliable
Ab,Ab02,41,306.003a,306,969,996,57,90,27,33,267,reliable
Ab,Ab02,42,028.095x,028,1000,1041,57,90,41,33,327,reliable
Ab,Ab02,43,300.074fy,300,1045,1114,57,91,69,34,653,reliable
Ab,Ab02,44,021,021,1119,1137,57,90,18,33,205,reliable
Ab,Ab02,45,001.010,001,1139,1189,57,90,50,33,438,reliable
Ab,Ab02,46,022bfy.243,022,1190,1205,74,89,15,15,78,reliable
Ab,Ab02,47,005jt,005,1208,1256,57,89,48,32,409,reliable
Ab,Ab02,48,022bfy.243,022,1260,1267,57,90,7,33,96,reliable
Ab,Ab02,49,001,001,1269,1283,57,89,14,32,122,reliable
Ab,Ab02,50,006b,006,1287,1306,59,91,19,32,183,reliable
Ab,Ab02,51,061x.001,061,1310,1338,59,91,28,32,203,reliable
Ab,Ab02,52,732,732,1339,1348,60,91,9,31,90,reliable
Ab,Ab02,53,004,004,1352,1367,60,90,15,30,139,reliable
Ab,Ab02,54,005j,005,1369,1378,59,90,9,31,103,reliable
Ab,Ab02,55,022bfy,022,1384,1395,59,90,11,31,108,reliable
Ab,Ab02,56,066,066,1398,1421,59,90,23,31,243,reliable
Ab,Ab02,57,741,741,1425,1435,59,89,10,30,112,reliable
Ab,Ab02,58,022bfy,022,1440,1454,58,89,14,31,121,reliable
Ab,Ab02,59,450,450,1457,1474,59,89,17,30,172,reliable
Ab,Ab02,60,070,070,1480,1486,58,89,6,31,83,reliable
Ab,Ab02,61,001,001,1488,1527,58,90,39,32,318,reliable
Ab,Ab02,62,506.109b,506,1530,1548,58,89,18,31,174,reliable
Ab,Ab02,63,007,007,1551,1590,57,89,39,32,339,reliable
Ab,Ab02,64,566s,566,1590,1617,58,89,27,31,204,reliable
Ab,Ab02,65,734.074hx,734,1618,1671,57,88,53,31,435,reliable
Ab,Ab02,66,400.400s.009kh,400,1672,1702,58,88,30,30,290,reliable
Ab,Ab02,67,605s,605,1705,1713,57,88,8,31,110,reliable
Ab,Ab02,68,045,045,1716,1726,57,88,10,31,139,reliable
Ab,Ab02,69,700,700,1729,1737,58,87,8,29,93,reliable
Ab,Ab02,70,004,004,1739,1771,57,88,32,31,236,reliable
Ab,Ab02,71,605,605,1776,1786,58,87,10,29,120,reliable
Ab,Ab02,72,002a,002,1791,1822,58,88,31,30,267,reliable
Ab,Ab02,73,660,660,1825,1846,57,87,21,30,190,reliable
Ab,Ab02,74,600,600,1850,1885,57,87,35,30,296,reliable
Ab,Ab02,75,603.022bfty,603,1888,1921,57,88,33,31,287,reliable
Ab,Ab02,76,306,306,1924,1976,59,90,52,31,392,reliable
Ab,Ab02,77,600.007,600,1980,2049,59,90,69,31,567,reliable
Ab,Ab02,78,626,626,2053,2072,58,90,19,32,197,reliable
Ab,Ab02,79,325.074x,325,2075,2094,58,90,19,32,218,reliable
Ab,Ab02,80,001.074x,001,2098,2103,58,89,5,31,52,reliable
Ab,Ab02,81,001.074x,001,2103,2106,58,89,3,31,53,reliable
Ab,Ab02,82,053ay.074x,053,2107,2121,58,89,14,31,167,reliable
Ab,Ab02,83,280c,280,2124,2146,58,89,22,31,233,reliable
Ab,Ab02,84,007.095j,007,2148,2186,57,89,38,32,324,reliable
Ab,Ab02,85,001.009:005t,001,2187,2214,57,89,27,32,299,reliable
Ab,Ab02,86,216j,216,2217,2256,57,89,39,32,382,reliable
Ab,Ab02,87,631,631,2257,2280,57,89,23,32,205,reliable
Ab,Ab03,0,062.003a,062,10,30,114,144,20,30,133,reliable
Ab,Ab03,1,605.003a,605,35,83,113,145,48,32,328,reliable
Ab,Ab03,2,004,004,88,96,114,145,8,31,88,reliable
Ab,Ab03,3,600.004.003a,600,99,147,112,145,48,33,419,reliable
Ab,Ab03,4,040.003a,040,151,167,112,145,16,33,169,reliable
Ab,Ab03,5,050.003a,050,174,194,113,145,20,32,241,reliable
Ab,Ab03,6,093.003a,093,197,226,112,145,29,33,268,reliable
Ab,Ab03,7,681,681,231,278,113,145,47,32,363,reliable
Ab,Ab03,8,254k.003a,254,281,331,111,144,50,33,467,reliable
Ab,Ab03,9,093f.003a,093,335,367,111,144,32,33,275,reliable
Ab,Ab03,10,254.003a,254,371,426,108,145,55,37,547,reliable
Ab,Ab03,11,093f.003a,093,429,461,108,143,32,35,287,reliable
Ab,Ab03,12,741.003a,741,465,500,111,143,35,32,348,reliable
Ab,Ab03,13,445.003a,445,504,535,111,143,31,32,263,reliable
Ab,Ab03,14,719,719,538,555,111,142,17,31,186,reliable
Ab,Ab03,15,450.052,450,560,585,110,142,25,32,238,reliable
Ab,Ab03,16,741,741,589,611,109,142,22,33,237,reliable
Ab,Ab03,17,008cx.003a,008,614,644,110,143,30,33,314,reliable
Ab,Ab03,18,600.003a,600,649,686,112,143,37,31,299,reliable
Ab,Ab03,19,040a.003a,040,690,710,111,144,20,33,176,reliable
Ab,Ab03,20,050.003a,050,716,738,113,145,22,32,201,reliable
Ab,Ab03,21,441s.003a,441,744,780,111,144,36,33,302,reliable
Ab,Ab03,22,670.003a,670,782,821,111,144,39,33,305,reliable
Ab,Ab03,23,099a,099,825,848,112,144,23,32,214,reliable
Ab,Ab03,24,605s.003a,605,853,895,109,142,42,33,341,reliable
Ab,Ab03,25,605s.003a,605,898,929,111,142,31,31,225,reliable
Ab,Ab03,26,007,007,932,938,112,138,6,26,51,reliable
Ab,Ab03,27,600,600,941,961,111,143,20,32,185,reliable
Ab,Ab03,28,630es,630,965,989,111,142,24,31,200,reliable
Ab,Ab03,29,752,752,995,1024,111,143,29,32,231,reliable
Ab,Ab03,30,212fs,212,1028,1050,111,142,22,31,222,reliable
Ab,Ab03,31,752a,752,1054,1096,108,142,42,34,392,reliable
Ab,Ab03,32,360c.001,360,1099,1122,111,143,23,32,225,reliable
Ab,Ab03,33,599c,599,1125,1157,110,143,32,33,342,reliable
Ab,Ab03,34,060a,060,1161,1178,111,144,17,33,148,reliable
Ab,Ab03,35,739a,739,1180,1190,112,143,10,31,100,reliable
Ab,Ab03,36,011.003a,011,1192,1207,110,143,15,33,144,reliable
Ab,Ab03,37,739a.003a,739,1210,1226,111,143,16,32,215,reliable
Ab,Ab03,38,600.003a,600,1228,1244,111,143,16,32,141,reliable
Ab,Ab03,39,670.003a,670,1246,1251,112,141,5,29,73,reliable
Ab,Ab03,40,736.003a,736,1255,1288,110,143,33,33,341,reliable
Ab,Ab03,41,300.021h.306.021t,300,1296,1321,112,143,25,31,154,reliable
Ab,Ab03,42,740.074hx,740,1323,1327,113,142,4,29,54,reliable
Ab,Ab03,43,448.050t,448,1331,1364,111,144,33,33,218,reliable
Ab,Ab03,44,736.003a,736,1366,1373,114,142,7,28,71,reliable
Ab,Ab03,45,631,631,1377,1438,110,143,61,33,495,reliable
Ab,Ab03,46,005j,005,1441,1470,111,143,29,32,249,reliable
Ab,Ab03,47,447f.050t.044b.003a,447,1473,1508,109,143,35,34,313,reliable
Ab,Ab03,48,046,046,1513,1549,110,143,36,33,326,reliable
Ab,Ab03,49,044b,044,1554,1579,111,143,25,32,164,reliable
Ab,Ab03,50,002e,002,1584,1650,108,143,66,35,544,reliable
Ab,Ab03,51,046,046,1655,1665,110,143,10,33,117,reliable
Ab,Ab03,52,044,044,1668,1681,109,142,13,33,113,reliable
Ab,Ab03,53,005j,005,1685,1691,109,141,6,32,89,reliable
Ab,Ab03,54,752a,752,1696,1707,110,143,11,33,128,reliable
Ab,Ab03,55,489,489,1711,1718,110,142,7,32,108,reliable
Ab,Ab03,56,048.044afx,048,1724,1737,110,141,13,31,139,reliable
Ab,Ab03,57,206s,206,1740,1763,110,142,23,32,172,reliable
Ab,Ab03,58,044ax,044,1770,1826,109,144,56,35,495,reliable
Ab,Ab03,59,430,430,1834,1872,109,142,38,33,259,reliable
Ab,Ab03,60,007,007,1874,1882,109,141,8,32,76,reliable
Ab,Ab03,61,755a,755,1886,1903,109,141,17,32,111,reliable
Ab,Ab03,62,256c,256,1905,1927,109,141,22,32,209,reliable
Ab,Ab03,63,022bfy,022,1930,1953,110,142,23,32,149,reliable
Ab,Ab03,64,022bfy,022,1957,2006,110,142,49,32,356,reliable
Ab,Ab03,65,004.004,004,2009,2019,109,143,10,34,101,reliable
Ab,Ab03,66,586,586,2024,2035,110,143,11,33,136,reliable
Ab,Ab03,67,021t,021,2039,2059,109,143,20,34,212,reliable
Ab,Ab03,68,730.074x,730,2065,2103,109,143,38,34,289,reliable
Ab,Ab03,69,430,430,2106,2134,109,142,28,33,275,reliable
Ab,Ab03,70,041,041,2138,2168,108,141,30,33,267,reliable
Ab,Ab03,71,595y,595,2173,2201,108,142,28,34,247,reliable
Ab,Ab03,72,022.590.022,022,2204,2248,108,142,44,34,430,reliable
Ab,Ab03,73,070,070,2253,2269,108,141,16,33,184,reliable
Ab,Ab03,74,600.022.009,600,2271,2325,108,142,54,34,480,reliable
Ab,Ab03,75,022,022,2328,2335,109,141,7,32,90,reliable
Ab,Ab03,76,070,070,2338,2354,108,141,16,33,179,reliable
Ab,Ab03,77,772V,772,2358,2390,108,143,32,35,274,reliable
Ab,Ab03,78,006,006,2394,2408,109,141,14,32,128,reliable
Ab,Ab04,0,670,670,4,34,164,196,30,32,209,reliable
Ab,Ab04,1,012a,012,35,49,164,196,14,32,169,reliable
Ab,Ab04,2,631b,631,53,77,163,196,24,33,166,reliable
Ab,Ab04,3,091,091,81,99,165,196,18,31,122,reliable
Ab,Ab04,4,091,091,102,117,164,196,15,32,94,reliable
Ab,Ab04,5,300.460y.004,300,120,179,164,196,59,32,390,reliable
Ab,Ab04,6,487.004,487,181,248,165,196,67,31,527,reliable
Ab,Ab04,7,756,756,249,274,164,196,25,32,220,reliable
Ab,Ab04,8,004.004,004,279,298,164,196,19,32,210,reliable
Ab,Ab04,9,040a.004,040,300,322,163,196,22,33,216,reliable
Ab,Ab04,10,004.431c,004,326,388,163,196,62,33,515,reliable
Ab,Ab04,11,381fy,381,393,403,165,196,10,31,119,reliable
Ab,Ab04,12,022bfy,022,408,428,165,196,20,31,233,reliable
Ab,Ab04,13,001.052,001,429,450,163,196,21,33,192,reliable
Ab,Ab04,14,007,007,456,481,163,196,25,33,247,reliable
Ab,Ab04,15,067a.010f,067,487,527,161,196,40,35,368,reliable
Ab,Ab04,16,067a,067,531,542,161,194,11,33,124,reliable
Ab,Ab04,17,470,470,548,569,161,194,21,33,241,reliable
Ab,Ab04,18,001t,001,572,608,160,194,36,34,323,reliable
Ab,Ab04,19,580c,580,612,628,161,194,16,33,149,reliable
Ab,Ab04,20,001.052,001,633,639,162,195,6,33,114,reliable
Ab,Ab04,21,008b.079a,008,641,647,162,194,6,32,71,reliable
Ab,Ab04,22,598,598,651,673,163,195,22,32,192,reliable
Ab,Ab04,23,001.003a,001,676,678,169,194,2,25,31,reliable
Ab,Ab04,24,010y.599d,010,680,713,163,195,33,32,283,reliable
Ab,Ab04,25,005j,005,718,728,163,195,10,32,115,reliable
Ab,Ab04,26,066V,066,734,751,163,195,17,32,190,reliable
Ab,Ab04,27,580c,580,755,802,163,195,47,32,398,reliable
Ab,Ab04,28,001.052,001,805,825,163,195,20,32,201,reliable
Ab,Ab04,29,022bf.243a,022,829,850,163,195,21,32,192,reliable
Ab,Ab04,30,041.052x,041,854,871,161,195,17,34,194,reliable
Ab,Ab04,31,061sy.001,061,876,925,158,194,49,36,492,reliable
Ab,Ab04,32,001.003a,001,929,950,162,193,21,31,178,reliable
Ab,Ab04,33,022bf.243f,022,951,959,163,193,8,30,89,reliable
Ab,Ab04,34,029y.074a,029,963,976,163,195,13,32,116,reliable
Ab,Ab04,35,006,006,980,988,163,194,8,31,92,reliable
Ab,Ab04,36,017,017,990,1030,155,194,40,39,332,reliable
Ab,Ab04,37,697ao,697,1034,1078,161,193,44,32,323,reliable
Ab,Ab04,38,207.520fhy,207,1081,1092,162,194,11,32,132,reliable
Ab,Ab04,39,002a,002,1095,1106,162,192,11,30,136,reliable
Ab,Ab04,40,053ay,053,1110,1163,160,193,53,33,403,reliable
Ab,Ab04,41,074xy.007.095,074,1166,1186,159,191,20,32,211,reliable
Ab,Ab04,42,001.052,001,1188,1234,159,191,46,32,449,reliable
Ab,Ab04,43,680,680,1237,1247,160,190,10,30,99,reliable
Ab,Ab04,44,065,065,1248,1283,158,191,35,33,305,reliable
Ab,Ab04,45,600.065,600,1285,1319,160,192,34,32,261,reliable
Ab,Ab04,46,600.065,600,1323,1341,159,193,18,34,233,reliable
Ab,Ab04,47,001.052,001,1343,1359,158,193,16,35,121,reliable
Ab,Ab04,48,450b,450,1362,1387,160,192,25,32,247,reliable
Ab,Ab04,49,005,005,1391,1407,158,192,16,34,174,reliable
Ab,Ab04,50,044,044,1412,1438,158,191,26,33,215,reliable
Ab,Ab04,51,024a,024,1441,1463,160,191,22,31,176,reliable
Ab,Ab04,52,667,667,1466,1492,159,191,26,32,235,reliable
Ab,Ab04,53,144f,144,1497,1508,158,191,11,33,107,reliable
Ab,Ab04,54,008,008,1513,1536,159,191,23,32,260,reliable
Ab,Ab04,55,048,048,1540,1561,159,191,21,32,266,reliable
Ab,Ab04,56,008a,008,1565,1611,158,191,46,33,411,reliable
Ab,Ab04,57,001.052,001,1614,1664,158,192,50,34,405,reliable
Ab,Ab04,58,003ax.255,003,1666,1678,158,191,12,33,101,reliable
Ab,Ab04,59,256d,256,1682,1712,157,191,30,34,256,reliable
Ab,Ab04,60,048a,048,1716,1736,157,190,20,33,214,reliable
Ab,Ab04,61,280,280,1739,1783,156,189,44,33,373,reliable
Ab,Ab04,62,001.052,001,1788,1816,155,188,28,33,247,reliable
Ab,Ab04,63,326.003a,326,1820,1827,156,188,7,32,73,reliable
Ab,Ab04,64,741.003a,741,1829,1855,155,188,26,33,253,reliable
Ab,Ab04,65,280,280,1859,1868,155,188,9,33,104,reliable
Ab,Ab04,66,048,048,1871,1894,154,188,23,34,187,reliable
Ab,Ab04,67,003a.060a,003,1897,1911,155,188,14,33,140,reliable
Ab,Ab04,68,739b,739,1914,1930,156,189,16,33,173,reliable
Ab,Ab04,69,084,084,1933,1945,155,188,12,33,136,reliable
Ab,Ab04,70,053ay,053,1949,1992,154,186,43,32,379,reliable
Ab,Ab04,71,680,680,1995,2043,154,186,48,32,347,reliable
Ab,Ab04,72,326.003a,326,2045,2080,154,189,35,35,250,reliable
Ab,Ab04,73,736a.003a,736,2083,2089,155,183,6,28,61,reliable
Ab,Ab04,74,736a.003a,736,2093,2137,154,184,44,30,359,reliable
Ab,Ab04,75,700,700,2143,2154,154,185,11,31,123,reliable
Ab,Ab04,76,022,022,2158,2165,154,185,7,31,94,reliable
Ab,Ab04,77,700,700,2169,2181,154,186,12,32,125,reliable
Ab,Ab04,78,001,001,2185,2192,154,185,7,31,85,reliable
Ab,Ab04,79,005j,005,2196,2198,158,185,2,27,48,reliable
Ab,Ab04,80,306,306,2198,2251,154,187,53,33,401,reliable
Ab,Ab05,0,079.074,079,6,36,212,242,30,30,211,reliable
Ab,Ab05,1,109,109,41,51,231,242,10,11,49,reliable
Ab,Ab05,2,009fi,009,54,75,212,241,21,29,137,reliable
Ab,Ab05,3,004.660,004,78,127,212,241,49,29,331,reliable
Ab,Ab05,4,080,080,131,150,212,242,19,30,183,reliable
Ab,Ab05,5,208f,208,155,186,212,242,31,30,257,reliable
Ab,Ab05,6,007a,007,189,210,212,243,21,31,201,reliable
Ab,Ab05,7,002,002,216,225,213,243,9,30,97,reliable
Ab,Ab05,8,005j,005,228,246,212,241,18,29,164,reliable
Ab,Ab05,9,002a,002,249,261,212,243,12,31,152,reliable
Ab,Ab05,10,208f,208,265,299,213,243,34,30,286,reliable
Ab,Ab05,11,605.003a,605,303,343,212,242,40,30,374,reliable
Ab,Ab05,12,004,004,347,394,213,243,47,30,419,reliable
Ab,Ab05,13,600.004,600,397,407,215,242,10,27,76,reliable
Ab,Ab05,14,003a.040a,003,409,419,212,242,10,30,105,reliable
Ab,Ab05,15,003a.050,003,423,432,214,239,9,25,77,reliable
Ab,Ab05,16,093.003a,093,436,448,213,242,12,29,119,reliable
Ab,Ab05,17,681i.003a,681,451,481,212,242,30,30,241,reliable
Ab,Ab05,18,027.009.003a,027,485,539,212,242,54,30,420,reliable
Ab,Ab05,19,095:060at.003a,095,543,584,212,242,41,30,370,reliable
Ab,Ab05,20,095:060at.003a,095,586,616,213,243,30,30,212,reliable
Ab,Ab05,21,741.003a,741,618,646,213,244,28,31,215,reliable
Ab,Ab05,22,445.003a,445,651,690,212,245,39,33,299,reliable
Ab,Ab05,23,719a,719,696,733,212,245,37,33,275,reliable
Ab,Ab05,24,450.052,450,736,757,212,244,21,32,182,reliable
Ab,Ab05,25,008.003a,008,761,791,212,245,30,33,241,reliable
Ab,Ab05,26,605.003a,605,794,832,212,244,38,32,309,reliable
Ab,Ab05,27,040a.003a,040,836,879,213,244,43,31,327,reliable
Ab,Ab05,28,050.003a,050,883,904,212,245,21,33,208,reliable
Ab,Ab05,29,670.003a,670,910,933,213,246,23,33,238,reliable
Ab,Ab05,30,099,099,935,975,213,246,40,33,310,reliable
Ab,Ab05,31,605.003a,605,978,1003,212,246,25,34,203,reliable
Ab,Ab05,32,007a,007,1005,1053,212,245,48,33,343,reliable
Ab,Ab05,33,600,600,1058,1084,212,244,26,32,230,reliable
Ab,Ab05,34,445,445,1088,1113,212,245,25,33,253,reliable
Ab,Ab05,35,752,752,1120,1146,212,245,26,33,184,reliable
Ab,Ab05,36,004,004,1150,1170,213,245,20,32,187,reliable
Ab,Ab05,37,002,002,1174,1183,213,245,9,32,104,reliable
Ab,Ab05,38,004,004,1186,1195,213,245,9,32,113,reliable
Ab,Ab05,39,002,002,1200,1210,213,244,10,31,100,reliable
Ab,Ab05,40,004,004,1214,1224,212,245,10,33,110,reliable
Ab,Ab05,41,002,002,1227,1238,213,244,11,31,102,reliable
Ab,Ab05,42,745.074hx,745,1241,1250,212,244,9,32,96,reliable
Ab,Ab05,43,008cx,008,1254,1282,213,245,28,32,255,reliable
Ab,Ab05,44,306s,306,1286,1346,212,245,60,33,448,reliable
Ab,Ab05,45,700a,700,1349,1361,214,246,12,32,133,reliable
Ab,Ab05,46,675a,675,1364,1398,213,244,34,31,252,reliable
Ab,Ab05,47,739b.003a,739,1400,1426,214,245,26,31,212,reliable
Ab,Ab05,48,002,002,1431,1441,214,246,10,32,97,reliable
Ab,Ab05,49,739b,739,1445,1460,215,244,15,29,121,reliable
Ab,Ab05,50,002,002,1466,1475,215,245,9,30,90,reliable
Ab,Ab05,51,205,205,1477,1509,215,246,32,31,252,reliable
Ab,Ab05,52,002,002,1512,1522,216,245,10,29,95,reliable
Ab,Ab05,53,290,290,1525,1553,214,246,28,32,241,reliable
Ab,Ab05,54,631b,631,1557,1585,214,245,28,31,202,reliable
Ab,Ab05,55,002,002,1588,1598,215,245,10,30,114,reliable
Ab,Ab05,56,666,666,1603,1625,215,245,22,30,222,reliable
Ab,Ab05,57,631b,631,1629,1655,214,245,26,31,211,reliable
Ab,Ab05,58,002,002,1659,1670,214,245,11,31,113,reliable
Ab,Ab05,59,739b,739,1673,1687,214,244,14,30,146,reliable
Ab,Ab05,60,700a,700,1692,1704,214,245,12,31,141,reliable
Ab,Ab05,61,739b,739,1707,1721,214,244,14,30,136,reliable
Ab,Ab05,62,006,006,1725,1741,214,245,16,31,129,reliable
Ab,Ab05,63,090,090,1745,1795,214,244,50,30,404,reliable
Ab,Ab05,64,746,746,1797,1835,212,244,38,32,296,reliable
Ab,Ab05,65,431.144,431,1837,1856,214,243,19,29,175,reliable
Ab,Ab05,66,014,014,1860,1870,213,245,10,32,111,reliable
Ab,Ab05,67,002,002,1875,1884,213,243,9,30,102,reliable
Ab,Ab05,68,002,002,1889,1917,214,244,28,30,209,reliable
Ab,Ab05,69,123.123,123,1921,1945,214,245,24,31,195,reliable
Ab,Ab05,70,001.006,001,1949,1986,215,246,37,31,233,reliable
Ab,Ab05,71,771,771,1990,1998,215,245,8,30,97,reliable
Ab,Ab05,72,040,040,2001,2025,215,246,24,31,232,reliable
Ab,Ab05,73,008,008,2030,2048,215,246,18,31,139,reliable
Ab,Ab05,74,006,006,2051,2091,214,246,40,32,361,reliable
Ab,Ab05,75,326,326,2094,2102,215,245,8,30,99,reliable
Ab,Ab05,76,001,001,2104,2126,214,245,22,31,237,reliable
Ab,Ab05,77,008,008,2130,2164,214,246,34,32,356,reliable
Ab,Ab05,78,600s.074hx,600,2169,2194,215,246,25,31,250,reliable
Ab,Ab05,79,666,666,2198,2202,215,245,4,30,53,reliable
Ab,Ab05,80,053ay.009,053,2203,2229,214,246,26,32,280,reliable
Ab,Ab05,81,002,002,2234,2244,215,246,10,31,126,reliable
Ab,Ab06,0,040a.009,040,6,34,271,301,28,30,150,unreliable
Ab,Ab06,1,002V,002,39,56,270,296,17,26,101,unreliable
Ab,Ab06,2,086,086,58,73,270,297,15,27,92,unreliable
Ab,Ab06,3,739b,739,78,94,269,298,16,29,127,unreliable
Ab,Ab06,4,700a,700,101,111,269,299,10,30,114,unreliable
Ab,Ab06,5,006,006,116,133,270,299,17,29,103,unreliable
Ab,Ab06,6,090!,090,136,220,269,301,84,32,554,unreliable
Ab,Ab06,7,430!,430,224,234,270,301,10,31,132,unreliable
Ab,Ab06,8,326!.003a,326,237,251,270,301,14,31,146,unreliable
Ab,Ab06,9,700a,700,254,283,269,299,29,30,241,unreliable
Ab,Ab06,10,739b,739,288,312,269,301,24,32,223,unreliable
Ab,Ab06,11,096.003a,096,314,332,269,301,18,32,186,unreliable
Ab,Ab06,12,741,741,337,385,268,301,48,33,431,unreliable
Ab,Ab06,13,430:042,430,389,418,268,298,29,30,248,unreliable
Ab,Ab06,14,741f:042,741,421,445,268,299,24,31,206,unreliable
Ab,Ab06,15,741f:042,741,447,472,266,299,25,33,235,unreliable
Ab,Ab06,16,742f,742,477,597,265,299,120,34,829,unreliable
Ab,Ab06,17,741,741,601,619,267,298,18,31,160,unreliable
Ab,Ab06,18,600,600,623,646,266,297,23,31,191,unreliable
Ab,Ab06,19,742,742,653,661,267,298,8,31,61,unreliable
Ab,Ab06,20,670.062,670,662,665,268,296,3,28,39,unreliable
Ab,Ab06,21,091,091,669,693,267,299,24,32,196,unreliable
Ab,Ab06,22,743f.053,743,696,728,266,298,32,32,244,unreliable
Ab,Ab06,23,741,741,730,767,266,298,37,32,335,unreliable
Ab,Ab06,24,053ay,053,773,789,266,297,16,31,160,unreliable
Ab,Ab06,25,745a.074hx,745,790,820,265,297,30,32,247,unreliable
Ab,Ab06,26,007.010,007,825,860,265,298,35,33,297,unreliable
Ab,Ab06,27,306s,306,864,876,266,297,12,31,109,unreliable
Ab,Ab06,28,005j,005,881,908,265,297,27,32,258,unreliable
Ab,Ab06,29,600,600,910,928,266,298,18,32,206,unreliable
Ab,Ab06,30,048a.062x,048,932,965,266,298,33,32,319,unreliable
Ab,Ab06,31,048a,048,971,987,266,296,16,30,146,unreliable
Ab,Ab06,32,048a.144,048,988,1009,265,295,21,30,160,unreliable
Ab,Ab06,33,004.064,004,1015,1040,265,296,25,31,224,unreliable
Ab,Ab06,34,056.009,056,1044,1053,265,294,9,29,94,unreliable
Ab,Ab06,35,056,056,1059,1085,263,295,26,32,234,unreliable
Ab,Ab06,36,400,400,1090,1111,264,294,21,30,172,unreliable
Ab,Ab06,37,002.006y,002,1117,1169,263,294,52,31,391,unreliable
Ab,Ab06,38,002,002,1172,1228,263,294,56,31,365,unreliable
Ab,Ab06,39,002.006x,002,1232,1233,278,292,1,14,13,unreliable
Ab,Ab06,40,063.004,063,1236,1245,264,292,9,28,63,unreliable
Ab,Ab06,41,062y.001.450,062,1248,1253,265,275,5,10,14,unreliable
Ab,Ab06,42,430a,430,1257,1277,262,292,20,30,128,unreliable
Ab,Ab06,43,001.450,001,1283,1306,261,296,23,35,157,unreliable
Ab,Ab06,44,605,605,1308,1327,261,295,19,34,173,unreliable
Ab,Ab06,45,001.450,001,1329,1361,262,294,32,32,238,unreliable
Ab,Ab06,46,096,096,1364,1381,262,295,17,33,133,unreliable
Ab,Ab06,47,001.450,001,1382,1415,262,294,33,32,257,unreliable
Ab,Ab06,48,029y,029,1417,1432,262,294,15,32,144,unreliable
Ab,Ab06,49,451,451,1436,1451,263,293,15,30,107,unreliable
Ab,Ab06,50,074,074,1453,1462,262,293,9,31,96,unreliable
Ab,Ab06,51,451,451,1466,1489,261,293,23,32,263,unreliable
Ab,Ab06,52,074,074,1491,1518,261,293,27,32,234,unreliable
Ab,Ab06,53,096,096,1522,1554,261,293,32,32,338,unreliable
Ab,Ab06,54,451,451,1557,1589,261,293,32,32,320,unreliable
Ab,Ab06,55,006,006,1591,1609,260,293,18,33,193,unreliable
Ab,Ab06,56,044ax,044,1612,1623,260,291,11,31,110,unreliable
Ab,Ab06,57,001.053ay,001,1626,1643,259,291,17,32,163,unreliable
Ab,Ab06,58,070.037,070,1648,1657,259,291,9,32,101,unreliable
Ab,Ab06,59,070.052a,070,1664,1700,258,291,36,33,263,unreliable
Ab,Ab06,60,070.052a,070,1704,1726,259,291,22,32,182,unreliable
Ab,Ab06,61,070,070,1730,1760,259,289,30,30,192,unreliable
Ab,Ab06,62,002d,002,1764,1773,259,290,9,31,65,unreliable
Ab,Ab06,63,070.002d,070,1780,1800,258,289,20,31,150,unreliable
Ab,Ab06,64,300.002,300,1805,1807,259,283,2,24,30,unreliable
Ab,Ab06,65,002.069,002,1809,1821,257,287,12,30,76,unreliable
Ab,Ab06,66,093.010,093,1823,1833,257,289,10,32,96,unreliable
Ab,Ab06,67,002,002,1838,1858,257,289,20,32,174,unreliable
Ab,Ab06,68,002.010,002,1862,1866,265,288,4,23,29,unreliable
Ab,Ab06,69,005j,005,1869,1877,257,288,8,31,77,unreliable
Ab,Ab06,70,002,002,1882,1899,257,288,17,31,151,unreliable
Ab,Ab06,71,002.010.003a,002,1901,1904,274,277,3,3,6,unreliable
Ab,Ab06,72,002,002,1905,1922,257,287,17,30,129,unreliable
Ab,Ab06,73,002.010,002,1926,1928,277,280,2,3,4,unreliable
Ab,Ab06,74,300,300,1930,1939,257,273,9,16,25,unreliable
Ab,Ab06,75,390.045,390,1940,1950,258,278,10,20,30,unreliable
Ab,Ab06,76,001,001,1952,1960,258,290,8,32,88,unreliable
Ab,Ab06,77,280c,280,1964,1972,257,291,8,34,83,unreliable
Ab,Ab06,78,001,001,1974,2000,258,292,26,34,221,unreliable
Ab,Ab06,79,001a.009,001,2004,2010,257,290,6,33,86,unreliable
Ab,Ab06,80,290.096,290,2015,2090,257,291,75,34,595,unreliable
Ab,Ab06,81,001,001,2092,2099,257,290,7,33,83,unreliable
Ab,Ab06,82,770c,770,2101,2140,257,290,39,33,324,unreliable
Ab,Ab06,83,004,004,2144,2153,257,288,9,31,92,unreliable
Ab,Ab06,84,652,652,2158,2197,257,289,39,32,268,unreliable
Ab,Ab06,85,741,741,2201,2226,257,289,25,32,221,unreliable
Ab,Ab06,86,002,002,2228,2237,257,288,9,31,103,unreliable
Ab,Ab06,87,741,741,2243,2266,257,288,23,31,211,unreliable
Ab,Ab06,88,002,002,2270,2279,257,286,9,29,97,unreliable
Ab,Ab06,89,050,050,2285,2298,257,288,13,31,133,unreliable
Ab,Ab06,90,050,050,2301,2313,257,287,12,30,132,unreliable
Ab,Ab07,0,022!.670c.052x,022,5,9,320,348,4,28,40,reliable
Ab,Ab07,1,660o,660,13,67,319,350,54,31,279,reliable
Ab,Ab07,2,041,041,70,117,317,349,47,32,284,reliable
Ab,Ab07,3,661o,661,120,130,316,349,10,33,85,reliable
Ab,Ab07,4,001.009j:005t,001,137,192,317,348,55,31,347,reliable
Ab,Ab07,5,390,390,195,227,315,348,32,33,275,reliable
Ab,Ab07,6,022bfy,022,230,256,313,349,26,36,204,reliable
Ab,Ab07,7,025b,025,262,273,316,348,11,32,127,reliable
Ab,Ab07,8,001,001,281,301,316,348,20,32,226,reliable
Ab,Ab07,9,009a,009,304,311,316,349,7,33,104,reliable
Ab,Ab07,10,606.074af,606,317,337,316,349,20,33,189,reliable
Ab,Ab07,11,004,004,339,400,316,349,61,33,374,reliable
Ab,Ab07,12,600f,600,405,416,317,349,11,32,110,reliable
Ab,Ab07,13,004ax.074a,004,419,450,315,348,31,33,256,reliable
Ab,Ab07,14,450.074a,450,458,477,315,349,19,34,165,reliable
Ab,Ab07,15,040,040,483,507,316,349,24,33,227,reliable
Ab,Ab07,16,004,004,511,522,318,350,11,32,103,reliable
Ab,Ab07,17,040,040,525,534,317,350,9,33,121,reliable
Ab,Ab07,18,004,004,538,549,318,350,11,32,104,reliable
Ab,Ab07,19,578.040a,578,553,562,317,349,9,32,120,reliable
Ab,Ab07,20,666,666,564,610,314,350,46,36,430,reliable
Ab,Ab07,21,741,741,613,637,316,350,24,34,204,reliable
Ab,Ab07,22,001,001,641,667,318,349,26,31,203,reliable
Ab,Ab07,23,296f.107x,296,670,678,317,350,8,33,101,reliable
Ab,Ab07,24,079,079,681,729,313,349,48,36,358,reliable
Ab,Ab07,25,002,002,734,750,316,348,16,32,129,reliable
Ab,Ab07,26,430b,430,754,764,317,348,10,31,82,reliable
Ab,Ab07,27,400V,400,768,820,315,348,52,33,313,reliable
Ab,Ab07,28,002a,002,823,835,315,347,12,32,140,reliable
Ab,Ab07,29,046,046,839,852,314,348,13,34,149,reliable
Ab,Ab07,30,002a,002,855,867,315,346,12,31,127,reliable
Ab,Ab07,31,050f,050,870,885,316,348,15,32,145,reliable
Ab,Ab07,32,379.055ah,379,891,926,314,349,35,35,266,reliable
Ab,Ab07,33,600,600,927,957,316,347,30,31,223,reliable
Ab,Ab07,34,002d,002,961,973,317,348,12,31,103,reliable
Ab,Ab07,35,755a,755,980,999,316,348,19,32,164,reliable
Ab,Ab07,36,023,023,1004,1013,316,346,9,30,92,reliable
Ab,Ab07,37,451,451,1017,1033,315,347,16,32,120,reliable
Ab,Ab07,38,360b.005j,360,1037,1085,314,348,48,34,330,reliable
Ab,Ab07,39,004.078,004,1086,1106,315,348,20,33,198,reliable
Ab,Ab07,40,305,305,1109,1138,314,348,29,34,237,reliable
Ab,Ab07,41,599,599,1143,1165,315,348,22,33,194,reliable
Ab,Ab07,42,007,007,1166,1191,315,349,25,34,229,reliable
Ab,Ab07,43,208f,208,1193,1229,313,348,36,35,296,reliable
Ab,Ab07,44,007,007,1231,1280,314,348,49,34,416,reliable
Ab,Ab07,45,631,631,1286,1316,313,347,30,34,228,reliable
Ab,Ab07,46,742,742,1317,1374,311,347,57,36,435,reliable
Ab,Ab07,47,742a,742,1377,1435,311,345,58,34,385,reliable
Ab,Ab07,48,600V,600,1436,1480,311,345,44,34,294,reliable
Ab,Ab07,49,360.718,360,1483,1511,311,345,28,34,243,reliable
Ab,Ab07,50,360c.040,360,1515,1558,311,344,43,33,285,reliable
Ab,Ab07,51,291,291,1561,1587,311,345,26,34,218,reliable
Ab,Ab07,52,772,772,1593,1600,311,345,7,34,120,reliable
Ab,Ab07,53,001.058t,001,1601,1614,312,346,13,34,123,reliable
Ab,Ab07,54,001.058t,001,1620,1645,311,345,25,34,238,reliable
Ab,Ab07,55,165xy,165,1650,1672,312,345,22,33,183,reliable
Ab,Ab07,56,079.010f,079,1677,1699,311,345,22,34,208,reliable
Ab,Ab07,57,079.052,079,1703,1731,311,345,28,34,309,reliable
Ab,Ab07,58,001.009:005,001,1734,1778,312,346,44,34,346,reliable
Ab,Ab07,59,212j,212,1781,1798,313,347,17,34,169,reliable
Ab,Ab07,60,002Va,002,1803,1822,314,346,19,32,137,reliable
Ab,Ab07,61,134,134,1825,1843,314,346,18,32,163,reliable
Ab,Ab07,62,005j,005,1844,1859,313,347,15,34,132,reliable
Ab,Ab07,63,060a,060,1863,1879,313,345,16,32,106,reliable
Ab,Ab07,64,087,087,1880,1924,311,347,44,36,369,reliable
Ab,Ab07,65,606.058,606,1929,1955,313,345,26,32,189,reliable
Ab,Ab07,66,631,631,1956,1990,313,345,34,32,238,reliable
Ab,Ab07,67,405,405,1993,2001,314,344,8,30,80,reliable
Ab,Ab07,68,053ay,053,2001,2005,314,344,4,30,48,reliable
Ab,Ab07,69,099,099,2008,2031,312,346,23,34,194,reliable
Ab,Ab07,70,606s,606,2032,2081,312,344,49,32,298,reliable
Ab,Ab07,71,745.008h,745,2084,2126,312,344,42,32,311,reliable
Ab,Ab07,72,599,599,2129,2149,311,344,20,33,176,reliable
Ab,Ab07,73,300.020bfy,300,2152,2190,311,344,38,33,334,reliable
Ab,Ab07,74,020Vf,020,2198,2208,312,343,10,31,114,reliable
Ab,Ab07,75,001,001,2212,2219,311,344,7,33,103,reliable
Ab,Ab07,76,009,009,2223,2240,312,345,17,33,158,reliable
Ab,Ab07,77,469a,469,2242,2307,311,344,65,33,473,reliable
Ab,Ab07,78,200f.025b,200,2309,2360,311,344,51,33,433,reliable
Ab,Ab07,79,324,324,2364,2401,311,345,37,34,311,reliable
Ab,Ab07,80,453,453,2406,2436,311,346,30,35,224,reliable
Ab,Ab07,81,060a,060,2437,2450,314,346,13,32,120,reliable
Ab,Ab07,82,527a,527,2455,2497,313,343,42,30,295,reliable
Ab,Ab08,0,025b,025,7,13,369,373,6,4,11,reliable
Ab,Ab08,1,522fy!,522,16,20,374,379,4,5,8,reliable
Ab,Ab08,2,008a.240k.008a,008,27,58,367,386,31,19,105,reliable
Ab,Ab08,3,522fy,522,66,83,367,389,17,22,109,reliable
Ab,Ab08,4,008a.240.008a,008,87,111,366,388,24,22,101,reliable
Ab,Ab08,5,002d,002,117,197,365,394,80,29,436,reliable
Ab,Ab08,6,300,300,201,226,364,391,25,27,137,reliable
Ab,Ab08,7,631c,631,231,313,365,395,82,30,661,reliable
Ab,Ab08,8,660,660,319,330,365,395,11,30,111,reliable
Ab,Ab08,9,008a,008,336,360,365,396,24,31,202,reliable
Ab,Ab08,10,400!,400,362,421,364,396,59,32,474,reliable
Ab,Ab08,11,607.071aty.544a,607,424,447,367,396,23,29,228,reliable
Ab,Ab08,12,048.062,048,451,477,366,394,26,28,181,reliable
Ab,Ab08,13,048f.461a,048,479,565,366,397,86,31,616,reliable
Ab,Ab08,14,048f,048,568,594,365,395,26,30,203,reliable
Ab,Ab08,15,091,091,597,642,364,396,45,32,327,reliable
Ab,Ab08,16,008a,008,646,661,364,397,15,33,112,reliable
Ab,Ab08,17,091j.009j,091,664,687,366,398,23,32,141,reliable
Ab,Ab08,18,001,001,690,713,365,398,23,33,212,reliable
Ab,Ab08,19,009a,009,719,756,364,398,37,34,235,reliable
Ab,Ab08,20,717,717,762,769,364,398,7,34,103,reliable
Ab,Ab08,21,066a,066,774,791,364,398,17,34,159,reliable
Ab,Ab08,22,361a,361,795,816,365,396,21,31,132,reliable
Ab,Ab08,23,741,741,820,838,365,397,18,32,129,reliable
Ab,Ab08,24,061ay.027,061,843,875,363,398,32,35,277,reliable
Ab,Ab08,25,739b,739,882,910,364,397,28,33,288,reliable
Ab,Ab08,26,006.773b.006y,006,914,943,364,398,29,34,347,reliable
Ab,Ab08,27,600,600,946,962,364,397,16,33,158,reliable
Ab,Ab08,28,144f,144,967,1038,364,398,71,34,720,reliable
Ab,Ab08,29,008,008,1040,1066,362,398,26,36,243,reliable
Ab,Ab08,30,600,600,1069,1093,365,398,24,33,286,reliable
Ab,Ab08,31,001,001,1096,1123,364,398,27,34,284,reliable
Ab,Ab08,32,009a:044ax,009,1129,1137,365,398,8,33,121,reliable
Ab,Ab08,33,002a,002,1141,1158,365,398,17,33,202,reliable
Ab,Ab08,34,001.010,001,1162,1172,364,398,10,34,127,reliable
Ab,Ab08,35,095c,095,1177,1189,365,398,12,33,175,reliable
Ab,Ab08,36,093,093,1194,1260,364,398,66,34,590,reliable
Ab,Ab08,37,755,755,1263,1282,364,396,19,32,180,reliable
Ab,Ab08,38,038:004,038,1288,1323,366,397,35,31,261,reliable
Ab,Ab08,39,067.027fx,067,1327,1335,366,395,8,29,83,reliable
Ab,Ab08,40,040a,040,1341,1382,365,396,41,31,274,reliable
Ab,Ab08,41,004.064a,004,1387,1398,366,396,11,30,105,reliable
Ab,Ab08,42,005j,005,1403,1423,365,396,20,31,183,reliable
Ab,Ab08,43,001.009:005t,001,1429,1446,365,395,17,30,129,reliable
Ab,Ab08,44,254b,254,1450,1481,364,396,31,32,255,reliable
Ab,Ab08,45,011,011,1485,1527,364,397,42,33,403,reliable
Ab,Ab08,46,050f,050,1532,1540,363,395,8,32,145,reliable
Ab,Ab08,47,005j,005,1542,1567,364,397,25,33,254,reliable
Ab,Ab08,48,631b,631,1572,1613,363,395,41,32,378,reliable
Ab,Ab08,49,022bfy,022,1619,1631,364,396,12,32,123,reliable
Ab,Ab08,50,450,450,1635,1650,364,395,15,31,118,reliable
Ab,Ab08,51,700a,700,1651,1662,364,395,11,31,147,reliable
Ab,Ab08,52,450.246,450,1668,1722,364,395,54,31,458,reliable
Ab,Ab08,53,002a,002,1726,1737,365,394,11,29,146,reliable
Ab,Ab08,54,001,001,1742,1750,364,394,8,30,99,reliable
Ab,Ab08,55,600.007,600,1754,1806,363,396,52,33,513,reliable
Ab,Ab08,56,291.022bfy,291,1807,1848,363,395,41,32,349,reliable
Ab,Ab08,57,025b.254di,025,1855,1911,364,395,56,31,510,reliable
Ab,Ab08,58,001,001,1917,1923,363,394,6,31,114,reliable
Ab,Ab08,59,046,046,1928,1939,362,395,11,33,136,reliable
Ab,Ab08,60,004,004,1942,1954,362,394,12,32,122,reliable
Ab,Ab08,61,094b,094,1955,1981,362,393,26,31,201,reliable
Ab,Ab08,62,004.755a,004,1985,2014,361,393,29,32,258,reliable
Ab,Ab08,63,004.600,004,2019,2055,362,393,36,31,288,reliable
Ab,Ab08,64,461b,461,2062,2096,361,393,34,32,249,reliable
Ab,Ab08,65,700c,700,2100,2111,361,392,11,31,118,reliable
Ab,Ab08,66,134,134,2118,2136,360,391,18,31,144,reliable
Ab,Ab08,67,002a,002,2139,2150,361,390,11,29,159,reliable
Ab,Ab08,68,600f,600,2154,2182,360,392,28,32,266,reliable
Ab,Ab08,69,001,001,2187,2194,360,392,7,32,124,reliable
Ab,Ab08,70,630,630,2198,2223,360,392,25,32,216,reliable
Ab,Ab08,71,004.631a,004,2225,2261,360,391,36,31,354,reliable
Ab,Ab08,72,048,048,2264,2275,360,390,11,30,107,reliable
Ab,Ab08,73,005j.631a,005,2280,2322,360,391,42,31,418,reliable
Ab,Ab08,74,004.053ay,004,2324,2351,360,391,27,31,291,reliable
Ab,Ab08,75,001.006y,001,2357,2380,360,392,23,32,252,reliable
Ab,Ab08,76,770a,770,2382,2406,360,391,24,31,266,reliable
Br,Br01,0,595,595,7,31,14,39,24,25,170,reliable
Br,Br01,1,001,001,36,42,13,43,6,30,98,reliable
Br,Br01,2,050.394s,050,48,91,13,46,43,33,419,reliable
Br,Br01,3,004,004,95,103,14,45,8,31,92,reliable
Br,Br01,4,002,002,107,116,14,47,9,33,102,reliable
Br,Br01,5,595.001,595,120,158,13,47,38,34,335,reliable
Br,Br01,6,050,050,163,171,15,47,8,32,110,reliable
Br,Br01,7,301s,301,174,206,14,47,32,33,257,reliable
Br,Br01,8,004,004,210,216,15,46,6,31,67,reliable
Br,Br01,9,002,002,220,229,14,47,9,33,91,reliable
Br,Br01,10,040,040,233,241,14,47,8,33,82,reliable
Br,Br01,11,211,211,245,277,13,47,32,34,271,reliable
Br,Br01,12,091,091,284,300,14,49,16,35,128,reliable
Br,Br01,13,200,200,299,324,14,49,25,35,220,reliable
Br,Br01,14,595.002,595,327,345,15,49,18,34,129,reliable
Br,Br01,15,394,394,344,368,14,49,24,35,213,reliable
Br,Br01,16,004t,004,373,415,14,49,42,35,410,reliable
Br,Br01,17,002,002,419,427,17,48,8,31,98,reliable
Br,Br01,18,595.002,595,432,468,14,48,36,34,340,reliable
Br,Br01,19,050,050,471,481,15,46,10,31,97,reliable
Br,Br01,20,394,394,485,518,13,48,33,35,265,reliable
Br,Br01,21,004t,004,522,535,16,46,13,30,80,reliable
Br,Br01,22,002,002,537,547,15,49,10,34,101,reliable
Br,Br01,23,595.002,595,553,591,13,49,38,36,332,reliable
Br,Br01,24,050,050,598,615,16,49,17,33,127,reliable
Br,Br01,25,301s.004,301,614,646,16,49,32,33,283,reliable
Br,Br01,26,002,002,657,683,15,48,26,33,237,reliable
Br,Br01,27,211s:042,211,688,700,17,48,12,31,119,reliable
Br,Br01,28,091,091,706,729,15,48,23,33,199,reliable
Br,Br01,29,595s,595,732,740,16,49,8,33,91,reliable
Br,Br01,30,600,600,743,757,16,48,14,32,117,reliable
Br,Br01,31,050,050,759,790,15,47,31,32,244,reliable
Br,Br01,32,381,381,791,817,16,47,26,31,208,reliable
Br,Br01,33,004,004,820,840,17,48,20,31,146,reliable
Br,Br01,34,002,002,845,848,19,48,3,29,32,reliable
Br,Br01,35,306,306,848,851,19,46,3,27,32,reliable
Br,Br01,36,325,325,852,855,19,47,3,28,33,reliable
Br,Br01,37,430,430,860,879,16,48,19,32,129,reliable
Br,Br01,38,053,053,884,892,17,48,8,31,63,reliable
Br,Br01,39,430,430,897,916,17,44,19,27,106,reliable
Br,Br01,40,017,017,922,929,17,47,7,30,78,reliable
Br,Br01,41,430,430,934,944,18,49,10,31,104,reliable
Br,Br01,42,004,004,947,980,17,48,33,31,242,reliable
Br,Br01,43,002,002,984,1019,18,49,35,31,230,reliable
Br,Br01,44,208,208,1024,1034,19,49,10,30,100,reliable
Br,Br01,45,200,200,1040,1047,19,48,7,29,65,reliable
Br,Br01,46,002,002,1052,1094,18,47,42,29,269,reliable
Br,Br01,47,022,022,1101,1114,19,46,13,27,88,reliable
Br,Br01,48,305.074f,305,1118,1120,27,45,2,18,19,reliable
Br,Br01,49,095,095,1119,1125,18,30,6,12,24,reliable
Br,Br01,50,001,001,1124,1125,31,46,1,15,15,reliable
Br,Br01,51,069,069,1130,1172,18,40,42,22,162,reliable
Br,Br02,0,220.068?,220,6,46,68,102,40,34,264,reliable
Br,Br02,1,059f,059,51,71,69,98,20,29,161,reliable
Br,Br02,2,630,630,76,101,68,102,25,34,210,reliable
Br,Br02,3,059f,059,105,125,68,100,20,32,184,reliable
Br,Br02,4,400,400,130,153,68,101,23,33,212,reliable
Br,Br02,5,670,670,156,187,68,101,31,33,213,reliable
Br,Br02,6,059f,059,188,191,90,101,3,11,16,reliable
Br,Br02,7,600,600,196,216,69,100,20,31,151,reliable
Br,Br02,8,208.073f,208,220,243,69,102,23,33,220,reliable
Br,Br02,9,430,430,249,299,69,103,50,34,395,reliable
Br,Br02,10,059f,059,302,321,69,103,19,34,161,reliable
Br,Br02,11,600,600,328,346,69,101,18,32,179,reliable
Br,Br02,12,026,026,349,377,69,102,28,33,267,reliable
Br,Br02,13,006,006,382,401,70,102,19,32,192,reliable
Br,Br02,14,430,430,403,415,71,102,12,31,102,reliable
Br,Br02,15,059f,059,415,436,69,101,21,32,173,reliable
Br,Br02,16,600,600,442,458,69,101,16,32,136,reliable
Br,Br02,17,300.022,300,463,491,68,102,28,34,241,reliable
Br,Br02,18,430,430,492,526,69,101,34,32,276,reliable
Br,Br02,19,059f,059,528,551,68,101,23,33,191,reliable
Br,Br02,20,600,600,555,572,69,101,17,32,177,reliable
Br,Br02,21,017,017,576,604,68,102,28,34,274,reliable
Br,Br02,22,022,022,607,616,69,102,9,33,92,reliable
Br,Br02,23,430,430,620,628,69,102,8,33,86,reliable
Br,Br02,24,200.003,200,630,648,70,103,18,33,184,reliable
Br,Br02,25,040.095,040,655,694,70,103,39,33,323,reliable
Br,Br02,26,059f.095x,059,697,720,71,102,23,31,206,reliable
Br,Br02,27,064.070.010f,064,723,759,71,104,36,33,318,reliable
Br,Br02,28,205,205,759,800,70,102,41,32,371,reliable
Br,Br02,29,360.002,360,801,832,69,103,31,34,281,reliable
Br,Br02,30,059f,059,833,871,70,104,38,34,332,reliable
Br,Br02,31,095x,095,874,891,71,103,17,32,199,reliable
Br,Br02,32,026,026,896,913,72,104,17,32,138,reliable
Br,Br02,33,006,006,916,934,72,103,18,31,188,reliable
Br,Br02,34,208.073f,208,935,999,71,104,64,33,541,reliable
Br,Br02,35,095x,095,1003,1023,71,103,20,32,167,reliable
Br,Br02,36,017,017,1025,1032,71,102,7,31,87,reliable
Br,Br02,37,022,022,1035,1042,73,101,7,28,66,reliable
Br,Br02,38,430,430,1046,1063,71,104,17,33,153,reliable
Br,Br02,39,300.063,300,1066,1099,70,103,33,33,289,reliable
Br,Br03,0,360.063,360,6,37,126,158,31,32,247,reliable
Br,Br03,1,008,008,39,60,128,158,21,30,220,reliable
Br,Br03,2,330.063,330,63,145,126,159,82,33,730,reliable
Br,Br03,3,330.755,330,148,192,126,157,44,31,383,reliable
Br,Br03,4,330.004.064,330,193,231,124,158,38,34,336,reliable
Br,Br03,5,330.043:050,330,232,266,127,158,34,31,304,reliable
Br,Br03,6,330.004,330,270,327,127,158,57,31,534,reliable
Br,Br03,7,231,231,328,330,128,157,2,29,42,reliable
Br,Br03,8,330.015,330,332,334,128,157,2,29,35,reliable
Br,Br03,9,330.569,330,336,368,125,158,32,33,298,reliable
Br,Br03,10,330,330,369,392,127,158,23,31,172,reliable
Br,Br03,11,016,016,393,399,127,158,6,31,49,reliable
Br,Br03,12,330,330,402,433,127,158,31,31,240,reliable
Br,Br03,13,002?,002,435,479,125,157,44,32,329,reliable
Br,Br03,14,330.020.006,330,481,540,124,158,59,34,448,reliable
Br,Br03,15,330.749,330,543,567,127,159,24,32,194,reliable
Br,Br03,16,006.074f,006,573,607,124,158,34,34,244,reliable
Br,Br03,17,293s,293,607,623,128,157,16,29,154,reliable
Br,Br03,18,008,008,627,643,126,156,16,30,118,reliable
Br,Br03,19,068,068,652,687,126,159,35,33,270,reliable
Br,Br03,20,493,493,690,709,126,159,19,33,157,reliable
Br,Br03,21,755,755,711,736,125,159,25,34,229,reliable
Br,Br03,22,381,381,741,762,125,159,21,34,204,reliable
Br,Br03,23,004.064,004,765,789,125,159,24,34,245,reliable
Br,Br03,24,381,381,792,805,124,159,13,35,154,reliable
Br,Br03,25,043:050,043,810,841,126,159,31,33,246,reliable
Br,Br03,26,384,384,844,851,127,157,7,30,86,reliable
Br,Br03,27,004,004,855,883,125,159,28,34,224,reliable
Br,Br03,28,384,384,885,917,125,159,32,34,296,reliable
Br,Br03,29,061.022.061,061,922,952,126,159,30,33,242,reliable
Br,Br03,30,384,384,954,964,128,158,10,30,148,reliable
Br,Br03,31,015,015,969,990,126,158,21,32,209,reliable
Br,Br03,32,745,745,994,1006,124,158,12,34,116,reliable
Br,Br03,33,569,569,1011,1034,125,158,23,33,208,reliable
Br,Br03,34,745,745,1040,1047,126,158,7,32,94,reliable
Br,Br03,35,001,001,1050,1072,124,158,22,34,221,reliable
Br,Br03,36,745,745,1077,1085,125,158,8,33,69,reliable
Br,Br03,37,016,016,1089,1112,125,157,23,32,155,reliable
Br,Br03,38,745,745,1112,1118,125,132,6,7,15,reliable
Br,Br03,39,002?,002,1121,1129,125,156,8,31,54,reliable
Br,Br04,0,745,745,7,30,183,214,23,31,217,reliable
Br,Br04,1,020.006,020,37,59,183,214,22,31,193,reliable
Br,Br04,2,745.697?,745,63,116,182,215,53,33,451,reliable
Br,Br04,3,745,745,121,148,181,214,27,33,216,reliable
Br,Br04,4,262s,262,148,183,181,215,35,34,302,reliable
Br,Br04,5,001,001,185,191,183,215,6,32,85,reliable
Br,Br04,6,558,558,195,224,182,215,29,33,239,reliable
Br,Br04,7,091.450,091,228,262,183,215,34,32,289,reliable
Br,Br04,8,063,063,266,279,183,214,13,31,107,reliable
Br,Br04,9,384,384,280,311,183,215,31,32,258,reliable
Br,Br04,10,071.126,071,312,343,183,214,31,31,266,reliable
Br,Br04,11,771,771,349,378,182,215,29,33,231,reliable
Br,Br04,12,384,384,382,411,182,214,29,32,242,reliable
Br,Br04,13,003.001,003,414,419,182,215,5,33,65,reliable
Br,Br04,14,470,470,426,427,187,201,1,14,14,reliable
Br,Br04,15,091t,091,426,427,202,206,1,4,4,reliable
Br,Br04,16,450,450,426,468,181,215,42,34,284,reliable
Br,Br04,17,383,383,471,485,182,212,14,30,88,reliable
Br,Br04,18,126,126,487,543,181,214,56,33,453,reliable
Br,Br04,19,678,678,547,563,182,214,16,32,147,reliable
Br,Br04,20,384,384,567,594,181,214,27,33,210,reliable
Br,Br04,21,003.001,003,597,603,182,211,6,29,67,reliable
Br,Br04,22,470,470,607,614,181,214,7,33,83,reliable
Br,Br04,23,091t,091,617,647,182,214,30,32,204,reliable
Br,Br04,24,450,450,653,666,181,212,13,31,121,reliable
Br,Br04,25,063,063,670,682,180,214,12,34,119,reliable
Br,Br04,26,385,385,687,726,180,213,39,33,378,reliable
Br,Br04,27,071,071,729,748,180,213,19,33,196,reliable
Br,Br04,28,003.001f,003,753,789,179,214,36,35,338,reliable
Br,Br04,29,203s,203,792,824,179,215,32,36,301,reliable
Br,Br04,30,263s,263,824,860,180,214,36,34,334,reliable
Br,Br04,31,463s,463,861,918,180,215,57,35,545,reliable
Br,Br04,32,263s,263,918,934,180,215,16,35,126,reliable
Br,Br04,33,200.063,200,934,944,182,213,10,31,104,reliable
Br,Br04,34,700,700,948,950,183,214,2,31,37,reliable
Br,Br04,35,001,001,952,954,182,215,2,33,51,reliable
Br,Br04,36,263s,263,958,986,180,214,28,34,287,reliable
Br,Br04,37,200.063,200,986,1024,180,214,38,34,351,reliable
Br,Br04,38,053,053,1030,1041,181,214,11,33,161,reliable
Br,Br04,39,001,001,1045,1051,180,214,6,34,101,reliable
Br,Br04,40,263s,263,1053,1090,179,213,37,34,334,reliable
Br,Br04,41,373y,373,1092,1127,179,212,35,33,241,reliable
Br,Br04,42,135,135,1129,1140,179,213,11,34,111,reliable
Br,Br04,43,200,200,1143,1168,180,212,25,32,206,reliable
Br,Br05,0,063,063,8,20,239,274,12,35,126,reliable
Br,Br05,1,095,095,25,38,242,273,13,31,117,reliable
Br,Br05,2,303,303,37,87,240,274,50,34,479,reliable
Br,Br05,3,013,013,89,123,238,273,34,35,347,reliable
Br,Br05,4,303s,303,126,144,238,273,18,35,209,reliable
Br,Br05,5,079,079,146,153,239,273,7,34,98,reliable
Br,Br05,6,001,001,156,173,238,273,17,35,199,reliable
Br,Br05,7,755,755,177,208,239,273,31,34,307,reliable
Br,Br05,8,207,207,211,245,239,274,34,35,376,reliable
Br,Br05,9,009,009,245,296,239,274,51,35,437,reliable
Br,Br05,10,203,203,299,332,238,273,33,35,353,reliable
Br,Br05,11,400y.063,400,336,368,238,273,32,35,336,reliable
Br,Br05,12,065.610,065,371,392,238,272,21,34,221,reliable
Br,Br05,13,065.600,065,393,417,238,272,24,34,199,reliable
Br,Br05,14,610,610,421,466,238,271,45,33,399,reliable
Br,Br05,15,009,009,469,489,238,272,20,34,168,reliable
Br,Br05,16,066V.203s,066,493,538,237,272,45,35,378,reliable
Br,Br05,17,730,730,541,567,237,270,26,33,176,reliable
Br,Br05,18,063,063,569,580,237,269,11,32,82,reliable
Br,Br05,19,630.063,630,580,607,236,271,27,35,239,reliable
Br,Br05,20,062.064,062,607,632,237,271,25,34,210,reliable
Br,Br05,21,065,065,636,644,236,271,8,35,98,reliable
Br,Br05,22,275,275,657,678,237,273,21,36,198,reliable
Br,Br05,23,331,331,678,691,236,270,13,34,157,reliable
Br,Br05,24,001,001,697,728,236,271,31,35,293,reliable
Br,Br05,25,730.006x,730,732,743,236,270,11,34,127,reliable
Br,Br05,26,002,002,745,767,236,270,22,34,206,reliable
Br,Br05,27,607,607,766,812,237,272,46,35,399,reliable
Br,Br05,28,063,063,812,829,237,272,17,35,110,reliable
Br,Br05,29,730,730,829,869,237,272,40,35,352,reliable
Br,Br05,30,133,133,874,904,238,269,30,31,274,reliable
Br,Br05,31,773,773,910,921,236,270,11,34,104,reliable
Br,Br05,32,063,063,921,939,236,270,18,34,145,reliable
Br,Br05,33,730,730,939,974,236,270,35,34,330,reliable
Br,Br05,34,067,067,976,991,237,268,15,31,167,reliable
Br,Br05,35,063.096,063,995,997,239,269,2,30,31,reliable
Br,Br05,36,006.009,006,1000,1002,238,265,2,27,36,reliable
Br,Br05,37,028.006,028,1005,1035,236,270,30,34,262,reliable
Br,Br05,38,028,028,1037,1042,255,266,5,11,11,reliable
Br,Br05,39,001,001,1042,1071,237,268,29,31,221,reliable
Br,Br05,40,205,205,1076,1115,236,269,39,33,251,reliable
Br,Br05,41,461,461,1115,1125,238,269,10,31,39,reliable
Br,Br05,42,493,493,1126,1129,242,250,3,8,10,reliable
Br,Br06,0,022,022,8,15,299,329,7,30,73,unreliable
Br,Br06,1,119,119,19,34,303,329,15,26,86,unreliable
Br,Br06,2,739,739,35,54,298,329,19,31,123,unreliable
Br,Br06,3,004.095,004,59,72,296,329,13,33,124,unreliable
Br,Br06,4,700,700,78,101,295,328,23,33,196,unreliable
Br,Br06,5,004.009,004,102,112,297,329,10,32,103,unreliable
Br,Br06,6,002,002,117,144,296,328,27,32,247,unreliable
Br,Br06,7,420,420,146,165,297,328,19,31,168,unreliable
Br,Br06,8,002,002,170,207,297,329,37,32,297,unreliable
Br,Br06,9,430y,430,210,225,296,328,15,32,119,unreliable
Br,Br06,10,780,780,226,258,296,329,32,33,284,unreliable
Br,Br06,11,290.063,290,260,297,295,328,37,33,296,unreliable
Br,Br06,12,755,755,300,320,297,328,20,31,160,unreliable
Br,Br06,13,063,063,326,357,296,329,31,33,218,unreliable
Br,Br06,14,004.064,004,359,371,295,328,12,33,133,unreliable
Br,Br06,15,063,063,375,389,295,327,14,32,101,unreliable
Br,Br06,16,043:050,043,393,403,296,326,10,30,64,unreliable
Br,Br06,17,063,063,406,413,296,327,7,31,75,unreliable
Br,Br06,18,004,004,416,451,294,327,35,33,233,unreliable
Br,Br06,19,063,063,455,464,294,324,9,30,44,unreliable
Br,Br06,20,061.022.061,061,468,471,305,317,3,12,10,unreliable
Br,Br06,21,063,063,473,474,297,308,1,11,11,unreliable
Br,Br06,22,015f.063,015,475,480,297,326,5,29,18,unreliable
Br,Br06,23,569,569,483,491,295,302,8,7,18,unreliable
Br,Br06,24,063,063,492,503,295,327,11,32,54,unreliable
Br,Br06,25,001f,001,507,517,293,325,10,32,74,unreliable
Br,Br06,26,063,063,518,528,294,327,10,33,92,unreliable
Br,Br06,27,016t?,016,531,549,294,327,18,33,99,unreliable
Br,Br06,28,063,063,552,569,293,325,17,32,79,unreliable
Br,Br06,29,016?,016,570,582,293,325,12,32,58,unreliable
Br,Br06,30,063.037,063,583,591,294,326,8,32,55,unreliable
Br,Br06,31,063,063,593,608,294,325,15,31,126,unreliable
Br,Br06,32,020.006,020,613,624,293,325,11,32,49,unreliable
Br,Br06,33,063,063,629,643,293,326,14,33,109,unreliable
Br,Br06,34,618,618,644,648,292,316,4,24,29,unreliable
Br,Br06,35,063,063,656,700,292,327,44,35,349,unreliable
Br,Br06,36,016?,016,705,715,292,326,10,34,95,unreliable
Br,Br06,37,300.008,300,717,723,293,326,6,33,74,unreliable
Br,Br06,38,053,053,727,768,291,325,41,34,422,unreliable
Br,Br06,39,200.022.077.074f,200,773,782,292,325,9,33,116,unreliable
Br,Br06,40,380.022.077,380,786,848,290,326,62,36,507,unreliable
Br,Br06,41,300.027.063,300,854,896,292,325,42,33,321,unreliable
Br,Br06,42,244,244,899,991,290,327,92,37,754,unreliable
Br,Br06,43,039,039,994,1020,291,326,26,35,211,unreliable
Br,Br06,44,004.064,004,1024,1043,291,325,19,34,153,unreliable
Br,Br06,45,300.083,300,1046,1081,290,325,35,35,335,unreliable
Br,Br06,46,324,324,1085,1117,291,324,32,33,224,unreliable
Br,Br07,0,770,770,7,35,354,386,28,32,252,unreliable
Br,Br07,1,600,600,41,64,354,387,23,33,205,unreliable
Br,Br07,2,200.083,200,69,106,353,387,37,34,349,unreliable
Br,Br07,3,022.711,022,111,130,354,387,19,33,172,unreliable
Br,Br07,4,022.711,022,134,225,355,387,91,32,659,unreliable
Br,Br07,5,624.008,624,230,255,354,386,25,32,168,unreliable
Br,Br07,6,066,066,259,294,355,386,35,31,252,unreliable
Br,Br07,7,381,381,297,349,354,387,52,33,383,unreliable
Br,Br07,8,002,002,352,406,354,386,54,32,374,unreliable
Br,Br07,9,092f,092,409,428,354,385,19,31,162,unreliable
Br,Br07,10,080,080,433,439,353,386,6,33,63,unreliable
Br,Br07,11,324,324,453,458,355,384,5,29,27,unreliable
Br,Br07,12,320.008.010,320,464,469,375,386,5,11,17,unreliable
Br,Br07,13,010.053,010,480,491,353,384,11,31,50,unreliable
Br,Br07,14,001.678,001,501,518,353,381,17,28,47,unreliable
Br,Br07,15,040,040,524,542,355,384,18,29,55,unreliable
Br,Br07,16,005.077,005,550,585,351,384,35,33,182,unreliable
Br,Br07,17,638.291,638,591,605,353,383,14,30,110,unreliable
Br,Br07,18,300:042.722,300,609,611,373,382,2,9,9,unreliable
Br,Br07,19,054,054,614,616,353,381,2,28,24,unreliable
Br,Br07,20,011,011,621,640,350,384,19,34,142,unreliable
Br,Br07,21,004.064,004,643,650,350,383,7,33,70,unreliable
Br,Br07,22,004,004,658,665,351,383,7,32,69,unreliable
Br,Br07,23,004,004,668,670,380,383,2,3,4,unreliable
Br,Br07,24,700,700,673,676,351,378,3,27,27,unreliable
Br,Br07,25,060,060,680,714,351,384,34,33,185,unreliable
Br,Br07,26,441s,441,721,776,350,385,55,35,388,unreliable
Br,Br07,27,775,775,781,791,351,382,10,31,84,unreliable
Br,Br07,28,570.084,570,796,810,350,382,14,32,115,unreliable
Br,Br07,29,066?,066,813,848,350,383,35,33,196,unreliable
Br,Br07,30,005,005,851,875,351,384,24,33,144,unreliable
Br,Br07,31,570.084,570,880,886,355,383,6,28,44,unreliable
Br,Br07,32,008,008,891,905,351,384,14,33,86,unreliable
Br,Br07,33,095f,095,908,911,357,365,3,8,10,unreliable
Br,Br07,34,008,008,914,936,351,383,22,32,129,unreliable
Br,Br07,35,745,745,942,965,351,383,23,32,151,unreliable
Br,Br07,36,041,041,972,977,351,381,5,30,64,unreliable
Br,Br07,37,164,164,985,1003,350,383,18,33,143,unreliable
Br,Br07,38,001,001,1008,1013,350,382,5,32,67,unreliable
Br,Br07,39,384,384,1017,1042,350,382,25,32,118,unreliable
Br,Br07,40,008,008,1049,1072,350,380,23,30,136,unreliable
Br,Br07,41,066,066,1079,1087,350,380,8,30,39,unreliable
Br,Br08,0,280,280,9,27,412,441,18,29,97,reliable
Br,Br08,1,002,002,35,45,409,442,10,33,88,reliable
Br,Br08,2,280,280,52,69,409,442,17,33,115,reliable
Br,Br08,3,005,005,73,88,410,440,15,30,117,reliable
Br,Br08,4,392,392,89,112,409,442,23,33,175,reliable
Br,Br08,5,004.064?:042,004,118,135,409,440,17,31,142,reliable
Br,Br08,6,005:042,005,140,160,411,440,20,29,125,reliable
Br,Br08,7,001,001,163,172,409,440,9,31,89,reliable
Br,Br08,8,770,770,176,204,408,442,28,34,193,reliable
Br,Br08,9,001,001,208,217,408,439,9,31,98,reliable
Br,Br08,10,200,200,220,243,408,440,23,32,179,reliable
Br,Br08,11,522y,522,248,269,409,439,21,30,135,reliable
Br,Br08,12,755,755,274,295,408,440,21,32,164,reliable
Br,Br08,13,095,095,301,358,408,443,57,35,441,reliable
Br,Br08,14,200.022,200,362,369,409,441,7,32,86,reliable
Br,Br08,15,022,022,374,398,408,441,24,33,205,reliable
Br,Br08,16,290,290,401,436,408,441,35,33,278,reliable
Br,Br08,17,208,208,440,465,409,442,25,33,231,reliable
Br,Br08,18,760,760,467,495,409,444,28,35,272,reliable
Br,Br08,19,738,738,498,578,409,444,80,35,607,reliable
Br,Br08,20,254,254,581,594,413,444,13,31,101,reliable
Br,Br08,21,235.109b,235,595,625,410,444,30,34,260,reliable
Br,Br08,22,060,060,628,651,410,444,23,34,186,reliable
Br,Br08,23,205,205,657,674,411,443,17,32,111,reliable
Br,Br08,24,747,747,675,679,412,434,4,22,23,reliable
Br,Br08,25,004.064,004,682,689,410,443,7,33,58,reliable
Br,Br08,26,001,001,693,712,413,443,19,30,98,reliable
Br,Br08,27,747,747,715,746,411,443,31,32,189,reliable
Br,Br08,28,770,770,750,762,411,442,12,31,85,reliable
Br,Br08,29,002,002,767,789,411,443,22,32,148,reliable
Br,Br08,30,747,747,794,827,411,442,33,31,232,reliable
Br,Br08,31,653y,653,831,852,408,441,21,33,171,reliable
Br,Br08,32,004.450y,004,855,863,409,442,8,33,78,reliable
Br,Br08,33,044,044,865,894,410,440,29,30,198,reliable
Br,Br08,34,071.065.010,071,899,917,410,441,18,31,181,reliable
Br,Br08,35,009:008,009,924,951,409,442,27,33,196,reliable
Br,Br08,36,069.006,069,951,975,410,441,24,31,156,reliable
Br,Br08,37,133:042,133,979,996,410,441,17,31,187,reliable
Br,Br08,38,008,008,999,1007,411,441,8,30,55,reliable
Br,Br08,39,049f,049,1008,1016,411,442,8,31,52,reliable
Br,Br08,40,006.074f,006,1019,1039,410,442,20,32,153,reliable
Br,Br08,41,600,600,1046,1072,409,443,26,34,249,reliable
Br,Br08,42,462.760,462,1076,1119,409,443,43,34,377,reliable
Br,Br08,43,607,607,1125,1152,410,443,27,33,228,reliable
Br,Br08,44,164,164,1157,1174,411,443,17,32,140,reliable
Br,Br08,45,300.022,300,1175,1205,411,443,30,32,235,reliable
Br,Br09,0,008,008,7,28,463,497,21,34,180,reliable
Br,Br09,1,009,009,33,47,464,497,14,33,83,reliable
Br,Br09,2,066.037?,066,53,67,464,497,14,33,90,reliable
Br,Br09,3,570,570,69,77,464,495,8,31,55,reliable
Br,Br09,4,038,038,82,84,480,485,2,5,7,reliable
Br,Br09,5,208,208,85,107,469,497,22,28,127,reliable
Br,Br09,6,286.074f,286,111,145,462,495,34,33,197,reliable
Br,Br09,7,650y,650,147,180,461,494,33,33,225,reliable
Br,Br09,8,083.041,083,184,212,460,495,28,35,205,reliable
Br,Br09,9,700,700,213,215,461,467,2,6,8,reliable
Br,Br09,10,600,600,217,231,461,494,14,33,92,reliable
Br,Br09,11,044,044,234,253,460,496,19,36,165,reliable
Br,Br09,12,054,054,255,283,460,497,28,37,273,reliable
Br,Br09,13,066,066,284,296,461,496,12,35,117,reliable
Br,Br09,14,095x,095,299,326,461,496,27,35,231,reliable
Br,Br09,15,066,066,331,340,462,494,9,32,89,reliable
Br,Br09,16,301,301,345,361,460,495,16,35,172,reliable
Br,Br09,17,006.074f,006,366,378,461,493,12,32,100,reliable
Br,Br09,18,307,307,383,445,460,496,62,36,491,reliable
Br,Br09,19,066,066,448,470,461,493,22,32,193,reliable
Br,Br09,20,022f,022,472,502,460,495,30,35,250,reliable
Br,Br09,21,066,066,505,516,462,495,11,33,111,reliable
Br,Br09,22,300.066,300,519,530,461,494,11,33,120,reliable
Br,Br09,23,054,054,536,545,462,494,9,32,85,reliable
Br,Br09,24,066,066,549,586,461,495,37,34,297,reliable
Br,Br09,25,741,741,591,606,461,495,15,34,140,reliable
Br,Br09,26,066,066,608,622,461,495,14,34,102,reliable
Br,Br09,27,381,381,624,648,461,493,24,32,196,reliable
Br,Br09,28,104,104,656,667,462,495,11,33,77,reliable
Br,Br09,29,027x,027,670,695,463,494,25,31,172,reliable
Br,Br09,30,301,301,701,732,461,493,31,32,232,reliable
Br,Br09,31,540,540,736,752,461,492,16,31,110,reliable
Br,Br09,32,091,091,756,786,460,494,30,34,224,reliable
Br,Br09,33,053,053,787,814,460,493,27,33,202,reliable
Br,Br09,34,002,002,817,832,461,494,15,33,120,reliable
Br,Br09,35,381,381,835,846,461,491,11,30,112,reliable
Br,Br09,36,091,091,852,869,460,492,17,32,143,reliable
Br,Br09,37,381,381,874,899,460,491,25,31,204,reliable
Br,Br09,38,091,091,903,919,460,492,16,32,131,reliable
Br,Br09,39,166,166,924,948,460,490,24,30,199,reliable
Br,Br09,40,068,068,953,998,460,491,45,31,395,reliable
Br,Br09,41,034,034,998,1023,462,487,25,25,208,reliable
Br,Br09,42,493,493,1027,1060,460,490,33,30,225,reliable
Br,Br09,43,010.044,010,1065,1089,460,489,24,29,170,reliable
Br,Br09,44,001,001,1094,1102,460,492,8,32,96,reliable
Br,Br09,45,522y,522,1107,1132,460,491,25,31,182,reliable
Br,Br09,46,745,745,1139,1167,460,492,28,32,230,reliable
Br,Br09,47,093,093,1170,1193,461,491,23,30,174,reliable
Br,Br09,48,207?,207,1196,1225,468,490,29,22,125,reliable
Br,Br10,0,008,008,6,27,525,555,21,30,181,reliable
Br,Br10,1,739,739,29,46,526,556,17,30,131,reliable
Br,Br10,2,001V,001,50,53,526,555,3,29,35,reliable
Br,Br10,3,101,101,56,58,526,555,2,29,31,reliable
Br,Br10,4,244,244,64,81,524,556,17,32,189,reliable
Br,Br10,5,242,242,82,185,523,556,103,33,814,reliable
Br,Br10,6,600,600,189,197,525,554,8,29,86,reliable
Br,Br10,7,004,004,201,228,523,555,27,32,219,reliable
Br,Br10,8,600,600,232,243,524,554,11,30,97,reliable
Br,Br10,9,040,040,246,260,524,554,14,30,123,reliable
Br,Br10,10,700f,700,266,304,521,554,38,33,291,reliable
Br,Br10,11,324.076,324,307,342,523,555,35,32,294,reliable
Br,Br10,12,300.001,300,345,385,522,555,40,33,326,reliable
Br,Br10,13,590.005,590,386,420,524,555,34,31,301,reliable
Br,Br10,14,380.050,380,422,448,522,555,26,33,249,reliable
Br,Br10,15,600,600,453,484,523,555,31,32,240,reliable
Br,Br10,16,430.076,430,487,514,523,555,27,32,231,reliable
Br,Br10,17,430y.076,430,516,542,523,553,26,30,209,reliable
Br,Br10,18,430,430,544,567,522,556,23,34,215,reliable
Br,Br10,19,076,076,571,607,524,554,36,30,309,reliable
Br,Br10,20,755,755,608,634,524,556,26,32,223,reliable
Br,Br10,21,063.004.064,063,638,648,525,555,10,30,102,reliable
Br,Br10,22,670.700,670,654,683,523,555,29,32,197,reliable
Br,Br10,23,470,470,686,727,521,555,41,34,316,reliable
Br,Br10,24,021ft,021,727,751,521,554,24,33,211,reliable
Br,Br10,25,244,244,754,793,520,554,39,34,316,reliable
Br,Br10,26,290,290,794,829,520,554,35,34,304,reliable
Br,Br10,27,379.065,379,829,833,522,553,4,31,49,reliable
Br,Br10,28,290.053,290,838,840,523,552,2,29,51,reliable
Br,Br10,29,015?,015,841,843,522,553,2,31,53,reliable
Br,Br10,30,002,002,844,846,522,552,2,30,35,reliable
Br,Br10,31,300.755,300,851,862,521,553,11,32,129,reliable
Br,Br10,32,004.064,004,867,921,520,555,54,35,438,reliable
Br,Br10,33,755?,755,923,948,520,554,25,34,209,reliable
Bv,Bv01,0,700,700,5,16,14,43,11,29,79,unreliable
Bv,Bv01,1,307.003,307,20,52,14,43,32,29,181,unreliable
Bv,Bv01,2,207,207,56,61,15,40,5,25,34,unreliable
Bv,Bv01,3,027,027,65,97,13,44,32,31,225,unreliable
Bv,Bv01,4,311s?,311,103,119,14,45,16,31,126,unreliable
Bv,Bv01,5,700.008,700,125,166,14,46,41,32,290,unreliable
Bv,Bv01,6,607,607,170,202,16,45,32,29,250,unreliable
Bv,Bv01,7,306,306,209,241,13,39,32,26,212,unreliable
Bv,Bv01,8,006.074f,006,248,312,13,46,64,33,442,unreliable
Bv,Bv01,9,204s?,204,317,373,15,47,56,32,428,unreliable
Bv,Bv01,10,141,141,375,400,15,47,25,32,184,unreliable
Bv,Bv01,11,200,200,403,427,14,46,24,32,208,unreliable
Bv,Bv01,12,200,200,435,466,13,45,31,32,238,unreliable
Bv,Bv01,13,208,208,471,502,13,45,31,32,237,unreliable
Bv,Bv01,14,302,302,504,525,14,38,21,24,123,unreliable
Bv,Bv01,15,092,092,528,577,14,46,49,32,348,unreliable
Bv,Bv01,16,022.244,022,580,607,16,46,27,30,169,unreliable
Bv,Bv01,17,600,600,611,644,17,47,33,30,190,unreliable
Bv,Bv01,18,405,405,651,692,16,46,41,30,233,unreliable
Bv,Bv01,19,008.049f?,008,698,712,16,39,14,23,65,unreliable
Bv,Bv01,20,569,569,719,768,16,45,49,29,276,unreliable
Bv,Bv01,21,405.008,405,771,803,16,47,32,31,148,unreliable
Bv,Bv01,22,049f.069,049,807,837,17,47,30,30,208,unreliable
Bv,Bv01,23,039,039,842,853,16,47,11,31,112,unreliable
Bv,Bv01,24,002,002,856,882,16,46,26,30,201,unreliable
Bv,Bv01,25,600,600,886,899,17,47,13,30,98,unreliable
Bv,Bv01,26,060,060,903,924,17,46,21,29,134,unreliable
Bv,Bv01,27,400,400,931,969,18,47,38,29,243,unreliable
Bv,Bv01,28,320.022,320,975,993,20,47,18,27,63,unreliable
Bv,Bv01,29,069,069,995,1013,17,47,18,30,55,unreliable
Bv,Bv02,0,067?,067,6,23,73,98,17,25,103,unreliable
Bv,Bv02,1,044,044,31,40,67,100,9,33,95,unreliable
Bv,Bv02,2,067,067,47,60,68,101,13,33,94,unreliable
Bv,Bv02,3,044,044,65,73,67,99,8,32,82,unreliable
Bv,Bv02,4,541,541,77,104,68,101,27,33,190,unreliable
Bv,Bv02,5,040,040,107,117,68,100,10,32,76,unreliable
Bv,Bv02,6,040,040,121,129,67,99,8,32,78,unreliable
Bv,Bv02,7,445.041,445,134,163,71,100,29,29,182,unreliable
Bv,Bv02,8,040,040,167,177,68,101,10,33,96,unreliable
Bv,Bv02,9,745.076,745,184,214,68,100,30,32,230,unreliable
Bv,Bv02,10,430,430,217,230,74,100,13,26,93,unreliable
Bv,Bv02,11,739,739,234,242,78,91,8,13,32,unreliable
Bv,Bv02,12,022,022,247,250,84,93,3,9,12,unreliable
Bv,Bv02,13,050,050,253,278,70,102,25,32,155,unreliable
Bv,Bv02,14,022,022,283,291,70,102,8,32,82,unreliable
Bv,Bv02,15,002,002,296,307,70,104,11,34,132,unreliable
Bv,Bv02,16,022.010,022,311,319,70,103,8,33,78,unreliable
Bv,Bv02,17,007,007,324,336,69,104,12,35,121,unreliable
Bv,Bv02,18,059f,059,341,361,69,103,20,34,192,unreliable
Bv,Bv02,19,006.074f.326.077,006,364,406,67,103,42,36,333,unreliable
Bv,Bv02,20,420y.430,420,412,436,69,102,24,33,216,unreliable
Bv,Bv02,21,077,077,444,486,68,103,42,35,412,unreliable
Bv,Bv02,22,654y,654,491,525,67,102,34,35,329,unreliable
Bv,Bv02,23,380.007,380,529,538,68,102,9,34,113,unreliable
Bv,Bv02,24,380y.280,380,544,593,67,103,49,36,449,unreliable
Bv,Bv02,25,060,060,596,645,68,104,49,36,375,unreliable
Bv,Bv02,26,380y.002,380,652,704,69,103,52,34,347,unreliable
Bv,Bv02,27,010.133,010,707,754,69,104,47,35,269,unreliable
Bv,Bv02,28,060.169.678,060,760,779,70,102,19,32,129,unreliable
Bv,Bv02,29,040,040,783,793,70,102,10,32,63,unreliable
Bv,Bv02,30,041,041,797,829,70,103,32,33,203,unreliable
Bv,Bv02,31,700,700,832,846,78,102,14,24,83,unreliable
Bv,Bv02,32,522y.070,522,851,858,71,102,7,31,72,unreliable
Bv,Bv02,33,484,484,861,868,71,103,7,32,76,unreliable
Bv,Bv02,34,470,470,873,882,71,103,9,32,87,unreliable
Bv,Bv02,35,021t,021,886,926,71,104,40,33,309,unreliable
Bv,Bv02,36,360.040,360,933,996,72,104,63,32,377,unreliable
Bv,Bv02,37,630,630,1000,1063,71,104,63,33,413,unreliable
Bv,Bv02,38,047,047,1065,1082,70,104,17,34,106,unreliable
Bv,Bv02,39,326.076,326,1085,1122,71,103,37,32,318,unreliable
Bv,Bv02,40,006.074f,006,1126,1148,71,103,22,32,178,unreliable
Bv,Bv02,41,374y.074,374,1152,1192,70,104,40,34,321,unreliable
Bv,Bv02,42,084,084,1196,1213,71,104,17,33,139,unreliable
Bv,Bv02,43,007,007,1216,1235,72,104,19,32,181,unreliable
Bv,Bv02,44,095,095,1241,1259,72,103,18,31,120,unreliable
Bv,Bv02,45,700.003,700,1262,1285,72,104,23,32,165,unreliable
Bv,Bv03,0,095,095,6,23,128,157,17,29,105,reliable
Bv,Bv03,1,755,755,25,46,128,159,21,31,128,reliable
Bv,Bv03,2,116,116,51,70,128,157,19,29,105,reliable
Bv,Bv03,3,206.074f,206,74,119,128,157,45,29,275,reliable
Bv,Bv03,4,050,050,123,132,129,157,9,28,83,reliable
Bv,Bv03,5,381,381,139,207,128,159,68,31,521,reliable
Bv,Bv03,6,003,003,212,252,128,159,40,31,373,reliable
Bv,Bv03,7,405,405,255,269,128,159,14,31,143,reliable
Bv,Bv03,8,071,071,273,283,129,160,10,31,90,reliable
Bv,Bv03,9,002.600,002,287,300,130,159,13,29,96,reliable
Bv,Bv03,10,054,054,302,313,128,158,11,30,88,reliable
Bv,Bv03,11,066,066,317,340,128,160,23,32,194,reliable
Bv,Bv03,12,095x,095,344,366,130,159,22,29,145,reliable
Bv,Bv03,13,066,066,368,395,128,160,27,32,229,reliable
Bv,Bv03,14,381,381,397,406,128,159,9,31,95,reliable
Bv,Bv03,15,006.074f,006,410,419,128,159,9,31,114,reliable
Bv,Bv03,16,307,307,423,434,128,159,11,31,104,reliable
Bv,Bv03,17,066,066,438,482,128,159,44,31,355,reliable
Bv,Bv03,18,022f,022,485,496,129,159,11,30,119,reliable
Bv,Bv03,19,066,066,499,525,128,159,26,31,227,reliable
Bv,Bv03,20,540.091,540,527,541,129,160,14,31,145,reliable
Bv,Bv03,21,053,053,544,567,128,159,23,31,211,reliable
Bv,Bv03,22,575,575,570,596,128,160,26,32,240,reliable
Bv,Bv03,23,056,056,599,629,129,161,30,32,251,reliable
Bv,Bv03,24,200,200,632,642,131,161,10,30,120,reliable
Bv,Bv03,25,069.056,069,652,675,128,161,23,33,208,reliable
Bv,Bv03,26,730.069,730,682,704,128,161,22,33,159,reliable
Bv,Bv03,27,022f,022,707,719,129,160,12,31,82,reliable
Bv,Bv03,28,095,095,722,730,129,159,8,30,91,reliable
Bv,Bv03,29,044f,044,734,749,129,159,15,30,107,reliable
Bv,Bv03,30,166,166,751,788,128,161,37,33,256,reliable
Bv,Bv03,31,068,068,790,802,129,160,12,31,74,reliable
Bv,Bv03,32,022f,022,803,810,128,159,7,31,69,reliable
Bv,Bv03,33,300.079,300,814,836,129,161,22,32,196,reliable
Bv,Bv03,34,065.003,065,837,881,129,161,44,32,373,reliable
Bv,Bv03,35,200,200,883,903,129,161,20,32,170,reliable
Bv,Bv03,36,235.065.003,235,907,912,130,160,5,30,50,reliable
Bv,Bv03,37,100.003,100,917,931,130,161,14,31,141,reliable
Bv,Bv03,38,054,054,935,945,130,161,10,31,121,reliable
Bv,Bv03,39,050,050,950,964,130,161,14,31,102,reliable
Bv,Bv03,40,002,002,967,984,131,159,17,28,145,reliable
Bv,Bv03,41,013.003,013,985,996,131,155,11,24,57,reliable
Bv,Bv03,42,095,095,1002,1020,132,151,18,19,86,reliable
Bv,Bv03,43,065.003,065,1024,1046,132,148,22,16,102,reliable
Bv,Bv04,0,065.003,065,6,26,183,214,20,31,137,reliable
Bv,Bv04,1,006.001,006,30,51,183,214,21,31,188,reliable
Bv,Bv04,2,006.009.003,006,57,87,183,214,30,31,224,reliable
Bv,Bv04,3,005.003,005,88,95,183,211,7,28,63,reliable
Bv,Bv04,4,005.003,005,101,125,183,213,24,30,185,reliable
Bv,Bv04,5,001,001,129,151,183,214,22,31,176,reliable
Bv,Bv04,6,059f.450y,059,155,161,183,215,6,32,101,reliable
Bv,Bv04,7,059f.450y,059,164,202,183,216,38,33,300,reliable
Bv,Bv04,8,059f.003,059,203,275,183,216,72,33,591,reliable
Bv,Bv04,9,002,002,281,291,185,216,10,31,117,reliable
Bv,Bv04,10,300.002,300,297,332,184,216,35,32,316,reliable
Bv,Bv04,11,004,004,337,344,184,214,7,30,76,reliable
Bv,Bv04,12,381,381,350,374,184,216,24,32,219,reliable
Bv,Bv04,13,060,060,377,388,185,216,11,31,101,reliable
Bv,Bv04,14,755,755,392,411,184,216,19,32,182,reliable
Bv,Bv04,15,600,600,416,439,183,216,23,33,254,reliable
Bv,Bv04,16,029y,029,444,458,183,216,14,33,175,reliable
Bv,Bv04,17,022.600,022,460,494,183,216,34,33,349,reliable
Bv,Bv04,18,060,060,497,508,185,216,11,31,103,reliable
Bv,Bv04,19,574s.003,574,510,552,183,216,42,33,338,reliable
Bv,Bv04,20,204s,204,554,599,183,216,45,33,394,reliable
Bv,Bv04,21,054,054,603,645,185,217,42,32,378,reliable
Bv,Bv04,22,306s.003,306,656,678,184,216,22,32,182,reliable
Bv,Bv04,23,001.006,001,680,709,184,216,29,32,237,reliable
Bv,Bv04,24,009.006,009,712,713,189,215,1,26,25,reliable
Bv,Bv04,25,005.006,005,714,739,185,216,25,31,177,reliable
Bv,Bv04,26,001,001,743,749,184,217,6,33,78,reliable
Bv,Bv04,27,200.003,200,754,788,184,218,34,34,267,reliable
Bv,Bv04,28,095f,095,794,812,186,217,18,31,150,reliable
Bv,Bv04,29,032,032,813,821,185,217,8,32,81,reliable
Bv,Bv04,30,700.069,700,828,851,185,217,23,32,230,reliable
Bv,Bv04,31,032,032,854,861,185,217,7,32,73,reliable
Bv,Bv04,32,200.032,200,863,893,185,217,30,32,279,reliable
Bv,Bv04,33,091.032,091,900,921,186,218,21,32,197,reliable
Bv,Bv04,34,739.003,739,926,946,187,218,20,31,157,reliable
Bv,Bv04,35,739,739,947,955,187,216,8,29,71,reliable
Bv,Bv04,36,670,670,960,976,186,218,16,32,161,reliable
Bv,Bv04,37,246.077,246,979,1051,185,218,72,33,587,reliable
Bv,Bv04,38,002.077,002,1054,1080,186,217,26,31,283,reliable
Bv,Bv04,39,430,430,1085,1104,185,218,19,33,212,reliable
Bv,Bv04,40,134,134,1107,1123,185,218,16,33,138,reliable
Bv,Bv04,41,005,005,1126,1139,186,217,13,31,183,reliable
Bv,Bv04,42,670,670,1139,1168,186,218,29,32,261,reliable
Bv,Bv05,0,465,465,7,44,241,273,37,32,295,reliable
Bv,Bv05,1,029y,029,48,62,241,274,14,33,149,reliable
Bv,Bv05,2,039,039,66,91,241,275,25,34,169,reliable
Bv,Bv05,3,600V,600,93,120,241,275,27,34,197,reliable
Bv,Bv05,4,048,048,123,131,241,273,8,32,83,reliable
Bv,Bv05,5,291,291,133,160,242,275,27,33,226,reliable
Bv,Bv05,6,292s,292,162,192,241,275,30,34,313,reliable
Bv,Bv05,7,200.600,200,192,240,241,275,48,34,442,reliable
Bv,Bv05,8,027.006,027,245,274,242,276,29,34,287,reliable
Bv,Bv05,9,011.006,011,276,297,242,275,21,33,235,reliable
Bv,Bv05,10,077.208,077,301,346,242,276,45,34,403,reliable
Bv,Bv05,11,034,034,347,371,243,274,24,31,214,reliable
Bv,Bv05,12,027,027,375,390,243,275,15,32,160,reliable
Bv,Bv05,13,663,663,392,419,242,275,27,33,268,reliable
Bv,Bv05,14,002,002,424,434,243,275,10,32,129,reliable
Bv,Bv05,15,065:042,065,437,451,243,276,14,33,130,reliable
Bv,Bv05,16,300,300,451,473,241,275,22,34,215,reliable
Bv,Bv05,17,385,385,476,499,242,275,23,33,244,reliable
Bv,Bv05,18,003.065.200,003,502,550,242,275,48,33,390,reliable
Bv,Bv05,19,236s,236,553,613,242,276,60,34,585,reliable
Bv,Bv05,20,300,300,617,645,243,276,28,33,259,reliable
Bv,Bv05,21,232b,232,654,677,242,275,23,33,191,reliable
Bv,Bv05,22,446,446,679,703,242,274,24,32,200,reliable
Bv,Bv05,23,300,300,709,731,242,275,22,33,187,reliable
Bv,Bv05,24,385,385,738,743,246,272,5,26,54,reliable
Bv,Bv05,25,003.065.200,003,746,755,243,275,9,32,46,reliable
Bv,Bv05,26,002,002,755,784,243,275,29,32,239,reliable
Bv,Bv05,27,091,091,788,797,244,275,9,31,103,reliable
Bv,Bv05,28,582.074,582,805,818,244,276,13,32,115,reliable
Bv,Bv05,29,006.024.062,006,819,859,243,277,40,34,369,reliable
Bv,Bv05,30,291,291,864,901,244,276,37,32,346,reliable
Bv,Bv05,31,034,034,902,925,245,276,23,31,213,reliable
Bv,Bv05,32,208,208,928,954,245,276,26,31,219,reliable
Bv,Bv05,33,540.065.003,540,957,990,245,277,33,32,249,reliable
Bv,Bv05,34,027f,027,994,1040,245,277,46,32,340,reliable
Bv,Bv05,35,001.063,001,1043,1061,245,277,18,32,188,reliable
Bv,Bv05,36,430.076,430,1066,1118,244,277,52,33,477,reliable
Bv,Bv05,37,011,011,1120,1127,244,277,7,33,127,reliable
Bv,Bv05,38,065:042,065,1130,1143,243,276,13,33,123,reliable
Bv,Bv05,39,600.076,600,1145,1175,244,277,30,33,284,reliable
Bv,Bv06,0,001,001,10,15,299,333,5,34,67,reliable
Bv,Bv06,1,001V,001,21,30,299,333,9,34,79,reliable
Bv,Bv06,2,065:042,065,34,48,299,333,14,34,113,reliable
Bv,Bv06,3,002,002,53,65,300,333,12,33,100,reliable
Bv,Bv06,4,745,745,71,95,299,333,24,34,238,reliable
Bv,Bv06,5,003.065.200,003,101,153,299,333,52,34,393,reliable
Bv,Bv06,6,002.052x,002,159,184,298,332,25,34,232,reliable
Bv,Bv06,7,474,474,193,243,298,333,50,35,366,reliable
Bv,Bv06,8,052x,052,248,293,298,333,45,35,406,reliable
Bv,Bv06,9,482.052x,482,299,306,298,333,7,35,81,reliable
Bv,Bv06,10,001,001,310,332,299,333,22,34,190,reliable
Bv,Bv06,11,095f,095,337,365,299,333,28,34,215,reliable
Bv,Bv06,12,095f,095,370,383,300,334,13,34,172,reliable
Bv,Bv06,13,105,105,392,427,298,333,35,35,287,reliable
Bv,Bv06,14,001.300,001,428,460,298,334,32,36,233,reliable
Bv,Bv06,15,065.065:042,065,462,489,298,332,27,34,215,reliable
Bv,Bv06,16,300,300,494,599,297,334,105,37,850,reliable
Bv,Bv06,17,048.385.008,048,604,629,296,332,25,36,216,reliable
Bv,Bv06,18,200.600,200,633,656,297,331,23,34,128,reliable
Bv,Bv06,19,600,600,657,659,294,322,2,28,16,reliable
Bv,Bv06,20,027.006,027,660,661,295,301,1,6,6,reliable
Bv,Bv06,21,700,700,664,674,294,329,10,35,111,reliable
Bv,Bv06,22,011.209a,011,680,739,294,330,59,36,468,reliable
Bv,Bv06,23,034,034,744,771,297,330,27,33,205,reliable
Bv,Bv06,24,027,027,778,794,296,331,16,35,153,reliable
Bv,Bv06,25,673,673,796,826,296,332,30,36,254,reliable
Bv,Bv06,26,002,002,830,843,296,332,13,36,143,reliable
Bv,Bv06,27,065:042.300,065,845,886,295,331,41,36,349,reliable
Bv,Bv06,28,385,385,890,916,296,331,26,35,224,reliable
Bv,Bv06,29,003.065.200,003,920,975,296,331,55,35,442,reliable
Bv,Bv06,30,092f,092,981,999,297,332,18,35,162,reliable
Bv,Bv06,31,092f,092,1002,1019,296,332,17,36,166,reliable
Bv,Bv06,32,002,002,1025,1037,297,332,12,35,136,reliable
Bv,Bv06,33,600.032,600,1041,1076,295,333,35,38,316,reliable
Bv,Bv06,34,600.032,600,1079,1117,296,332,38,36,336,reliable
Bv,Bv06,35,206,206,1120,1159,296,333,39,37,263,reliable
Bv,Bv06,36,326,326,1160,1197,296,332,37,36,294,reliable
Bv,Bv06,37,326,326,1199,1235,296,332,36,36,260,reliable
Bv,Bv06,38,608,608,1238,1279,294,330,41,36,280,reliable
Bv,Bv06,39,133:042,133,1284,1301,296,329,17,33,121,reliable
Bv,Bv06,40,610,610,1306,1328,294,328,22,34,157,reliable
Bv,Bv07,0,400y,400,5,24,353,382,19,29,91,unreliable
Bv,Bv07,1,207,207,29,64,353,384,35,31,250,unreliable
Bv,Bv07,2,385,385,66,88,353,383,22,30,172,unreliable
Bv,Bv07,3,003.065.200,003,93,137,353,385,44,32,335,unreliable
Bv,Bv07,4,196,196,141,176,353,387,35,34,318,unreliable
Bv,Bv07,5,002,002,180,189,354,386,9,32,102,unreliable
Bv,Bv07,6,306,306,193,287,353,386,94,33,723,unreliable
Bv,Bv07,7,326,326,289,373,353,387,84,34,584,unreliable
Bv,Bv07,8,326,326,376,404,353,386,28,33,207,unreliable
Bv,Bv07,9,670,670,405,424,353,386,19,33,155,unreliable
Bv,Bv07,10,608,608,426,453,354,386,27,32,209,unreliable
Bv,Bv07,11,133:042,133,454,477,353,385,23,32,207,unreliable
Bv,Bv07,12,381,381,480,523,353,385,43,32,392,unreliable
Bv,Bv07,13,400,400,527,534,353,385,7,32,85,unreliable
Bv,Bv07,14,387,387,538,548,353,385,10,32,121,unreliable
Bv,Bv07,15,385,385,553,578,353,386,25,33,202,unreliable
Bv,Bv07,16,003.065.200,003,582,602,354,386,20,32,142,unreliable
Bv,Bv07,17,044,044,604,619,353,385,15,32,103,unreliable
Bv,Bv07,18,002,002,622,645,353,386,23,33,180,unreliable
Bv,Bv07,19,001.062x,001,650,695,353,386,45,33,358,unreliable
Bv,Bv07,20,420y,420,698,738,353,386,40,33,267,unreliable
Bv,Bv07,21,095,095,742,751,353,385,9,32,76,unreliable
Bv,Bv07,22,385,385,754,786,353,386,32,33,208,unreliable
Bv,Bv07,23,003.065.200,003,787,792,354,386,5,32,39,unreliable
Bv,Bv07,24,320.048,320,797,807,353,386,10,33,108,unreliable
Bv,Bv07,25,017,017,810,849,354,387,39,33,269,unreliable
Bv,Bv07,26,320.048,320,855,864,354,387,9,33,81,unreliable
Bv,Bv07,27,017,017,870,894,355,387,24,32,182,unreliable
Bv,Bv07,28,320.048,320,899,911,355,387,12,32,81,unreliable
Bv,Bv07,29,019,019,913,919,356,386,6,30,46,unreliable
Bv,Bv07,30,320.048,320,923,958,354,387,35,33,204,unreliable
Bv,Bv07,31,102,102,962,985,354,387,23,33,139,unreliable
Bv,Bv07,32,385,385,987,1003,354,387,16,33,111,unreliable
Bv,Bv07,33,065.003,065,1004,1012,355,371,8,16,27,unreliable
Bv,Bv07,34,320.045,320,1015,1020,371,386,5,15,20,unreliable
Bv,Bv07,35,610,610,1021,1043,355,387,22,32,105,unreliable
Bv,Bv07,36,607,607,1048,1056,354,386,8,32,42,unreliable
Bv,Bv07,37,385,385,1062,1067,355,385,5,30,51,unreliable
Bv,Bv07,38,065.003,065,1071,1088,354,387,17,33,124,unreliable
Bv,Bv07,39,002.010,002,1094,1118,354,387,24,33,212,unreliable
Bv,Bv07,40,002.065.003,002,1119,1126,355,386,7,31,66,unreliable
Bv,Bv07,41,002.010,002,1130,1149,354,387,19,33,197,unreliable
Bv,Bv07,42,385?,385,1154,1185,353,385,31,32,211,unreliable
Bv,Bv08,0,045,045,8,16,412,445,8,33,93,reliable
Bv,Bv08,1,002.010,002,19,38,412,445,19,33,183,reliable
Bv,Bv08,2,451,451,41,58,412,444,17,32,129,reliable
Bv,Bv08,3,205.003,205,63,100,411,445,37,34,305,reliable
Bv,Bv08,4,490.079.010.003,490,105,146,409,445,41,36,344,reliable
Bv,Bv08,5,099,099,148,168,410,444,20,34,193,reliable
Bv,Bv08,6,166,166,170,191,410,444,21,34,237,reliable
Bv,Bv08,7,068,068,195,211,410,441,16,31,132,reliable
Bv,Bv08,8,045.009.037,045,213,246,410,443,33,33,301,reliable
Bv,Bv08,9,010.001f,010,250,268,409,443,18,34,211,reliable
Bv,Bv08,10,522f,522,273,297,408,443,24,35,181,reliable
Bv,Bv08,11,381.009,381,299,380,410,445,81,35,663,reliable
Bv,Bv08,12,260.001,260,384,405,409,443,21,34,188,reliable
Bv,Bv08,13,004.711,004,408,439,408,443,31,35,301,reliable
Bv,Bv08,14,260.001,260,443,460,409,442,17,33,170,reliable
Bv,Bv08,15,004.711,004,465,485,409,442,20,33,228,reliable
Bv,Bv08,16,700.003,700,490,504,410,443,14,33,123,reliable
Bv,Bv08,17,095,095,507,544,409,443,37,34,373,reliable
Bv,Bv08,18,022.095f:008,022,548,585,408,444,37,36,364,reliable
Bv,Bv08,19,360.008,360,587,621,410,444,34,34,362,reliable
Bv,Bv08,20,006.001.006,006,626,646,410,444,20,34,216,reliable
Bv,Bv08,21,006.001,006,653,694,411,442,41,31,300,reliable
Bv,Bv08,22,567.006:005,567,697,736,409,442,39,33,347,reliable
Bv,Bv08,23,208.016,208,739,746,409,440,7,31,79,reliable
Bv,Bv08,24,001,001,749,766,409,440,17,31,192,reliable
Bv,Bv08,25,008,008,767,777,408,440,10,32,84,reliable
Bv,Bv08,26,022,022,780,787,408,440,7,32,67,reliable
Bv,Bv08,27,016,016,790,806,407,441,16,34,159,reliable
Bv,Bv08,28,054,054,811,833,407,440,22,33,225,reliable
Bv,Bv08,29,165,165,838,852,407,439,14,32,149,reliable
Bv,Bv08,30,054,054,857,863,406,439,6,33,84,reliable
Bv,Bv08,31,001,001,867,910,406,440,43,34,374,reliable
Bv,Bv08,32,492,492,912,947,407,439,35,32,276,reliable
Bv,Bv08,33,200.171,200,949,972,407,438,23,31,146,reliable
Bv,Bv08,34,670,670,973,1002,407,438,29,31,184,reliable
Bv,Bv08,35,060,060,1003,1016,406,439,13,33,101,reliable
Bv,Bv08,36,008,008,1019,1036,408,438,17,30,171,reliable
Bv,Bv08,37,053,053,1040,1043,408,437,3,29,34,reliable
Bv,Bv08,38,008,008,1044,1052,408,437,8,29,82,reliable
Bv,Bv08,39,022,022,1055,1072,407,439,17,32,187,reliable
Bv,Bv08,40,006.074f,006,1075,1108,407,438,33,31,278,reliable
Bv,Bv08,41,240.545,240,1113,1172,406,439,59,33,480,reliable
Bv,Bv08,42,004.064,004,1174,1197,408,439,23,31,210,reliable
Bv,Bv09,0,060,060,12,14,490,498,2,8,10,reliable
Bv,Bv09,1,430,430,15,42,469,501,27,32,144,reliable
Bv,Bv09,2,450,450,42,47,470,501,5,31,42,reliable
Bv,Bv09,3,440,440,46,52,470,498,6,28,42,reliable
Bv,Bv09,4,021t,021,57,96,467,501,39,34,299,reliable
Bv,Bv09,5,211,211,99,120,467,501,21,34,169,reliable
Bv,Bv09,6,006,006,123,155,466,500,32,34,282,reliable
Bv,Bv09,7,400.004,400,157,202,466,500,45,34,402,reliable
Bv,Bv09,8,140,140,205,221,465,499,16,34,192,reliable
Bv,Bv09,9,200.022,200,225,262,465,500,37,35,312,reliable
Bv,Bv09,10,007,007,265,285,466,500,20,34,178,reliable
Bv,Bv09,11,004,004,287,294,465,499,7,34,85,reliable
Bv,Bv09,12,156,156,299,313,465,499,14,34,131,reliable
Bv,Bv09,13,007,007,316,332,466,499,16,33,167,reliable
Bv,Bv09,14,004,004,336,342,466,497,6,31,80,reliable
Bv,Bv09,15,154,154,348,364,465,499,16,34,144,reliable
Bv,Bv09,16,079,079,367,381,465,499,14,34,112,reliable
Bv,Bv09,17,065,065,384,394,466,498,10,32,88,reliable
Bv,Bv09,18,022f,022,396,408,466,498,12,32,109,reliable
Bv,Bv09,19,027x,027,413,427,465,499,14,34,164,reliable
Bv,Bv09,20,024,024,431,444,465,499,13,34,150,reliable
Bv,Bv09,21,045.009.037,045,447,480,466,498,33,32,298,reliable
Bv,Bv09,22,010.001,010,484,501,466,500,17,34,209,reliable
Bv,Bv09,23,044f,044,505,516,466,500,11,34,127,reliable
Bv,Bv09,24,522f,522,519,542,466,500,23,34,209,reliable
Bv,Bv09,25,045.061.009,045,547,584,467,499,37,32,302,reliable
Bv,Bv09,26,260.001,260,585,620,466,501,35,35,286,reliable
Bv,Bv09,27,004.711,004,624,645,466,500,21,34,190,reliable
Bv,Bv09,28,059f,059,650,673,468,500,23,32,166,reliable
Bv,Bv09,29,304s,304,676,713,466,501,37,35,310,reliable
Bv,Bv09,30,493,493,717,749,466,500,32,34,245,reliable
Bv,Bv09,31,304s,304,751,784,465,498,33,33,300,reliable
Bv,Bv09,32,407.063h,407,785,823,465,498,38,33,308,reliable
Bv,Bv09,33,001t,001,823,828,480,498,5,18,47,reliable
Bv,Bv09,34,607,607,830,861,465,498,31,33,270,reliable
Bv,Bv09,35,065,065,862,873,465,497,11,32,90,reliable
Bv,Bv09,36,022f,022,877,889,464,496,12,32,113,reliable
Bv,Bv09,37,004.064,004,893,915,464,496,22,32,175,reliable
Bv,Bv09,38,305,305,916,945,464,497,29,33,198,reliable
Bv,Bv09,39,004.064,004,949,968,465,496,19,31,142,reliable
Bv,Bv09,40,022f,022,970,981,464,496,11,32,102,reliable
Bv,Bv09,41,215,215,986,1017,464,496,31,32,212,reliable
Bv,Bv09,42,381.009,381,1023,1067,464,497,44,33,344,reliable
Bv,Bv09,43,062.001,062,1071,1088,464,497,17,33,171,reliable
Bv,Bv09,44,034,034,1091,1116,464,496,25,32,209,reliable
Bv,Bv09,45,041,041,1120,1128,464,496,8,32,79,reliable
Bv,Bv09,46,166,166,1133,1155,465,497,22,32,197,reliable
Bv,Bv09,47,068,068,1160,1174,465,497,14,32,122,reliable
Bv,Bv09,48,306s,306,1176,1214,466,497,38,31,306,reliable
Bv,Bv09,49,400.065,400,1213,1251,466,498,38,32,268,reliable
Bv,Bv09,50,700?,700,1258,1262,475,493,4,18,21,reliable
Bv,Bv09,51,700?,700,1261,1268,474,495,7,21,36,reliable
Bv,Bv10,0,166,166,7,24,527,556,17,29,165,reliable
Bv,Bv10,1,068,068,29,43,527,556,14,29,85,reliable
Bv,Bv10,2,493.054,493,49,99,525,556,50,31,363,reliable
Bv,Bv10,3,492.054,492,102,158,523,554,56,31,451,reliable
Bv,Bv10,4,167,167,160,190,523,554,30,31,265,reliable
Bv,Bv10,5,002.010.037,002,194,226,524,554,32,30,238,reliable
Bv,Bv10,6,167,167,229,256,524,554,27,30,226,reliable
Bv,Bv10,7,727,727,258,283,523,554,25,31,188,reliable
Bv,Bv10,8,733,733,286,318,523,554,32,31,208,reliable
Bv,Bv10,9,001.200,001,321,355,522,553,34,31,271,reliable
Bv,Bv10,10,581.376,581,357,411,522,554,54,32,418,reliable
Bv,Bv10,11,022f?,022,415,427,524,553,12,29,100,reliable
Bv,Bv10,12,002,002,435,449,523,554,14,31,158,reliable
Bv,Bv10,13,022.600,022,455,489,523,554,34,31,295,reliable
Bv,Bv10,14,002,002,493,507,524,553,14,29,167,reliable
Bv,Bv10,15,022.071,022,512,535,523,554,23,31,230,reliable
Bv,Bv10,16,022,022,537,544,523,553,7,30,81,reliable
Bv,Bv10,17,002,002,549,563,523,553,14,30,152,reliable
Bv,Bv10,18,059f,059,570,591,522,553,21,31,176,reliable
Bv,Bv10,19,002,002,597,608,522,554,11,32,124,reliable
Bv,Bv10,20,306s,306,611,646,522,553,35,31,323,reliable
Bv,Bv10,21,001.062,001,652,670,522,556,18,34,175,reliable
Bv,Bv10,22,630,630,673,700,521,556,27,35,201,reliable
Bv,Bv10,23,405,405,701,732,522,555,31,33,255,reliable
Bv,Bv10,24,600.065,600,733,774,521,554,41,33,303,reliable
Bv,Bv10,25,700?,700,777,789,521,553,12,32,139,reliable
Bv,Bv10,26,540.700,540,793,828,520,555,35,35,308,reliable
Bv,Bv10,27,005,005,832,847,521,553,15,32,142,reliable
Bv,Bv10,28,053,053,849,856,521,553,7,32,90,reliable
Bv,Bv10,29,002,002,857,860,521,553,3,32,42,reliable
Bv,Bv10,30,005:700.061,005,864,879,521,554,15,33,162,reliable
Bv,Bv10,31,041.008,041,885,909,521,553,24,32,221,reliable
Bv,Bv10,32,095f:042.009,095,912,935,520,552,23,32,227,reliable
Bv,Bv10,33,007.010,007,938,1006,521,554,68,33,576,reliable
Bv,Bv10,34,240.004.064,240,1006,1056,520,554,50,34,433,reliable
Bv,Bv10,35,050,050,1059,1068,521,554,9,33,135,reliable
Bv,Bv10,36,073.006,073,1072,1095,520,554,23,34,207,reliable
Bv,Bv10,37,493,493,1098,1133,520,554,35,34,313,reliable
Bv,Bv10,38,004.064,004,1134,1156,520,555,22,35,199,reliable
Bv,Bv10,39,670,670,1158,1188,520,554,30,34,239,reliable
Bv,Bv10,40,004.064,004,1188,1208,520,554,20,34,205,reliable
Bv,Bv10,41,063:009,063,1211,1228,520,552,17,32,155,reliable
Bv,Bv11,0,384?,384,8,28,585,611,20,26,110,reliable
Bv,Bv11,1,266?,266,30,57,580,611,27,31,190,reliable
Bv,Bv11,2,027,027,61,77,581,611,16,30,145,reliable
Bv,Bv11,3,470,470,81,132,580,611,51,31,410,reliable
Bv,Bv11,4,017t,017,133,144,580,611,11,31,114,reliable
Bv,Bv11,5,004.064,004,150,162,580,610,12,30,116,reliable
Bv,Bv11,6,022f,022,167,176,579,611,9,32,103,reliable
Bv,Bv11,7,068,068,182,195,580,610,13,30,112,reliable
Bv,Bv11,8,022f,022,199,247,578,610,48,32,409,reliable
Bv,Bv11,9,068,068,251,258,579,609,7,30,79,reliable
Bv,Bv11,10,395.006.074,395,262,280,579,609,18,30,147,reliable
Bv,Bv11,11,004,004,281,316,577,610,35,33,269,reliable
Bv,Bv11,12,008,008,319,325,578,610,6,32,81,reliable
Bv,Bv11,13,049f.007,049,329,363,577,610,34,33,263,reliable
Bv,Bv11,14,001,001,368,398,578,610,30,32,265,reliable
Bv,Bv11,15,191.048,191,401,418,578,610,17,32,180,reliable
Bv,Bv11,16,380.044,380,419,454,577,610,35,33,323,reliable
Bv,Bv11,17,007,007,457,478,578,610,21,32,217,reliable
Bv,Bv11,18,520.044,520,481,523,578,610,42,32,392,reliable
Bv,Bv11,19,735,735,527,537,578,609,10,31,92,reliable
Bv,Bv11,20,415,415,543,580,579,609,37,30,328,reliable
Bv,Bv11,21,074?,074,581,600,578,609,19,31,188,reliable
Bv,Bv11,22,006.200?,006,603,647,578,609,44,31,421,reliable
Bv,Bv11,23,008,008,653,690,579,611,37,32,256,reliable
Bv,Bv11,24,005,005,692,713,579,611,21,32,171,reliable
Bv,Bv11,25,326,326,717,737,579,611,20,32,166,reliable
Bv,Bv11,26,326,326,742,762,579,610,20,31,210,reliable
Bv,Bv11,27,755,755,768,847,577,611,79,34,623,reliable
Bv,Bv11,28,755,755,848,888,577,609,40,32,310,reliable
Bv,Bv11,29,004.052x,004,893,931,577,610,38,33,309,reliable
Bv,Bv11,30,459.200.459,459,936,982,578,610,46,32,360,reliable
Bv,Bv11,31,079.275a,079,986,1025,577,609,39,32,305,reliable
Bv,Bv11,32,079.275a,079,1027,1057,577,609,30,32,266,reliable
Bv,Bv11,33,067.067.010,067,1060,1077,578,609,17,31,152,reliable
Bv,Bv11,34,022f.059f,022,1077,1080,579,608,3,29,42,reliable
Bv,Bv11,35,007.052,007,1085,1114,578,608,29,30,234,reliable
Bv,Bv11,36,010.053,010,1118,1130,578,609,12,31,96,reliable
Bv,Bv11,37,007.052,007,1130,1133,579,608,3,29,38,reliable
Bv,Bv11,38,010.053,010,1133,1137,579,608,4,29,38,reliable
Bv,Bv11,39,046,046,1140,1153,579,610,13,31,124,reliable
Bv,Bv11,40,073.006,073,1158,1221,577,609,63,32,479,reliable
Bv,Bv11,41,244?,244,1227,1237,590,606,10,16,21,reliable
Bv,Bv11,42,033,033,1237,1240,598,602,3,4,6,reliable
Bv,Bv11,43,002?,002,1250,1259,597,606,9,9,27,reliable
Bv,Bv12,0,290.059f,290,13,27,639,657,14,18,69,reliable
Bv,Bv12,1,009,009,29,77,638,668,48,30,319,reliable
Bv,Bv12,2,020f,020,82,130,638,662,48,24,286,reliable
Bv,Bv12,3,030a,030,135,157,638,657,22,19,109,reliable
Bv,Bv12,4,004,004,161,167,638,658,6,20,50,reliable
Bv,Bv12,5,543,543,170,200,637,664,30,27,208,reliable
Bv,Bv12,6,002,002,204,215,637,661,11,24,80,reliable
Bv,Bv12,7,050,050,219,228,637,660,9,23,81,reliable
Bv,Bv12,8,240.027,240,231,284,636,665,53,29,390,reliable
Bv,Bv12,9,073.006,073,287,312,635,668,25,33,205,reliable
Bv,Bv12,10,004,004,315,322,636,667,7,31,99,reliable
Bv,Bv12,11,522y,522,325,348,636,668,23,32,169,reliable
Bv,Bv12,12,700.600,700,351,393,636,667,42,31,345,reliable
Bv,Bv12,13,059f,059,396,420,637,668,24,31,179,reliable
Bv,Bv12,14,320.004.064,320,424,478,636,668,54,32,416,reliable
Bv,Bv12,15,132,132,481,497,637,668,16,31,122,reliable
Bv,Bv12,16,059f,059,503,526,636,667,23,31,191,reliable
Bv,Bv12,17,073.006,073,531,598,635,668,67,33,497,reliable
Bv,Bv12,18,202.003,202,601,640,636,666,39,30,231,reliable
Bv,Bv12,19,405.003,405,648,699,638,668,51,30,366,reliable
Bv,Bv12,20,065.200.065,065,703,713,637,668,10,31,90,reliable
Bv,Bv12,21,044f,044,718,730,638,668,12,30,100,reliable
Bv,Bv12,22,073f,073,736,745,637,668,9,31,81,reliable
Bv,Bv12,23,060,060,752,805,636,668,53,32,453,reliable
Bv,Bv12,24,006x.700,006,808,827,636,668,19,32,181,reliable
Bv,Bv12,25,280,280,831,851,635,667,20,32,194,reliable
Bv,Bv12,26,011.003,011,853,906,636,666,53,30,368,reliable
Bv,Bv12,27,044f.003,044,912,957,636,661,45,25,257,reliable
Bv,Bv12,28,014,014,963,973,636,661,10,25,64,reliable
Bv,Bv12,29,400.032,400,975,983,637,660,8,23,55,reliable
Bv,Bv12,30,400.032,400,989,1011,635,655,22,20,114,reliable
Bv,Bv12,31,002.003,002,1014,1021,642,659,7,17,36,reliable
Bv,Bv12,32,445y.003,445,1028,1056,636,661,28,25,158,reliable
Bv,Bv12,33,672,672,1060,1071,636,658,11,22,68,reliable
Bv,Bv12,34,065,065,1075,1084,637,659,9,22,63,reliable
Bv,Bv12,35,006x.059f,006,1085,1106,636,657,21,21,113,reliable
Bv,Bv12,36,385y,385,1109,1132,635,657,23,22,131,reliable
Bv,Bv12,37,048,048,1137,1146,635,657,9,22,59,reliable
Bv,Bv12,38,099,099,1148,1168,635,659,20,24,133,reliable
Bv,Bv12,39,207,207,1171,1201,635,656,30,21,132,reliable
Bv,Bv12,40,046?,046,1204,1212,635,651,8,16,50,reliable
Bv,Bv12,41,050,050,1216,1225,636,652,9,16,56,reliable
Ca,Ca01,0,001,001,5,10,7,30,5,23,41,unreliable
Ca,Ca01,1,009,009,14,23,7,32,9,25,56,unreliable
Ca,Ca01,2,755,755,29,41,8,31,12,23,69,unreliable
Ca,Ca01,3,050.010.037,050,49,100,8,31,51,23,246,unreliable
Ca,Ca01,4,005.037,005,104,110,9,30,6,21,44,unreliable
Ca,Ca01,5,045,045,115,117,10,30,2,20,13,unreliable
Ca,Ca01,6,001.208.069,001,119,184,8,32,65,24,336,unreliable
Ca,Ca01,7,700,700,187,206,8,30,19,22,83,unreliable
Ca,Ca01,8,290,290,210,215,8,30,5,22,46,unreliable
Ca,Ca01,9,600V,600,218,231,9,32,13,23,96,unreliable
Ca,Ca01,10,001,001,233,250,9,32,17,23,105,unreliable
Ca,Ca01,11,007,007,255,272,9,31,17,22,102,unreliable
Ca,Ca01,12,600,600,273,274,19,30,1,11,11,unreliable
Ca,Ca01,13,385y,385,276,277,19,30,1,11,11,unreliable
Ca,Ca01,14,001,001,281,299,8,32,18,24,99,unreliable
Ca,Ca01,15,280,280,303,307,8,30,4,22,48,unreliable
Ca,Ca01,16,001,001,311,343,7,30,32,23,163,unreliable
Ca,Ca01,17,226.074f,226,347,362,7,29,15,22,70,unreliable
Ca,Ca01,18,220.011,220,363,371,7,30,8,23,58,unreliable
Ca,Ca01,19,380.011,380,376,396,7,31,20,24,128,unreliable
Ca,Ca01,20,002,002,401,409,7,30,8,23,55,unreliable
Ca,Ca01,21,034,034,411,427,8,31,16,23,108,unreliable
Ca,Ca01,22,002,002,431,441,9,31,10,22,75,unreliable
Ca,Ca01,23,034V?,034,445,456,11,29,11,18,57,unreliable
Ca,Ca01,24,670.010?,670,462,487,9,28,25,19,115,unreliable
Ca,Ca01,25,606?,606,494,522,7,26,28,19,124,unreliable
Ca,Ca01,26,001,001,525,529,8,31,4,23,45,unreliable
Ca,Ca01,27,606?,606,533,551,8,31,18,23,86,unreliable
Ca,Ca01,28,370.050V,370,552,576,9,31,24,22,150,unreliable
Ca,Ca01,29,009,009,580,592,9,19,12,10,40,unreliable
Ca,Ca02,0,047:005,047,4,18,40,63,14,23,73,reliable
Ca,Ca02,1,206?,206,21,48,40,64,27,24,157,reliable
Ca,Ca02,2,022t?,022,51,74,40,64,23,24,142,reliable
Ca,Ca02,3,201,201,77,82,40,64,5,24,50,reliable
Ca,Ca02,4,385.070,385,85,116,40,64,31,24,193,reliable
Ca,Ca02,5,225,225,119,140,40,64,21,24,139,reliable
Ca,Ca02,6,600,600,145,164,40,64,19,24,128,reliable
Ca,Ca02,7,755,755,168,183,40,63,15,23,96,reliable
Ca,Ca02,8,215?,215,185,211,40,64,26,24,140,reliable
Ca,Ca02,9,770b,770,213,236,40,64,23,24,168,reliable
Ca,Ca02,10,370.070,370,238,269,40,64,31,24,253,reliable
Ca,Ca02,11,770b,770,277,299,39,64,22,25,124,reliable
Ca,Ca02,12,073.006,073,302,343,39,63,41,24,230,reliable
Ca,Ca02,13,201,201,347,361,39,63,14,24,123,reliable
Ca,Ca02,14,070,070,364,377,39,63,13,24,75,reliable
Ca,Ca02,15,091,091,379,389,39,63,10,24,63,reliable
Ca,Ca02,16,091,091,391,408,39,63,17,24,114,reliable
Ca,Ca02,17,074.062,074,410,438,39,64,28,25,188,reliable
Ca,Ca02,18,594.061,594,441,455,40,64,14,24,141,reliable
Ca,Ca02,19,070,070,463,470,41,64,7,23,75,reliable
Ca,Ca02,20,083,083,473,486,41,64,13,23,107,reliable
Ca,Ca02,21,007,007,488,495,42,64,7,22,53,reliable
Ca,Ca02,22,061,061,499,521,41,64,22,23,168,reliable
Ca,Ca02,23,380.001,380,524,539,41,64,15,23,128,reliable
Ca,Ca02,24,067.022f,067,545,559,41,64,14,23,103,reliable
Ca,Ca02,25,067.001,067,560,562,42,63,2,21,25,reliable
Ca,Ca03,0,380.001,380,3,28,76,98,25,22,147,reliable
Ca,Ca03,1,022f,022,33,39,76,98,6,22,56,reliable
Ca,Ca03,2,254.063,254,42,88,76,98,46,22,280,reliable
Ca,Ca03,3,005t,005,90,109,75,97,19,22,123,reliable
Ca,Ca03,4,380.001,380,113,151,75,98,38,23,244,reliable
Ca,Ca03,5,022f,022,155,171,76,97,16,21,100,reliable
Ca,Ca03,6,243,243,171,172,89,96,1,7,7,reliable
Ca,Ca03,7,001t,001,176,197,75,98,21,23,116,reliable
Ca,Ca03,8,004.052x,004,202,240,75,97,38,22,234,reliable
Ca,Ca03,9,380.001,380,242,256,75,97,14,22,95,reliable
Ca,Ca03,10,022f.254,022,258,265,76,97,7,21,44,reliable
Ca,Ca03,11,029,029,268,273,75,97,5,22,46,reliable
Ca,Ca03,12,074?,074,277,298,75,97,21,22,124,reliable
Ca,Ca03,13,017,017,302,307,74,97,5,23,52,reliable
Ca,Ca03,14,380.001,380,309,338,74,96,29,22,172,reliable
Ca,Ca03,15,022f.252,022,339,356,74,96,17,22,89,reliable
Ca,Ca03,16,252f,252,360,380,74,96,20,22,132,reliable
Ca,Ca03,17,380.001,380,384,416,74,96,32,22,201,reliable
Ca,Ca03,18,022f.254,022,418,431,75,97,13,22,108,reliable
Ca,Ca03,19,050.010,050,434,443,74,97,9,23,77,reliable
Ca,Ca03,20,079,079,448,468,75,99,20,24,138,reliable
Ca,Ca03,21,380.001,380,468,495,75,99,27,24,152,reliable
Ca,Ca03,22,286s.002,286,496,507,74,98,11,24,75,reliable
Ca,Ca03,23,001,001,512,517,75,98,5,23,54,reliable
Ca,Ca03,24,007,007,520,534,74,99,14,25,111,reliable
Ca,Ca03,25,290,290,537,555,75,99,18,24,134,reliable
Ca,Ca04,0,031,031,5,19,108,131,14,23,78,reliable
Ca,Ca04,1,031.003,031,21,48,109,132,27,23,158,reliable
Ca,Ca04,2,005,005,51,65,109,131,14,22,94,reliable
Ca,Ca04,3,200.066,200,66,98,108,132,32,24,208,reliable
Ca,Ca04,4,004.760,004,101,123,108,132,22,24,157,reliable
Ca,Ca04,5,065V,065,127,137,108,132,10,24,67,reliable
Ca,Ca04,6,200.200.200,200,140,196,109,132,56,23,319,reliable
Ca,Ca04,7,400,400,200,218,107,131,18,24,127,reliable
Ca,Ca04,8,066,066,222,233,108,132,11,24,74,reliable
Ca,Ca04,9,004,004,235,241,108,132,6,24,66,reliable
Ca,Ca04,10,760,760,243,270,108,132,27,24,165,reliable
Ca,Ca04,11,004,004,271,277,108,131,6,23,55,reliable
Ca,Ca04,12,073f?,073,281,287,108,132,6,24,70,reliable
Ca,Ca04,13,001,001,293,298,108,131,5,23,58,reliable
Ca,Ca04,14,005,005,300,314,108,130,14,22,83,reliable
Ca,Ca04,15,048f.001,048,317,333,107,131,16,24,115,reliable
Ca,Ca04,16,005,005,337,348,108,130,11,22,71,reliable
Ca,Ca04,17,010f.001,010,351,364,107,131,13,24,122,reliable
Ca,Ca04,18,005,005,369,381,108,130,12,22,78,reliable
Ca,Ca04,19,073f?,073,384,390,108,130,6,22,66,reliable
Ca,Ca04,20,777,777,393,411,108,132,18,24,114,reliable
Ca,Ca04,21,777,777,412,432,107,131,20,24,130,reliable
Ca,Ca04,22,760,760,434,458,107,131,24,24,162,reliable
Ca,Ca04,23,608,608,462,489,106,130,27,24,153,reliable
Ca,Ca04,24,073f?,073,492,499,108,130,7,22,62,reliable
Ca,Ca04,25,091,091,505,513,107,130,8,23,60,reliable
Ca,Ca04,26,091,091,516,526,107,130,10,23,65,reliable
Ca,Ca04,27,730,730,528,543,106,129,15,23,103,reliable
Ca,Ca04,28,730,730,545,562,107,131,17,24,121,reliable
Ca,Ca05,0,005,005,5,25,144,167,20,23,164,reliable
Ca,Ca05,1,001,001,27,44,144,166,17,22,105,reliable
Ca,Ca05,2,001,001,48,53,142,167,5,25,57,reliable
Ca,Ca05,3,073f?.073f?,073,57,62,144,167,5,23,58,reliable
Ca,Ca05,4,091,091,66,81,144,167,15,23,128,reliable
Ca,Ca05,5,730,730,86,97,144,167,11,23,75,reliable
Ca,Ca05,6,730,730,98,112,143,167,14,24,89,reliable
Ca,Ca05,7,022,022,114,129,143,167,15,24,99,reliable
Ca,Ca05,8,022,022,133,136,144,166,3,22,45,reliable
Ca,Ca05,9,041,041,140,145,143,166,5,23,45,reliable
Ca,Ca05,10,002,002,149,156,144,167,7,23,48,reliable
Ca,Ca05,11,001,001,159,167,144,167,8,23,74,reliable
Ca,Ca05,12,036,036,172,177,144,167,5,23,49,reliable
Ca,Ca05,13,550,550,182,197,143,167,15,24,73,reliable
Ca,Ca05,14,022f,022,201,218,142,167,17,25,148,reliable
Ca,Ca05,15,280,280,222,228,144,167,6,23,68,reliable
Ca,Ca05,16,385y,385,231,251,143,167,20,24,147,reliable
Ca,Ca05,17,385,385,252,270,142,166,18,24,143,reliable
Ca,Ca05,18,038,038,273,290,142,167,17,25,130,reliable
Ca,Ca05,19,007,007,292,313,143,166,21,23,145,reliable
Ca,Ca05,20,600,600,316,330,143,166,14,23,105,reliable
Ca,Ca05,21,001,001,334,353,142,167,19,25,137,reliable
Ca,Ca05,22,214,214,356,361,143,166,5,23,55,reliable
Ca,Ca05,23,700,700,365,416,142,166,51,24,325,reliable
Ca,Ca05,24,700,700,417,430,143,166,13,23,106,reliable
Ca,Ca05,25,700,700,433,454,142,166,21,24,152,reliable
Ca,Ca05,26,408,408,458,470,144,166,12,22,92,reliable
Ca,Ca05,27,700,700,474,479,144,167,5,23,59,reliable
Ca,Ca05,28,001.214,001,482,502,144,167,20,23,126,reliable
Ca,Ca05,29,042:009,042,506,520,143,166,14,23,102,reliable
Ca,Ca05,30,081,081,524,537,144,167,13,23,109,reliable
Ca,Ca05,31,081,081,539,552,144,167,13,23,108,reliable
Ca,Ca05,32,005,005,556,564,144,166,8,22,63,reliable
Ca,Ca06,0,005,005,5,17,179,201,12,22,72,unreliable
Ca,Ca06,1,005,005,20,22,182,201,2,19,20,unreliable
Ca,Ca06,2,001.006,001,23,28,179,201,5,22,42,unreliable
Ca,Ca06,3,005f,005,32,47,178,202,15,24,124,unreliable
Ca,Ca06,4,002V?,002,49,66,180,201,17,21,89,unreliable
Ca,Ca06,5,002V?,002,67,82,178,202,15,24,94,unreliable
Ca,Ca06,6,002V?,002,83,97,182,202,14,20,74,unreliable
Ca,Ca06,7,001.006,001,100,109,183,201,9,18,41,unreliable
Ca,Ca06,8,381f,381,114,129,179,201,15,22,98,unreliable
Ca,Ca06,9,381f,381,133,147,177,202,14,25,76,unreliable
Ca,Ca06,10,381f,381,155,172,178,202,17,24,104,unreliable
Ca,Ca06,11,001.006,001,176,193,178,201,17,23,93,unreliable
Ca,Ca06,12,774.067.774?,774,198,213,179,201,15,22,98,unreliable
Ca,Ca06,13,070,070,217,230,179,200,13,21,61,unreliable
Ca,Ca06,14,600V,600,233,256,178,201,23,23,133,unreliable
Ca,Ca06,15,773,773,260,273,177,201,13,24,127,unreliable
Ca,Ca06,16,280,280,277,292,177,202,15,25,94,unreliable
Ca,Ca06,17,001.006,001,297,305,177,201,8,24,74,unreliable
Ca,Ca06,18,390.041,390,308,321,178,201,13,23,102,unreliable
Ca,Ca06,19,315y,315,325,340,177,200,15,23,112,unreliable
Ca,Ca06,20,041,041,341,368,177,200,27,23,158,unreliable
Ca,Ca06,21,670,670,373,432,177,201,59,24,322,unreliable
Ca,Ca06,22,008.078.711,008,433,464,177,199,31,22,200,unreliable
Ca,Ca06,23,040.010,040,466,483,177,202,17,25,116,unreliable
Ca,Ca06,24,040,040,484,491,177,202,7,25,62,unreliable
Ca,Ca06,25,030a,030,492,511,178,199,19,21,88,unreliable
Ca,Ca06,26,390.041,390,513,541,177,201,28,24,163,unreliable
Ca,Ca06,27,375,375,544,565,177,201,21,24,144,unreliable
Ca,Ca06,28,041,041,569,575,177,201,6,24,53,unreliable
Ca,Ca07,0,040,040,11,17,213,237,6,24,49,unreliable
Ca,Ca07,1,040,040,20,26,213,237,6,24,45,unreliable
Ca,Ca07,2,040,040,29,35,213,237,6,24,49,unreliable
Ca,Ca07,3,040,040,38,44,213,236,6,23,48,unreliable
Ca,Ca07,4,040,040,47,53,213,235,6,22,46,unreliable
Ca,Ca07,5,040,040,56,62,213,236,6,23,49,unreliable
Ca,Ca07,6,390.041,390,65,90,213,236,25,23,135,unreliable
Ca,Ca07,7,378,378,94,124,214,237,30,23,159,unreliable
Ca,Ca07,8,041,041,128,150,214,237,22,23,110,unreliable
Ca,Ca07,9,670,670,153,165,215,235,12,20,57,unreliable
Ca,Ca07,10,008.078.711,008,168,174,215,236,6,21,40,unreliable
Ca,Ca07,11,040,040,177,183,222,236,6,14,25,unreliable
Ca,Ca07,12,074f.040,074,187,193,214,237,6,23,39,unreliable
Ca,Ca07,13,059f,059,196,203,216,236,7,20,39,unreliable
Ca,Ca07,14,040,040,205,230,213,236,25,23,110,unreliable
Ca,Ca07,15,390.041,390,236,244,213,235,8,22,55,unreliable
Ca,Ca07,16,378y,378,247,271,212,235,24,23,137,unreliable
Ca,Ca07,17,041h,041,275,295,213,236,20,23,125,unreliable
Ca,Ca07,18,670,670,298,320,213,235,22,22,117,unreliable
Ca,Ca07,19,008.078.711,008,322,353,212,235,31,23,155,unreliable
Ca,Ca07,20,044.040,044,357,373,211,234,16,23,82,unreliable
Ca,Ca07,21,040,040,376,383,211,234,7,23,39,unreliable
Ca,Ca07,22,143,143,386,397,212,234,11,22,62,unreliable
Ca,Ca07,23,152,152,400,413,213,234,13,21,80,unreliable
Ca,Ca07,24,600.390.041,600,415,441,210,234,26,24,132,unreliable
Ca,Ca07,25,378y,378,445,468,210,233,23,23,130,unreliable
Ca,Ca07,26,041,041,472,479,210,233,7,23,43,unreliable
Ca,Ca07,27,670y,670,482,505,210,233,23,23,108,unreliable
Ca,Ca07,28,008,008,508,528,210,233,20,23,109,unreliable
Ca,Ca07,29,078.711,078,532,541,210,232,9,22,50,unreliable
Ca,Ca07,30,040,040,544,550,210,233,6,23,45,unreliable
Ca,Ca07,31,040,040,553,559,210,234,6,24,45,unreliable
Ca,Ca08,0,040,040,6,12,248,270,6,22,44,reliable
Ca,Ca08,1,040,040,13,20,248,270,7,22,46,reliable
Ca,Ca08,2,040,040,23,28,247,270,5,23,49,reliable
Ca,Ca08,3,390.041,390,31,56,246,270,25,24,148,reliable
Ca,Ca08,4,378y,378,59,83,246,270,24,24,147,reliable
Ca,Ca08,5,041h,041,84,88,247,255,4,8,21,reliable
Ca,Ca08,6,670,670,89,146,246,269,57,23,311,reliable
Ca,Ca08,7,008.078.711,008,150,156,246,269,6,23,46,reliable
Ca,Ca08,8,040,040,159,165,247,269,6,22,47,reliable
Ca,Ca08,9,040,040,169,183,246,269,14,23,82,reliable
Ca,Ca08,10,003.040,003,184,207,245,269,23,24,148,reliable
Ca,Ca08,11,390.041,390,210,232,246,270,22,24,155,reliable
Ca,Ca08,12,378y,378,233,240,246,269,7,23,50,reliable
Ca,Ca08,13,041,041,240,265,246,269,25,23,138,reliable
Ca,Ca08,14,670,670,264,296,245,269,32,24,202,reliable
Ca,Ca08,15,008.078.711,008,299,317,245,269,18,24,127,reliable
Ca,Ca08,16,600,600,320,326,246,269,6,23,50,reliable
Ca,Ca08,17,040,040,329,336,246,269,7,23,49,reliable
Ca,Ca08,18,040,040,340,346,246,270,6,24,53,reliable
Ca,Ca08,19,040,040,349,355,246,270,6,24,48,reliable
Ca,Ca08,20,040,040,358,363,246,270,5,24,56,reliable
Ca,Ca08,21,040,040,366,391,246,270,25,24,158,reliable
Ca,Ca08,22,390.041,390,395,419,246,270,24,24,166,reliable
Ca,Ca08,23,378y,378,420,428,246,269,8,23,57,reliable
Ca,Ca08,24,041,041,431,456,245,270,25,25,160,reliable
Ca,Ca08,25,670,670,461,482,247,269,21,22,116,reliable
Ca,Ca08,26,008.078.711,008,481,489,247,268,8,21,50,reliable
Ca,Ca08,27,280,280,491,509,247,269,18,22,110,reliable
Ca,Ca08,28,385y,385,508,524,245,268,16,23,87,reliable
Ca,Ca08,29,385,385,527,543,245,268,16,23,94,reliable
Ca,Ca09,0,040,040,5,11,281,305,6,24,48,reliable
Ca,Ca09,1,040,040,14,20,281,305,6,24,38,reliable
Ca,Ca09,2,520,520,23,42,282,305,19,23,121,reliable
Ca,Ca09,3,070,070,45,58,281,304,13,23,80,reliable
Ca,Ca09,4,670,670,60,84,280,304,24,24,145,reliable
Ca,Ca09,5,670,670,86,110,280,305,24,25,128,reliable
Ca,Ca09,6,637,637,111,134,279,304,23,25,142,reliable
Ca,Ca09,7,034V,034,135,151,280,303,16,23,124,reliable
Ca,Ca09,8,017,017,156,162,280,304,6,24,52,reliable
Ca,Ca09,9,325y,325,167,187,279,305,20,26,126,reliable
Ca,Ca09,10,041,041,190,196,280,303,6,23,53,reliable
Ca,Ca09,11,630,630,203,216,280,304,13,24,96,reliable
Ca,Ca09,12,054,054,216,220,279,285,4,6,10,reliable
Ca,Ca09,13,630,630,223,233,283,304,10,21,76,reliable
Ca,Ca09,14,047,047,238,258,279,305,20,26,123,reliable
Ca,Ca09,15,006.011,006,258,276,279,304,18,25,102,reliable
Ca,Ca09,16,299,299,280,298,280,304,18,24,151,reliable
Ca,Ca09,17,002,002,300,326,280,304,26,24,156,reliable
Ca,Ca09,18,002,002,330,337,281,303,7,22,66,reliable
Ca,Ca09,19,200,200,342,350,281,304,8,23,77,reliable
Ca,Ca09,20,215.002,215,352,372,281,304,20,23,117,reliable
Ca,Ca09,21,010.002,010,376,408,279,304,32,25,235,reliable
Ca,Ca09,22,005,005,411,424,279,304,13,25,135,reliable
Ca,Ca09,23,002,002,429,451,279,303,22,24,170,reliable
Ca,Ca09,24,069,069,456,464,280,304,8,24,52,reliable
Ca,Ca09,25,002,002,465,477,280,303,12,23,74,reliable
Ca,Ca09,26,200.200.205,200,480,542,279,302,62,23,371,reliable
Ca,Ca10,0,002,002,5,12,316,337,7,21,56,reliable
Ca,Ca10,1,002,002,15,23,315,336,8,21,55,reliable
Ca,Ca10,2,052x.073f,052,26,48,315,336,22,21,140,reliable
Ca,Ca10,3,384.002,384,52,81,314,337,29,23,215,reliable
Ca,Ca10,4,481.002,481,85,126,314,337,41,23,230,reliable
Ca,Ca10,5,073f?,073,129,135,314,336,6,22,65,reliable
Ca,Ca10,6,070,070,139,154,314,337,15,23,87,reliable
Ca,Ca10,7,760,760,155,178,313,337,23,24,147,reliable
Ca,Ca10,8,040,040,180,188,315,336,8,21,63,reliable
Ca,Ca10,9,006,006,192,201,315,337,9,22,65,reliable
Ca,Ca10,10,400,400,204,219,314,336,15,22,110,reliable
Ca,Ca10,11,047,047,223,234,314,336,11,22,84,reliable
Ca,Ca10,12,072.002,072,236,260,314,337,24,23,202,reliable
Ca,Ca10,13,072.002,072,262,286,314,336,24,22,182,reliable
Ca,Ca10,14,010f.070,010,291,313,314,337,22,23,178,reliable
Ca,Ca10,15,760,760,316,339,315,338,23,23,148,reliable
Ca,Ca10,16,040,040,341,349,315,337,8,22,63,reliable
Ca,Ca10,17,006,006,353,364,315,337,11,22,67,reliable
Ca,Ca10,18,400,400,366,385,314,337,19,23,124,reliable
Ca,Ca10,19,002,002,387,398,315,337,11,22,69,reliable
Ca,Ca10,20,002,002,402,414,315,337,12,22,88,reliable
Ca,Ca10,21,010f.070,010,418,441,314,337,23,23,182,reliable
Ca,Ca10,22,760,760,445,466,315,336,21,21,153,reliable
Ca,Ca10,23,040,040,469,478,313,338,9,25,69,reliable
Ca,Ca10,24,006,006,482,494,313,337,12,24,74,reliable
Ca,Ca10,25,430,430,497,513,313,337,16,24,105,reliable
Ca,Ca10,26,047,047,515,533,313,337,18,24,110,reliable
Ca,Ca10,27,002,002,536,544,313,336,8,23,56,reliable
Ca,Ca10,28,290,290,547,568,313,337,21,24,134,reliable
Ca,Ca11,0,002,002,4,14,349,371,10,22,59,reliable
Ca,Ca11,1,002,002,18,30,349,370,12,21,83,reliable
Ca,Ca11,2,290,290,34,55,348,371,21,23,150,reliable
Ca,Ca11,3,010f.070,010,59,81,347,371,22,24,156,reliable
Ca,Ca11,4,760,760,85,106,348,371,21,23,127,reliable
Ca,Ca11,5,040,040,108,116,348,372,8,24,63,reliable
Ca,Ca11,6,006,006,121,130,349,371,9,22,70,reliable
Ca,Ca11,7,400,400,132,152,346,371,20,25,117,reliable
Ca,Ca11,8,047,047,157,170,348,371,13,23,68,reliable
Ca,Ca11,9,002,002,170,181,348,370,11,22,79,reliable
Ca,Ca11,10,002,002,184,191,348,370,7,22,59,reliable
Ca,Ca11,11,002,002,194,206,348,371,12,23,79,reliable
Ca,Ca11,12,290,290,209,229,348,372,20,24,150,reliable
Ca,Ca11,13,002,002,230,241,348,371,11,23,67,reliable
Ca,Ca11,14,010f.070,010,246,268,348,371,22,23,148,reliable
Ca,Ca11,15,760,760,273,296,348,372,23,24,137,reliable
Ca,Ca11,16,040,040,297,306,348,372,9,24,61,reliable
Ca,Ca11,17,006,006,311,321,349,372,10,23,70,reliable
Ca,Ca11,18,430,430,325,337,348,372,12,24,107,reliable
Ca,Ca11,19,047,047,342,355,349,371,13,22,71,reliable
Ca,Ca11,20,002,002,358,370,349,371,12,22,97,reliable
Ca,Ca11,21,004,004,375,382,349,371,7,22,54,reliable
Ca,Ca11,22,760,760,384,408,348,372,24,24,184,reliable
Ca,Ca11,23,002,002,409,420,348,372,11,24,76,reliable
Ca,Ca11,24,002,002,423,430,348,371,7,23,66,reliable
Ca,Ca11,25,004,004,434,441,348,371,7,23,62,reliable
Ca,Ca11,26,760,760,443,464,348,372,21,24,165,reliable
Ca,Ca11,27,002,002,467,479,347,371,12,24,87,reliable
Ca,Ca11,28,002,002,482,489,347,370,7,23,64,reliable
Ca,Ca11,29,002,002,492,500,347,370,8,23,68,reliable
Ca,Ca11,30,004.763,004,506,537,346,370,31,24,241,reliable
Ca,Ca11,31,002,002,538,547,346,370,9,24,77,reliable
Ca,Ca11,32,010f.070,010,553,575,346,370,22,24,169,reliable
Ca,Ca12,0,760,760,4,26,381,405,22,24,146,reliable
Ca,Ca12,1,040,040,28,35,381,405,7,24,55,reliable
Ca,Ca12,2,006,006,39,50,382,405,11,23,72,reliable
Ca,Ca12,3,430y,430,53,68,381,405,15,24,89,reliable
Ca,Ca12,4,047,047,72,81,381,405,9,24,63,reliable
Ca,Ca12,5,222,222,85,111,381,405,26,24,186,reliable
Ca,Ca12,6,002,002,114,127,384,401,13,17,63,reliable
Ca,Ca12,7,047,047,131,144,381,405,13,24,78,reliable
Ca,Ca12,8,060,060,146,152,382,405,6,23,53,reliable
Ca,Ca12,9,010.008,010,156,181,381,404,25,23,152,reliable
Ca,Ca12,10,326,326,185,209,381,405,24,24,160,reliable
Ca,Ca12,11,275.008,275,211,249,381,405,38,24,240,reliable
Ca,Ca12,12,060,060,254,260,382,405,6,23,53,reliable
Ca,Ca12,13,070,070,263,277,381,405,14,24,91,reliable
Ca,Ca12,14,050,050,280,289,382,405,9,23,77,reliable
Ca,Ca12,15,060,060,292,300,382,405,8,23,58,reliable
Ca,Ca12,16,028,028,306,320,381,405,14,24,96,reliable
Ca,Ca12,17,060,060,324,331,381,405,7,24,55,reliable
Ca,Ca12,18,383.094b,383,335,375,381,405,40,24,221,reliable
Ca,Ca12,19,481,481,378,406,380,405,28,25,161,reliable
Ca,Ca12,20,067,067,408,420,381,405,12,24,90,reliable
Ca,Ca12,21,002,002,424,433,382,400,9,18,63,reliable
Ca,Ca12,22,041,041,436,443,381,405,7,24,61,reliable
Ca,Ca12,23,020f,020,446,457,381,404,11,23,94,reliable
Ca,Ca12,24,060,060,460,467,380,404,7,24,58,reliable
Ca,Ca12,25,067.075,067,473,489,381,404,16,23,93,reliable
Ca,Ca12,26,067.064?,067,491,512,381,404,21,23,96,reliable
Ca,Ca12,27,545,545,514,529,380,405,15,25,102,reliable
Ca,Ca13,0,049.006,049,3,54,416,440,51,24,253,unreliable
Ca,Ca13,1,049.006,049,58,85,416,440,27,24,129,unreliable
Ca,Ca13,2,670,670,87,121,415,439,34,24,165,unreliable
Ca,Ca13,3,306.003,306,123,156,415,439,33,24,185,unreliable
Ca,Ca13,4,226.003,226,158,185,415,439,27,24,160,unreliable
Ca,Ca13,5,206s,206,187,213,415,439,26,24,130,unreliable
Ca,Ca13,6,607,607,217,259,415,440,42,25,244,unreliable
Ca,Ca13,7,486.108,486,262,286,415,439,24,24,130,unreliable
Ca,Ca13,8,069.107,069,289,297,415,440,8,25,66,unreliable
Ca,Ca13,9,046,046,299,355,415,440,56,25,299,unreliable
Ca,Ca13,10,200.200.200.022f?,200,356,364,416,439,8,23,59,unreliable
Ca,Ca13,11,003.084.003,003,368,397,415,439,29,24,160,unreliable
Ca,Ca13,12,207.003,207,399,429,415,439,30,24,171,unreliable
Ca,Ca13,13,085.010f,085,434,452,415,439,18,24,162,unreliable
Ca,Ca13,14,067,067,455,465,416,440,10,24,72,unreliable
Ca,Ca13,15,060,060,471,479,416,440,8,24,57,unreliable
Ca,Ca13,16,200.000!,200,482,513,415,439,31,24,195,unreliable
Ca,Ca13,17,520f,520,516,536,415,439,20,24,122,unreliable
Ca,Ca13,18,088,088,542,552,415,434,10,19,59,unreliable
Ca,Ca14,0,001,001,4,98,449,473,94,24,339,unreliable
Ca,Ca14,1,670,670,103,124,450,471,21,21,99,unreliable
Ca,Ca14,2,003.022f.003,003,128,143,450,472,15,22,63,unreliable
Ca,Ca14,3,057,057,150,153,453,470,3,17,22,unreliable
Ca,Ca14,4,003.024.003,003,157,173,449,472,16,23,100,unreliable
Ca,Ca14,5,086.001,086,177,198,449,473,21,24,94,unreliable
Ca,Ca14,6,047,047,202,213,449,471,11,22,49,unreliable
Ca,Ca14,7,003,003,219,223,451,471,4,20,27,unreliable
Ca,Ca14,8,001,001,230,235,450,470,5,20,40,unreliable
Ca,Ca14,9,064,064,240,248,450,469,8,19,43,unreliable
Ca,Ca14,10,065f,065,255,262,450,473,7,23,56,unreliable
Ca,Ca14,11,086,086,268,279,449,468,11,19,49,unreliable
Ca,Ca14,12,001,001,286,291,451,469,5,18,35,unreliable
Ca,Ca14,13,380.001,380,295,318,449,468,23,19,89,unreliable
Ca,Ca14,14,290,290,321,342,449,472,21,23,83,unreliable
Ca,Ca14,15,001,001,348,352,450,472,4,22,35,unreliable
Ca,Ca14,16,290,290,355,374,449,471,19,22,78,unreliable
Ca,Ca14,17,020,020,382,390,450,473,8,23,54,unreliable
Ca,Ca14,18,290,290,393,412,449,472,19,23,108,unreliable
Ca,Ca14,19,095f,095,417,432,449,465,15,16,57,unreliable
Ca,Ca14,20,001,001,436,441,449,461,5,12,27,unreliable
Ca,Ca14,21,290,290,444,461,449,465,17,16,86,unreliable
Ca,Ca14,22,683,683,465,498,448,473,33,25,168,unreliable
Ca,Ca14,23,001,001,505,509,448,464,4,16,30,unreliable
Ca,Ca14,24,290,290,513,530,448,465,17,17,62,unreliable
Cb,Cb01,0,001,001,5,9,8,16,4,8,14,unreliable
Cb,Cb01,1,280,280,13,33,7,30,20,23,105,unreliable
Cb,Cb01,2,005,005,38,50,7,29,12,22,71,unreliable
Cb,Cb01,3,001,001,55,61,7,29,6,22,47,unreliable
Cb,Cb01,4,003,003,66,74,7,30,8,23,47,unreliable
Cb,Cb01,5,057,057,79,103,7,28,24,21,115,unreliable
Cb,Cb01,6,001,001,107,122,7,30,15,23,77,unreliable
Cb,Cb01,7,003,003,129,133,9,30,4,21,27,unreliable
Cb,Cb01,8,001f,001,137,141,9,28,4,19,39,unreliable
Cb,Cb01,9,003.001.003,003,145,150,9,27,5,18,28,unreliable
Cb,Cb01,10,020.003,020,154,163,8,26,9,18,47,unreliable
Cb,Cb01,11,001.052,001,168,172,9,25,4,16,26,unreliable
Cb,Cb01,12,003.001,003,178,193,8,30,15,22,101,unreliable
Cb,Cb01,13,001.062,001,197,211,9,30,14,21,72,unreliable
Cb,Cb01,14,630,630,218,294,7,32,76,25,392,unreliable
Cb,Cb01,15,605.009,605,299,308,8,29,9,21,49,unreliable
Cb,Cb01,16,095,095,314,351,8,31,37,23,162,unreliable
Cb,Cb01,17,095,095,354,365,8,29,11,21,54,unreliable
Cb,Cb01,18,205,205,370,388,8,30,18,22,78,unreliable
Cb,Cb01,19,067,067,392,402,9,27,10,18,44,unreliable
Cb,Cb01,20,522,522,409,436,7,30,27,23,137,unreliable
Cb,Cb01,21,006.074?,006,440,450,10,25,10,15,48,unreliable
Cb,Cb01,22,311.071,311,456,477,10,32,21,22,75,unreliable
Cb,Cb01,23,670,670,480,490,10,31,10,21,50,unreliable
Cb,Cb01,24,002,002,498,511,10,26,13,16,38,unreliable
Cb,Cb01,25,095,095,515,528,9,25,13,16,50,unreliable
Cb,Cb01,26,755?,755,533,543,11,29,10,18,52,unreliable
Cb,Cb01,27,006,006,549,556,12,21,7,9,24,unreliable
Cb,Cb01,28,053?,053,563,568,13,21,5,8,15,unreliable
Cb,Cb02,0,280,280,4,25,38,63,21,25,115,unreliable
Cb,Cb02,1,005,005,30,72,38,62,42,24,235,unreliable
Cb,Cb02,2,280.003,280,76,78,41,61,2,20,15,unreliable
Cb,Cb02,3,053,053,79,83,39,62,4,23,45,unreliable
Cb,Cb02,4,207,207,86,109,39,62,23,23,133,unreliable
Cb,Cb02,5,020f,020,113,123,39,62,10,23,71,unreliable
Cb,Cb02,6,041,041,128,136,39,62,8,23,44,unreliable
Cb,Cb02,7,380.001,380,140,163,38,62,23,24,142,unreliable
Cb,Cb02,8,067.010f,067,168,187,39,63,19,24,108,unreliable
Cb,Cb02,9,067,067,193,203,39,63,10,24,51,unreliable
Cb,Cb02,10,730,730,207,223,38,63,16,25,97,unreliable
Cb,Cb02,11,670,670,226,250,39,63,24,24,132,unreliable
Cb,Cb02,12,001,001,252,257,39,63,5,24,52,unreliable
Cb,Cb02,13,631,631,259,277,38,63,18,25,114,unreliable
Cb,Cb02,14,571,571,282,291,38,62,9,24,67,unreliable
Cb,Cb02,15,700,700,294,306,38,62,12,24,89,unreliable
Cb,Cb02,16,380.001,380,312,334,37,62,22,25,127,unreliable
Cb,Cb02,17,600.064,600,339,366,37,62,27,25,158,unreliable
Cb,Cb02,18,400,400,369,382,37,62,13,25,72,unreliable
Cb,Cb02,19,064,064,383,387,38,60,4,22,25,unreliable
Cb,Cb02,20,660y,660,390,397,38,61,7,23,50,unreliable
Cb,Cb02,21,064h,064,399,415,36,62,16,26,93,unreliable
Cb,Cb02,22,660,660,416,448,38,62,32,24,195,unreliable
Cb,Cb02,23,380.001,380,452,471,36,60,19,24,97,unreliable
Cb,Cb02,24,370,370,474,493,36,61,19,25,97,unreliable
Cb,Cb02,25,379.013,379,498,526,36,61,28,25,157,unreliable
Cb,Cb02,26,379.013,379,529,558,37,61,29,24,170,unreliable
Cb,Cb03,0,001?.006,001,4,45,70,94,41,24,149,unreliable
Cb,Cb03,1,380.001,380,48,72,70,93,24,23,138,unreliable
Cb,Cb03,2,001.072,001,76,94,70,93,18,23,118,unreliable
Cb,Cb03,3,077,077,98,103,71,93,5,22,48,unreliable
Cb,Cb03,4,027.711,027,109,129,70,94,20,24,139,unreliable
Cb,Cb03,5,380.001,380,134,155,71,94,21,23,137,unreliable
Cb,Cb03,6,003.254,003,158,193,71,94,35,23,187,unreliable
Cb,Cb03,7,010?.430,010,196,219,71,94,23,23,128,unreliable
Cb,Cb03,8,254,254,223,266,72,94,43,22,222,unreliable
Cb,Cb03,9,097a,097,269,274,72,93,5,21,51,unreliable
Cb,Cb03,10,001,001,278,300,71,94,22,23,137,unreliable
Cb,Cb03,11,380.001,380,302,325,71,94,23,23,142,unreliable
Cb,Cb03,12,607,607,327,356,71,94,29,23,149,unreliable
Cb,Cb03,13,255,255,361,382,71,94,21,23,109,unreliable
Cb,Cb03,14,380.001,380,386,402,71,94,16,23,95,unreliable
Cb,Cb03,15,001.062f,001,406,424,72,94,18,22,123,unreliable
Cb,Cb03,16,001.008,001,427,441,72,94,14,22,91,unreliable
Cb,Cb03,17,001.062f,001,446,462,73,94,16,21,94,unreliable
Cb,Cb03,18,001.062fx,001,466,489,71,95,23,24,139,unreliable
Cb,Cb03,19,380.001,380,491,521,70,95,30,25,182,unreliable
Cb,Cb03,20,607,607,526,528,71,95,2,24,23,unreliable
Cb,Cb03,21,001.607,001,529,561,70,95,32,25,206,unreliable
Cb,Cb04,0,607,607,4,28,102,126,24,24,113,reliable
Cb,Cb04,1,380.001,380,31,52,102,126,21,24,143,reliable
Cb,Cb04,2,090,090,57,69,103,126,12,23,63,reliable
Cb,Cb04,3,001,001,74,78,102,126,4,24,53,reliable
Cb,Cb04,4,007,007,82,96,102,126,14,24,107,reliable
Cb,Cb04,5,053,053,100,112,103,126,12,23,85,reliable
Cb,Cb04,6,380.001,380,117,138,102,126,21,24,135,reliable
Cb,Cb04,7,605.700x,605,140,170,102,126,30,24,170,reliable
Cb,Cb04,8,605.700x,605,171,201,103,127,30,24,182,reliable
Cb,Cb04,9,605.700x,605,203,237,103,126,34,23,241,reliable
Cb,Cb04,10,670,670,240,262,103,127,22,24,147,reliable
Cb,Cb04,11,380.001,380,266,288,103,127,22,24,172,reliable
Cb,Cb04,12,660.005,660,291,333,103,127,42,24,241,reliable
Cb,Cb04,13,064h,064,333,355,104,126,22,22,113,reliable
Cb,Cb04,14,660.005,660,355,357,105,110,2,5,5,reliable
Cb,Cb04,15,064h,064,357,391,104,126,34,22,165,reliable
Cb,Cb04,16,660.005,660,394,417,103,126,23,23,136,reliable
Cb,Cb04,17,380.001,380,420,426,104,126,6,22,44,reliable
Cb,Cb04,18,040,040,428,435,105,127,7,22,46,reliable
Cb,Cb04,19,040,040,438,455,105,127,17,22,92,reliable
Cb,Cb04,20,095:042,095,461,473,103,127,12,24,71,reliable
Cb,Cb04,21,056,056,476,492,102,125,16,23,87,reliable
Cb,Cb04,22,430,430,494,523,109,126,29,17,120,reliable
Cb,Cb04,23,245?,245,528,532,104,121,4,17,32,reliable
Cb,Cb04,24,003.255?.003,003,535,556,102,126,21,24,120,reliable
Cb,Cb05,0,009,009,4,21,134,157,17,23,73,reliable
Cb,Cb05,1,431.009,431,25,60,134,158,35,24,190,reliable
Cb,Cb05,2,190.003,190,61,90,134,158,29,24,169,reliable
Cb,Cb05,3,665.052,665,95,122,134,157,27,23,185,reliable
Cb,Cb05,4,094a,094,126,142,134,158,16,24,108,reliable
Cb,Cb05,5,081,081,145,158,135,158,13,23,121,reliable
Cb,Cb05,6,003.354.003,003,161,197,134,159,36,25,239,reliable
Cb,Cb05,7,065,065,200,207,135,158,7,23,53,reliable
Cb,Cb05,8,680,680,209,239,135,159,30,24,231,reliable
Cb,Cb05,9,095,095,240,256,136,159,16,23,91,reliable
Cb,Cb05,10,003.523.004,003,258,293,134,159,35,25,291,reliable
Cb,Cb05,11,005,005,296,308,135,159,12,24,85,reliable
Cb,Cb05,12,430,430,310,326,134,159,16,25,121,reliable
Cb,Cb05,13,002,002,331,340,135,159,9,24,89,reliable
Cb,Cb05,14,001,001,344,348,135,158,4,23,45,reliable
Cb,Cb05,15,290,290,352,370,134,158,18,24,130,reliable
Cb,Cb05,16,216.000!,216,372,408,134,159,36,25,199,reliable
Cb,Cb05,17,290.073,290,412,441,135,159,29,24,168,reliable
Cb,Cb05,18,061.024.061,061,448,473,134,158,25,24,165,reliable
Cb,Cb05,19,006.074f,006,477,495,135,156,18,21,96,reliable
Cb,Cb05,20,523f,523,497,518,134,157,21,23,120,reliable
Cb,Cb05,21,522f,522,522,537,135,156,15,21,69,reliable
Cb,Cb06,0,027,027,5,17,168,191,12,23,66,unreliable
Cb,Cb06,1,400,400,20,37,167,191,17,24,111,unreliable
Cb,Cb06,2,360y,360,41,57,167,189,16,22,98,unreliable
Cb,Cb06,3,360y,360,60,78,167,188,18,21,87,unreliable
Cb,Cb06,4,041,041,81,90,168,191,9,23,61,unreliable
Cb,Cb06,5,091,091,94,107,167,191,13,24,75,unreliable
Cb,Cb06,6,017,017,110,117,167,191,7,24,54,unreliable
Cb,Cb06,7,022?,022,120,125,168,192,5,24,46,unreliable
Cb,Cb06,8,006V,006,129,139,168,190,10,22,67,unreliable
Cb,Cb06,9,381,381,145,162,167,191,17,24,123,unreliable
Cb,Cb06,10,004,004,165,171,168,191,6,23,52,unreliable
Cb,Cb06,11,066,066,175,185,168,192,10,24,73,unreliable
Cb,Cb06,12,760.004,760,188,216,168,192,28,24,212,unreliable
Cb,Cb06,13,066,066,221,281,168,192,60,24,404,unreliable
Cb,Cb06,14,281,281,284,299,168,191,15,23,114,unreliable
Cb,Cb06,15,281,281,303,309,168,191,6,23,56,unreliable
Cb,Cb06,16,381,381,312,323,169,192,11,23,61,unreliable
Cb,Cb06,17,004,004,327,353,168,191,26,23,184,unreliable
Cb,Cb06,18,066,066,358,366,168,191,8,23,43,unreliable
Cb,Cb06,19,760.004,760,371,379,168,191,8,23,51,unreliable
Cb,Cb06,20,017,017,385,398,167,191,13,24,69,unreliable
Cb,Cb06,21,006V,006,401,408,168,192,7,24,44,unreliable
Cb,Cb06,22,381f,381,412,445,168,192,33,24,163,unreliable
Cb,Cb06,23,066,066,452,461,168,187,9,19,29,unreliable
Cb,Cb06,24,760,760,463,486,167,192,23,25,133,unreliable
Cb,Cb06,25,004,004,488,494,167,192,6,25,56,unreliable
Cb,Cb06,26,030b,030,498,521,169,192,23,23,130,unreliable
Cb,Cb06,27,381,381,527,543,167,192,16,25,111,unreliable
Cb,Cb06,28,011,011,549,557,169,192,8,23,86,unreliable
Cb,Cb07,0,004,004,7,13,205,222,6,17,28,unreliable
Cb,Cb07,1,760,760,18,39,200,223,21,23,106,unreliable
Cb,Cb07,2,066,066,43,52,199,224,9,25,61,unreliable
Cb,Cb07,3,004.607,004,56,90,200,223,34,23,186,unreliable
Cb,Cb07,4,066,066,95,128,200,224,33,24,209,unreliable
Cb,Cb07,5,760,760,131,137,201,223,6,22,48,unreliable
Cb,Cb07,6,004,004,140,174,200,224,34,24,174,unreliable
Cb,Cb07,7,608y,608,176,197,201,224,21,23,130,unreliable
Cb,Cb07,8,004,004,200,206,202,224,6,22,46,unreliable
Cb,Cb07,9,760.004,760,211,219,201,223,8,22,66,unreliable
Cb,Cb07,10,002,002,225,249,201,224,24,23,131,unreliable
Cb,Cb07,11,095,095,251,283,200,224,32,24,191,unreliable
Cb,Cb07,12,066,066,287,299,201,224,12,23,93,unreliable
Cb,Cb07,13,760,760,303,310,201,223,7,22,55,unreliable
Cb,Cb07,14,004,004,313,327,202,224,14,22,88,unreliable
Cb,Cb07,15,027,027,331,342,200,224,11,24,56,unreliable
Cb,Cb07,16,066V,066,345,351,201,223,6,22,34,unreliable
Cb,Cb07,17,004.002,004,355,368,203,224,13,21,61,unreliable
Cb,Cb07,18,086,086,371,375,217,223,4,6,7,unreliable
Cb,Cb07,19,066V,066,379,384,202,223,5,21,39,unreliable
Cb,Cb07,20,760,760,388,410,201,224,22,23,104,unreliable
Cb,Cb07,21,004,004,414,446,201,224,32,23,125,unreliable
Cb,Cb07,22,275,275,454,458,203,222,4,19,21,unreliable
Cb,Cb07,23,296.003,296,462,463,213,217,1,4,4,unreliable
Cb,Cb07,24,086,086,466,495,199,223,29,24,134,unreliable
Cb,Cb07,25,390.008,390,498,513,199,223,15,24,74,unreliable
Cb,Cb07,26,300,300,515,518,206,215,3,9,12,unreliable
Cb,Cb08,0,008,008,4,16,235,254,12,19,61,unreliable
Cb,Cb08,1,008,008,20,34,234,255,14,21,86,unreliable
Cb,Cb08,2,465.009,465,39,77,231,255,38,24,148,unreliable
Cb,Cb08,3,004,004,79,85,233,255,6,22,33,unreliable
Cb,Cb08,4,760,760,91,108,232,255,17,23,78,unreliable
Cb,Cb08,5,086,086,112,116,240,242,4,2,5,unreliable
Cb,Cb08,6,248,248,118,124,232,243,6,11,15,unreliable
Cb,Cb08,7,020V,020,128,158,231,254,30,23,146,unreliable
Cb,Cb08,8,004.003,004,163,174,232,254,11,22,74,unreliable
Cb,Cb08,9,004.003,004,180,191,231,254,11,23,74,unreliable
Cb,Cb08,10,671.003,671,196,208,231,254,12,23,84,unreliable
Cb,Cb08,11,099,099,213,250,232,255,37,23,158,unreliable
Cb,Cb08,12,004,004,254,269,232,255,15,23,85,unreliable
Cb,Cb08,13,002,002,273,278,231,255,5,24,38,unreliable
Cb,Cb08,14,004,004,282,293,232,254,11,22,79,unreliable
Cb,Cb08,15,002,002,298,304,231,254,6,23,54,unreliable
Cb,Cb08,16,070,070,307,314,232,255,7,23,54,unreliable
Cb,Cb08,17,095,095,319,334,231,255,15,24,132,unreliable
Cb,Cb08,18,001?,001,337,352,231,254,15,23,73,unreliable
Cb,Cb08,19,095,095,354,377,232,255,23,23,121,unreliable
Cb,Cb08,20,205,205,379,414,232,255,35,23,189,unreliable
Cb,Cb08,21,002.010,002,419,423,232,252,4,20,25,unreliable
Cb,Cb08,22,205,205,425,427,244,248,2,4,5,unreliable
Cb,Cb08,23,001t,001,428,451,231,255,23,24,126,unreliable
Cb,Cb08,24,002,002,459,467,232,254,8,22,53,unreliable
Cb,Cb08,25,700,700,470,484,232,255,14,23,63,unreliable
Cb,Cb08,26,069,069,490,497,231,254,7,23,37,unreliable
Cb,Cb08,27,006.074f,006,501,517,235,255,16,20,67,unreliable
Cb,Cb08,28,755,755,521,534,231,254,13,23,62,unreliable
Cb,Cb08,29,700,700,538,547,231,253,9,22,51,unreliable
Cb,Cb09,0,022f,022,5,12,266,289,7,23,52,unreliable
Cb,Cb09,1,302,302,17,91,264,289,74,25,378,unreliable
Cb,Cb09,2,040,040,96,103,264,287,7,23,52,unreliable
Cb,Cb09,3,302,302,108,114,264,288,6,24,45,unreliable
Cb,Cb09,4,007,007,117,150,264,288,33,24,192,unreliable
Cb,Cb09,5,002,002,153,160,264,288,7,24,55,unreliable
Cb,Cb09,6,044?,044,164,191,263,289,27,26,143,unreliable
Cb,Cb09,7,660,660,194,202,263,288,8,25,62,unreliable
Cb,Cb09,8,077,077,205,226,263,289,21,26,99,unreliable
Cb,Cb09,9,077,077,229,257,264,288,28,24,167,unreliable
Cb,Cb09,10,002.000!,002,261,274,265,288,13,23,103,unreliable
Cb,Cb09,11,002,002,277,283,265,288,6,23,46,unreliable
Cb,Cb09,12,060,060,287,294,264,288,7,24,56,unreliable
Cb,Cb09,13,002,002,299,306,265,288,7,23,56,unreliable
Cb,Cb09,14,060,060,312,319,264,288,7,24,66,unreliable
Cb,Cb09,15,002,002,323,331,265,288,8,23,61,unreliable
Cb,Cb09,16,060,060,336,353,263,289,17,26,112,unreliable
Cb,Cb09,17,730,730,358,364,264,289,6,25,71,unreliable
Cb,Cb09,18,002,002,369,386,264,289,17,25,119,unreliable
Cb,Cb09,19,010.002.069,010,388,407,265,289,19,24,108,unreliable
Cb,Cb09,20,002,002,411,424,265,288,13,23,79,unreliable
Cb,Cb09,21,005,005,425,434,265,289,9,24,56,unreliable
Cb,Cb09,22,002,002,436,463,264,289,27,25,167,unreliable
Cb,Cb09,23,208,208,464,483,269,288,19,19,73,unreliable
Cb,Cb09,24,546,546,485,515,263,289,30,26,195,unreliable
Cb,Cb09,25,410,410,519,527,264,287,8,23,46,unreliable
Cb,Cb09,26,095,095,530,548,264,288,18,24,103,unreliable
Cb,Cb09,27,095.095,095,551,566,264,288,15,24,98,unreliable
Cb,Cb09,28,445.002?,445,569,576,264,287,7,23,60,unreliable
Cb,Cb10,0,480.002,480,4,50,299,321,46,22,196,unreliable
Cb,Cb10,1,483,483,52,72,298,320,20,22,86,unreliable
Cb,Cb10,2,002,002,75,86,298,320,11,22,52,unreliable
Cb,Cb10,3,480,480,93,114,296,320,21,24,118,unreliable
Cb,Cb10,4,002,002,119,130,300,319,11,19,65,unreliable
Cb,Cb10,5,665,665,136,162,296,319,26,23,155,unreliable
Cb,Cb10,6,667,667,164,194,297,320,30,23,173,unreliable
Cb,Cb10,7,107,107,196,211,297,320,15,23,94,unreliable
Cb,Cb10,8,059f.006,059,213,243,297,321,30,24,162,unreliable
Cb,Cb10,9,059f.008,059,245,305,297,320,60,23,374,unreliable
Cb,Cb10,10,059f.003.001,059,307,312,298,319,5,21,49,unreliable
Cb,Cb10,11,391.071,391,315,342,296,321,27,25,182,unreliable
Cb,Cb10,12,010.002,010,345,363,297,320,18,23,120,unreliable
Cb,Cb10,13,052x.066,052,366,389,297,321,23,24,175,unreliable
Cb,Cb10,14,004,004,392,399,297,320,7,23,52,unreliable
Cb,Cb10,15,760,760,401,423,298,321,22,23,138,unreliable
Cb,Cb10,16,006.010,006,427,451,298,320,24,22,147,unreliable
Cb,Cb10,17,003.305,003,453,475,297,321,22,24,116,unreliable
Cb,Cb10,18,004.600,004,477,504,296,321,27,25,155,unreliable
Cb,Cb10,19,003.040,003,508,526,297,321,18,24,96,unreliable
Cb,Cb10,20,003.050,003,528,546,297,320,18,23,97,unreliable
Cb,Cb10,21,095,095,550,558,296,320,8,24,52,unreliable
Cb,Cb11,0,003.670,003,4,14,330,352,10,22,33,unreliable
Cb,Cb11,1,099,099,15,17,333,342,2,9,9,unreliable
Cb,Cb11,2,004,004,18,45,330,353,27,23,109,unreliable
Cb,Cb11,3,002,002,53,70,329,353,17,24,93,unreliable
Cb,Cb11,4,004,004,74,80,329,352,6,23,48,unreliable
Cb,Cb11,5,002,002,85,91,329,352,6,23,41,unreliable
Cb,Cb11,6,001,001,96,103,329,352,7,23,52,unreliable
Cb,Cb11,7,001,001,108,114,329,352,6,23,53,unreliable
Cb,Cb11,8,006.010.078,006,119,125,329,352,6,23,55,unreliable
Cb,Cb11,9,211,211,129,135,329,351,6,22,54,unreliable
Cb,Cb11,10,070,070,139,167,329,352,28,23,170,unreliable
Cb,Cb11,11,401y,401,172,197,328,352,25,24,146,unreliable
Cb,Cb11,12,040,040,201,215,329,352,14,23,100,unreliable
Cb,Cb11,13,522f,522,219,244,328,352,25,24,153,unreliable
Cb,Cb11,14,762,762,247,256,328,352,9,24,69,unreliable
Cb,Cb11,15,761,761,259,314,328,353,55,25,347,unreliable
Cb,Cb11,16,557,557,315,342,328,353,27,25,198,unreliable
Cb,Cb11,17,001h,001,344,378,328,353,34,25,183,unreliable
Cb,Cb11,18,556,556,382,388,330,352,6,22,43,unreliable
Cb,Cb11,19,001h,001,391,425,329,353,34,24,178,unreliable
Cb,Cb11,20,700,700,427,438,329,352,11,23,86,unreliable
Cb,Cb11,21,215,215,443,480,330,353,37,23,202,unreliable
Cb,Cb11,22,003.000!.003,003,480,489,331,352,9,21,44,unreliable
Cb,Cb11,23,002.062,002,496,515,329,353,19,24,109,unreliable
Cb,Cb11,24,420y,420,518,528,329,353,10,24,83,unreliable
Cb,Cb11,25,254,254,532,567,329,353,35,24,211,unreliable
Cb,Cb11,26,007,007,570,584,329,353,14,24,105,unreliable
Cb,Cb12,0,095:060,095,3,18,364,386,15,22,59,unreliable
Cb,Cb12,1,053,053,19,30,364,387,11,23,73,unreliable
Cb,Cb12,2,700,700,33,47,364,387,14,23,85,unreliable
Cb,Cb12,3,001.062,001,52,68,363,387,16,24,91,unreliable
Cb,Cb12,4,003.070,003,69,94,364,387,25,23,131,unreliable
Cb,Cb12,5,060,060,99,136,362,387,37,25,218,unreliable
Cb,Cb12,6,460,460,140,172,363,387,32,24,166,unreliable
Cb,Cb12,7,247,247,173,214,363,387,41,24,256,unreliable
Cb,Cb12,8,005.244,005,218,275,362,387,57,25,352,unreliable
Cb,Cb12,9,730.069,730,278,307,362,386,29,24,188,unreliable
Cb,Cb12,10,003.215,003,311,334,363,387,23,24,141,unreliable
Cb,Cb12,11,004.400,004,337,354,363,387,17,24,111,unreliable
Cb,Cb12,12,040.003,040,358,390,363,387,32,24,189,unreliable
Cb,Cb12,13,003.050,003,393,409,362,386,16,24,113,unreliable
Cb,Cb12,14,670.003,670,413,427,362,387,14,25,105,unreliable
Cb,Cb12,15,099,099,432,443,363,387,11,24,71,unreliable
Cb,Cb12,16,007,007,447,455,362,387,8,25,70,unreliable
Cb,Cb12,17,067,067,460,465,363,386,5,23,36,unreliable
Cb,Cb12,18,022f,022,469,479,364,387,10,23,67,unreliable
Cb,Cb12,19,022,022,483,490,363,386,7,23,55,unreliable
Cb,Cb12,20,700,700,490,491,370,375,1,5,5,unreliable
Cb,Cb12,21,020,020,495,512,363,386,17,23,91,unreliable
Cb,Cb12,22,037.086,037,515,532,363,385,17,22,99,unreliable
Cb,Cb12,23,522f,522,534,550,363,386,16,23,71,unreliable
Cb,Cb13,0,522f,522,4,30,395,419,26,24,109,unreliable
Cb,Cb13,1,022,022,32,39,397,420,7,23,45,unreliable
Cb,Cb13,2,700,700,42,54,397,421,12,24,66,unreliable
Cb,Cb13,3,020,020,58,65,397,420,7,23,59,unreliable
Cb,Cb13,4,001,001,71,76,397,419,5,22,37,unreliable
Cb,Cb13,5,086,086,80,92,396,420,12,24,48,unreliable
Cb,Cb13,6,522f,522,98,136,396,420,38,24,190,unreliable
Cb,Cb13,7,440,440,140,152,396,420,12,24,63,unreliable
Cb,Cb13,8,086,086,155,164,396,421,9,25,75,unreliable
Cb,Cb13,9,019,019,167,180,395,420,13,25,72,unreliable
Cb,Cb13,10,086,086,184,204,395,420,20,25,128,unreliable
Cb,Cb13,11,522f,522,207,222,396,420,15,24,117,unreliable
Cb,Cb13,12,007,007,224,235,396,419,11,23,82,unreliable
Cb,Cb13,13,020,020,238,270,396,419,32,23,181,unreliable
Cb,Cb13,14,670,670,274,281,396,419,7,23,49,unreliable
Cb,Cb13,15,040,040,284,292,396,419,8,23,47,unreliable
Cb,Cb13,16,040,040,295,303,396,419,8,23,53,unreliable
Cb,Cb13,17,040,040,309,329,395,420,20,25,134,unreliable
Cb,Cb13,18,044?.420y,044,330,344,395,419,14,24,82,unreliable
Cb,Cb13,19,022,022,349,354,396,419,5,23,39,unreliable
Cb,Cb13,20,050V,050,357,364,396,420,7,24,62,unreliable
Cb,Cb13,21,022.062.010,022,369,390,396,419,21,23,153,unreliable
Cb,Cb13,22,700,700,394,403,396,419,9,23,61,unreliable
Cb,Cb13,23,663,663,405,459,395,419,54,24,257,unreliable
Cb,Cb13,24,280,280,463,473,396,421,10,25,60,unreliable
Cb,Cb13,25,060,060,474,485,396,419,11,23,61,unreliable
Cb,Cb13,26,002,002,489,497,397,419,8,22,51,unreliable
Cb,Cb13,27,002,002,501,516,396,420,15,24,72,unreliable
Cb,Cb13,28,005,005,519,539,396,421,20,25,110,unreliable
Cb,Cb13,29,010.067,010,545,548,403,419,3,16,19,unreliable
Cb,Cb13,30,067?,067,550,552,414,419,2,5,5,unreliable
Cb,Cb14,0,145,145,5,47,429,453,42,24,124,unreliable
Cb,Cb14,1,209,209,54,63,429,453,9,24,46,unreliable
Cb,Cb14,2,040,040,68,78,433,453,10,20,51,unreliable
Cb,Cb14,3,700,700,83,117,429,453,34,24,157,unreliable
Cb,Cb14,4,530.070,530,121,154,429,451,33,22,144,unreliable
Cb,Cb14,5,664,664,158,195,429,453,37,24,169,unreliable
Cb,Cb14,6,725,725,199,206,430,452,7,22,48,unreliable
Cb,Cb14,7,017,017,212,235,429,453,23,24,128,unreliable
Cb,Cb14,8,325,325,239,246,430,453,7,23,46,unreliable
Cb,Cb14,9,040,040,251,261,429,452,10,23,53,unreliable
Cb,Cb14,10,380,380,272,297,429,453,25,24,88,unreliable
Cb,Cb14,11,290,290,301,313,430,452,12,22,53,unreliable
Cb,Cb14,12,047,047,317,423,429,453,106,24,402,unreliable
Cb,Cb14,13,206.711.711,206,434,439,435,443,5,8,10,unreliable
Cb,Cb14,14,680,680,444,449,430,439,5,9,13,unreliable
Cb,Cb14,15,400,400,453,464,429,452,11,23,59,unreliable
Cb,Cb14,16,480,480,471,476,433,452,5,19,17,unreliable
Cb,Cb14,17,052x,052,482,487,429,444,5,15,12,unreliable
Cb,Cb14,18,460?,460,494,502,430,442,8,12,25,unreliable
Da,Da01,0,006,006,3,166,4,33,163,29,1149,unreliable
Da,Da01,1,381,381,168,201,4,33,33,29,250,unreliable
Da,Da01,2,700,700,202,219,5,35,17,30,140,unreliable
Da,Da01,3,208,208,222,240,6,35,18,29,163,unreliable
Da,Da01,4,007y,007,242,245,32,35,3,3,6,unreliable
Da,Da01,5,007,007,246,266,6,35,20,29,173,unreliable
Da,Da01,6,207,207,267,346,6,35,79,29,577,unreliable
Da,Da01,7,063y.207,063,347,376,6,32,29,26,216,unreliable
Da,Da01,8,734,734,378,409,5,33,31,28,256,unreliable
Da,Da01,9,204:042,204,412,427,6,34,15,28,174,unreliable
Da,Da01,10,005f,005,432,456,5,34,24,29,226,unreliable
Da,Da01,11,522f,522,461,475,6,35,14,29,136,unreliable
Da,Da01,12,522,522,477,493,5,34,16,29,94,unreliable
Da,Da02,0,003?,003,12,16,65,68,4,3,8,reliable
Da,Da02,1,060,060,25,39,49,71,14,22,72,reliable
Da,Da02,2,078,078,42,56,41,68,14,27,125,reliable
Da,Da02,3,306y,306,61,91,41,69,30,28,242,reliable
Da,Da02,4,056,056,92,108,42,70,16,28,143,reliable
Da,Da02,5,656.090,656,111,177,41,70,66,29,624,reliable
Da,Da02,6,590,590,177,200,43,71,23,28,233,reliable
Da,Da02,7,205,205,202,220,43,71,18,28,136,reliable
Da,Da02,8,678.300y.301s,678,220,271,43,71,51,28,423,reliable
Da,Da02,9,430.061.095x.003,430,272,309,42,70,37,28,359,reliable
Da,Da02,10,594,594,315,360,43,71,45,28,417,reliable
Da,Da02,11,284,284,363,398,41,70,35,29,330,reliable
Da,Da02,12,605s,605,399,459,42,70,60,28,571,reliable
Da,Da02,13,173,173,463,484,43,71,21,28,260,reliable
Da,Da02,14,006,006,492,503,46,70,11,24,98,reliable
Da,Da03,0,600,600,4,30,78,107,26,29,231,reliable
Da,Da03,1,200:042.041,200,32,66,78,106,34,28,334,reliable
Da,Da03,2,610,610,70,94,78,107,24,29,243,reliable
Da,Da03,3,002,002,103,113,78,106,10,28,146,reliable
Da,Da03,4,200.052x,200,117,150,78,108,33,30,335,reliable
Da,Da03,5,600,600,154,178,79,109,24,30,259,reliable
Da,Da03,6,002,002,185,195,80,108,10,28,111,reliable
Da,Da03,7,200.052x,200,200,235,80,109,35,29,349,reliable
Da,Da03,8,600,600,236,259,80,109,23,29,256,reliable
Da,Da03,9,460,460,264,292,81,109,28,28,238,reliable
Da,Da03,10,200.052x,200,296,333,78,108,37,30,372,reliable
Da,Da03,11,600,600,336,361,78,108,25,30,282,reliable
Da,Da03,12,200.052x,200,363,399,79,109,36,30,382,reliable
Da,Da03,13,200.052x,200,403,437,78,108,34,30,287,reliable
Da,Da03,14,600,600,439,484,78,108,45,30,397,reliable
Da,Da04,0,007,007,5,42,116,147,37,31,315,reliable
Da,Da04,1,379.061,379,46,71,116,145,25,29,266,reliable
Da,Da04,2,700,700,76,87,115,145,11,30,131,reliable
Da,Da04,3,207,207,92,124,115,144,32,29,285,reliable
Da,Da04,4,007,007,129,147,115,145,18,30,205,reliable
Da,Da04,5,002,002,154,163,116,145,9,29,96,reliable
Da,Da04,6,700,700,170,181,116,145,11,29,119,reliable
Da,Da04,7,073.064,073,186,208,116,146,22,30,200,reliable
Da,Da04,8,052.590.052,052,210,285,117,147,75,30,693,reliable
Da,Da04,9,002:042,002,288,302,117,147,14,30,131,reliable
Da,Da04,10,073.006,073,308,332,118,146,24,28,223,reliable
Da,Da04,11,590.052,590,335,364,117,146,29,29,260,reliable
Da,Da04,12,204,204,367,400,117,146,33,29,279,reliable
Da,Da04,13,034,034,400,426,118,146,26,28,231,reliable
Da,Da04,14,360,360,431,449,118,146,18,28,164,reliable
Da,Da05,0,380y?,380,2,45,152,181,43,29,376,unreliable
Da,Da05,1,002,002,51,57,154,180,6,26,69,unreliable
Da,Da05,2,003,003,62,81,152,180,19,28,180,unreliable
Da,Da05,3,730,730,87,138,152,182,51,30,405,unreliable
Da,Da05,4,001.600?,001,140,185,152,180,45,28,310,unreliable
Da,Da05,5,001,001,186,206,153,180,20,27,140,unreliable
Da,Da05,6,700?,700,207,213,154,176,6,22,35,unreliable
Da,Da05,7,600?,600,215,259,154,181,44,27,369,unreliable
Da,Da05,8,001?.380?,001,261,274,154,182,13,28,91,unreliable
Da,Da05,9,002,002,275,293,155,182,18,27,174,unreliable
Da,Da05,10,003,003,297,317,154,182,20,28,151,unreliable
Da,Da05,11,730,730,323,332,154,181,9,27,120,unreliable
Da,Da05,12,093,093,339,344,155,180,5,25,68,unreliable
Da,Da05,13,020f,020,345,352,154,181,7,27,90,unreliable
Da,Da05,14,020f,020,359,370,154,182,11,28,119,unreliable
Da,Da05,15,002,002,375,382,154,182,7,28,98,unreliable
Da,Da05,16,001,001,384,405,154,182,21,28,218,unreliable
Da,Da05,17,002,002,410,434,153,182,24,29,229,unreliable
Da,Da05,18,741,741,439,451,153,182,12,29,135,unreliable
Da,Da05,19,020,020,456,483,155,182,27,27,171,unreliable
Da,Da06,0,059f?,059,3,131,189,219,128,30,966,unreliable
Da,Da06,1,470,470,136,148,190,219,12,29,119,unreliable
Da,Da06,2,003.000!.003.052,003,154,175,189,220,21,31,218,unreliable
Da,Da06,3,050V,050,179,202,190,220,23,30,185,unreliable
Da,Da06,4,001.063,001,204,252,189,219,48,30,319,unreliable
Da,Da06,5,385?,385,253,277,191,219,24,28,196,unreliable
Da,Da06,6,600?,600,279,293,191,220,14,29,103,unreliable
Da,Da06,7,050,050,294,299,190,196,5,6,9,unreliable
Da,Da06,8,700,700,300,312,190,220,12,30,110,unreliable
Da,Da06,9,240?,240,313,360,190,219,47,29,352,unreliable
Da,Da06,10,700,700,362,376,190,218,14,28,79,unreliable
Da,Da06,11,243?,243,376,414,190,220,38,30,303,unreliable
Da,Da06,12,007,007,414,455,190,218,41,28,242,unreliable
Da,Da06,13,600?,600,455,496,191,219,41,28,244,unreliable
Da,Da07,0,202?,202,1,30,225,253,29,28,199,reliable
Da,Da07,1,095,095,31,49,226,252,18,26,114,reliable
Da,Da07,2,094a,094,53,71,225,253,18,28,181,reliable
Da,Da07,3,081,081,76,93,226,249,17,23,179,reliable
Da,Da07,4,450,450,98,112,226,253,14,27,123,reliable
Da,Da07,5,536?,536,115,167,226,255,52,29,414,reliable
Da,Da07,6,739,739,171,217,226,256,46,30,448,reliable
Da,Da07,7,061?.306y.083,061,221,254,227,256,33,29,270,reliable
Da,Da07,8,590.063y,590,259,294,227,257,35,30,308,reliable
Da,Da07,9,607.000!,607,299,331,230,258,32,28,255,reliable
Da,Da07,10,200.055?,200,337,351,230,258,14,28,138,reliable
Da,Da07,11,739,739,357,386,231,258,29,27,225,reliable
Da,Da07,12,610.052?,610,390,428,227,258,38,31,226,reliable
Da,Da08,0,20)!,20),4,435,265,294,431,29,3019,reliable
Db,Db01,0,246?,246,7,47,4,32,40,28,331,unreliable
Db,Db01,1,001,001,54,61,5,32,7,27,91,unreliable
Db,Db01,2,240.052,240,66,99,4,33,33,29,267,unreliable
Db,Db01,3,371,371,103,160,4,33,57,29,411,unreliable
Db,Db01,4,371,371,163,257,5,34,94,29,689,unreliable
Db,Db01,5,002,002,259,283,7,35,24,28,162,unreliable
Db,Db01,6,680?,680,285,325,9,35,40,26,226,unreliable
Db,Db01,7,002,002,327,522,4,35,195,31,1148,unreliable
Db,Db02,0,590,590,5,70,40,69,65,29,487,reliable
Db,Db02,1,025.010,025,74,113,40,69,39,29,303,reliable
Db,Db02,2,009.006.003,009,118,164,40,69,46,29,372,reliable
Db,Db02,3,606s.003,606,170,209,41,71,39,30,370,reliable
Db,Db02,4,081.006.003,081,212,250,41,69,38,28,321,reliable
Db,Db02,5,670.003,670,257,282,42,71,25,29,224,reliable
Db,Db02,6,095f.095f,095,287,324,43,71,37,28,306,reliable
Db,Db02,7,606s,606,327,352,44,72,25,28,190,reliable
Db,Db02,8,073.006,073,357,375,44,71,18,27,181,reliable
Db,Db02,9,008,008,384,420,42,72,36,30,295,reliable
Db,Db02,10,059f.006,059,423,447,41,70,24,29,215,reliable
Db,Db02,11,522f,522,451,461,47,62,10,15,49,reliable
Db,Db03,0,383,383,5,33,77,108,28,31,223,unreliable
Db,Db03,1,383,383,37,65,78,108,28,30,236,unreliable
Db,Db03,2,013.006.074,013,68,107,78,108,39,30,355,unreliable
Db,Db03,3,001.063,001,114,136,79,107,22,28,205,unreliable
Db,Db03,4,001.063,001,139,164,80,108,25,28,199,unreliable
Db,Db03,5,007.003,007,168,200,79,110,32,31,285,unreliable
Db,Db03,6,004.006,004,206,229,80,110,23,30,210,unreliable
Db,Db03,7,004.095?,004,234,259,81,111,25,30,236,unreliable
Db,Db03,8,002,002,266,275,81,109,9,28,125,unreliable
Db,Db03,9,002,002,283,292,81,109,9,28,120,unreliable
Db,Db03,10,280?.063,280,297,360,79,111,63,32,493,unreliable
Db,Db03,11,012,012,367,386,81,108,19,27,156,unreliable
Db,Db03,12,093f,093,389,414,79,107,25,28,235,unreliable
Db,Db03,13,200,200,419,445,77,106,26,29,162,unreliable
Db,Db04,0,741,741,3,68,115,144,65,29,470,reliable
Db,Db04,1,630,630,72,83,116,143,11,27,118,reliable
Db,Db04,2,050,050,89,100,115,143,11,28,111,reliable
Db,Db04,3,050,050,107,114,116,144,7,28,79,reliable
Db,Db04,4,001,001,120,161,115,146,41,31,392,reliable
Db,Db04,5,700.244,700,164,208,116,145,44,29,423,reliable
Db,Db04,6,700.244,700,211,252,117,145,41,28,400,reliable
Db,Db04,7,240.008,240,258,298,117,146,40,29,418,reliable
Db,Db04,8,240.008,240,303,311,117,145,8,28,79,reliable
Db,Db04,9,022,022,316,333,117,146,17,29,165,reliable
Db,Db04,10,007,007,338,362,116,145,24,29,233,reliable
Db,Db04,11,600,600,367,397,116,145,30,29,261,reliable
Db,Db04,12,007.010?,007,401,418,115,144,17,29,95,reliable
Db,Db05,0,522f?.700,522,3,37,153,181,34,28,277,unreliable
Db,Db05,1,002.009,002,44,146,153,182,102,29,749,unreliable
Db,Db05,2,200.524f.077,200,151,164,154,180,13,26,95,unreliable
Db,Db05,3,006,006,173,184,154,182,11,28,117,unreliable
Db,Db05,4,006:700,006,192,228,154,184,36,30,323,unreliable
Db,Db05,5,622,622,233,271,155,184,38,29,334,unreliable
Db,Db05,6,741,741,276,296,154,182,20,28,170,unreliable
Db,Db05,7,015,015,300,311,154,182,11,28,84,unreliable
Db,Db05,8,008,008,316,334,154,182,18,28,166,unreliable
Db,Db05,9,040,040,340,365,154,181,25,27,147,unreliable
Db,Db05,10,008,008,369,388,153,181,19,28,144,unreliable
Db,Db05,11,069.000!,069,393,414,154,182,21,28,153,unreliable
Db,Db06,0,244?,244,3,42,189,217,39,28,243,reliable
Db,Db06,1,006,006,46,60,190,218,14,28,117,reliable
Db,Db06,2,009,009,64,82,190,216,18,26,127,reliable
Db,Db06,3,044,044,84,95,190,217,11,27,84,reliable
Db,Db06,4,608V,608,100,136,190,217,36,27,252,reliable
Db,Db06,5,006,006,141,154,190,217,13,27,105,reliable
Db,Db06,6,007,007,160,179,191,219,19,28,178,reliable
Db,Db06,7,600,600,184,210,191,219,26,28,253,reliable
Db,Db06,8,007,007,217,236,191,220,19,29,187,reliable
Db,Db06,9,680,680,242,293,192,220,51,28,382,reliable
Db,Db06,10,200,200,295,330,191,219,35,28,294,reliable
Db,Db06,11,093f,093,332,352,189,218,20,29,163,reliable
Db,Db06,12,009:042,009,358,375,189,217,17,28,157,reliable
Db,Db06,13,041,041,380,390,189,217,10,28,87,reliable
Er,Er01,0,040?,040,2,41,6,33,39,27,211,reliable
Er,Er01,1,630?,630,42,53,6,31,11,25,87,reliable
Er,Er01,2,004?,004,58,86,6,32,28,26,237,reliable
Er,Er01,3,739,739,91,101,6,33,10,27,84,reliable
Er,Er01,4,200.022,200,103,134,6,33,31,27,256,reliable
Er,Er01,5,063,063,138,187,6,33,49,27,370,reliable
Er,Er01,6,208.063y,208,188,208,6,33,20,27,166,reliable
Er,Er01,7,200.006x.063,200,214,244,6,34,30,28,241,reliable
Er,Er01,8,005.063y,005,248,254,7,34,6,27,62,reliable
Er,Er01,9,040.300,040,257,278,6,34,21,28,180,reliable
Er,Er01,10,041,041,283,320,6,34,37,28,311,reliable
Er,Er01,11,300y,300,326,355,6,33,29,27,231,reliable
Er,Er01,12,300.024,300,359,384,6,32,25,26,219,reliable
Er,Er01,13,004.430,004,385,452,6,35,67,29,548,reliable
Er,Er01,14,022.430y,022,452,479,6,34,27,28,229,reliable
Er,Er01,15,206.063,206,482,488,7,34,6,27,70,reliable
Er,Er01,16,086.063,086,489,519,6,35,30,29,260,reliable
Er,Er01,17,722.063,722,521,545,6,35,24,29,200,reliable
Er,Er01,18,040,040,550,586,6,34,36,28,340,reliable
Er,Er01,19,300.040,300,588,613,6,34,25,28,214,reliable
Er,Er01,20,300y,300,615,641,6,34,26,28,208,reliable
Er,Er01,21,300.024,300,643,684,7,34,41,27,335,reliable
Er,Er01,22,004.430,004,685,716,7,34,31,27,242,reliable
Er,Er01,23,022.430y,022,722,732,8,32,10,24,83,reliable
Er,Er01,24,201.063,201,734,737,14,30,3,16,27,reliable
Er,Er01,25,061?.063.061?,061,737,741,9,30,4,21,31,reliable
Er,Er01,26,063.061,063,745,756,8,31,11,23,72,reliable
Er,Er01,27,063.061,063,760,766,9,27,6,18,48,reliable
Er,Er01,28,040,040,770,777,10,35,7,25,75,reliable
Er,Er01,29,040,040,781,787,10,35,6,25,67,reliable
Er,Er01,30,300.028x,300,791,830,9,35,39,26,308,reliable
Er,Er01,31,004.430,004,837,861,9,31,24,22,178,reliable
Er,Er01,32,022,022,866,872,10,24,6,14,35,reliable
Er,Er02,0,203s,203,5,34,43,72,29,29,230,reliable
Er,Er02,1,063,063,36,47,44,70,11,26,80,reliable
Er,Er02,2,670,670,49,75,43,70,26,27,183,reliable
Er,Er02,3,063,063,78,80,59,68,2,9,15,reliable
Er,Er02,4,670,670,79,82,48,58,3,10,11,reliable
Er,Er02,5,001.063,001,82,91,43,68,9,25,65,reliable
Er,Er02,6,062.001.063,062,90,117,44,71,27,27,189,reliable
Er,Er02,7,041,041,120,140,43,72,20,29,170,reliable
Er,Er02,8,300,300,143,171,43,72,28,29,273,reliable
Er,Er02,9,040,040,174,181,44,64,7,20,54,reliable
Er,Er02,10,300.028x,300,184,201,44,65,17,21,126,reliable
Er,Er02,11,004.430?,004,204,209,45,64,5,19,48,reliable
Er,Er02,12,022.380y,022,212,243,44,65,31,21,243,reliable
Er,Er02,13,203s,203,247,254,44,65,7,21,67,reliable
Er,Er02,14,001,001,254,283,44,65,29,21,207,reliable
Er,Er02,15,203,203,287,314,45,69,27,24,237,reliable
Er,Er02,16,016,016,315,322,45,69,7,24,69,reliable
Er,Er02,17,203,203,325,356,44,72,31,28,313,reliable
Er,Er02,18,070t,070,359,393,44,73,34,29,345,reliable
Er,Er02,19,063,063,398,409,45,72,11,27,114,reliable
Er,Er02,20,118,118,411,429,44,73,18,29,191,reliable
Er,Er02,21,040,040,430,437,44,71,7,27,90,reliable
Er,Er02,22,300,300,438,457,44,72,19,28,184,reliable
Er,Er02,23,040,040,461,467,44,72,6,28,90,reliable
Er,Er02,24,300.028x,300,469,487,43,72,18,29,189,reliable
Er,Er02,25,004.430,004,487,507,43,72,20,29,190,reliable
Er,Er02,26,022.380y,022,509,537,44,72,28,28,254,reliable
Er,Er02,27,203,203,542,564,43,70,22,27,241,reliable
Er,Er02,28,004?.062?,004,565,595,43,71,30,28,294,reliable
Er,Er02,29,203,203,595,603,43,71,8,28,93,reliable
Er,Er02,30,063x,063,605,636,43,71,31,28,327,reliable
Er,Er02,31,203,203,640,672,44,72,32,28,297,reliable
Er,Er02,32,044,044,675,692,45,72,17,27,176,reliable
Er,Er02,33,203.073?.006,203,692,718,45,72,26,27,218,reliable
Er,Er02,34,063,063,719,730,45,72,11,27,105,reliable
Er,Er02,35,670,670,733,760,45,73,27,28,227,reliable
Er,Er02,36,040,040,762,768,46,72,6,26,79,reliable
Er,Er02,37,040,040,771,777,46,73,6,27,82,reliable
Er,Er02,38,300.028x,300,781,817,46,73,36,27,348,reliable
Er,Er02,39,004,004,821,828,47,72,7,25,88,reliable
Er,Er02,40,022,022,832,838,46,73,6,27,90,reliable
Er,Er03,0,203s,203,6,37,79,105,31,26,300,reliable
Er,Er03,1,005t,005,41,50,79,106,9,27,89,reliable
Er,Er03,2,678,678,53,77,78,105,24,27,264,reliable
Er,Er03,3,063,063,79,95,78,104,16,26,135,reliable
Er,Er03,4,002,002,98,109,78,104,11,26,95,reliable
Er,Er03,5,123,123,112,118,78,103,6,25,55,reliable
Er,Er03,6,063,063,122,147,78,105,25,27,204,reliable
Er,Er03,7,003,003,151,158,79,105,7,26,85,reliable
Er,Er03,8,063,063,160,165,79,105,5,26,75,reliable
Er,Er03,9,063,063,169,201,78,106,32,28,305,reliable
Er,Er03,10,041,041,202,231,79,105,29,26,224,reliable
Er,Er03,11,040,040,233,257,79,105,24,26,211,reliable
Er,Er03,12,300.028x,300,257,287,80,106,30,26,268,reliable
Er,Er03,13,004.430y,004,291,298,80,107,7,27,90,reliable
Er,Er03,14,022.380y,022,304,308,83,107,4,24,49,reliable
Er,Er03,15,203s,203,307,309,91,96,2,5,9,reliable
Er,Er03,16,060,060,308,314,80,90,6,10,26,reliable
Er,Er03,17,063,063,317,322,80,106,5,26,84,reliable
Er,Er03,18,001,001,326,337,79,106,11,27,90,reliable
Er,Er03,19,063,063,340,361,81,107,21,26,212,reliable
Er,Er03,20,430y.004,430,364,384,82,108,20,26,171,reliable
Er,Er03,21,431y,431,386,414,82,108,28,26,218,reliable
Er,Er03,22,203,203,413,439,82,108,26,26,231,reliable
Er,Er03,23,562,562,442,453,81,108,11,27,101,reliable
Er,Er03,24,063,063,458,469,82,108,11,26,101,reliable
Er,Er03,25,048?,048,473,482,82,107,9,25,92,reliable
Er,Er03,26,063,063,482,509,82,108,27,26,299,reliable
Er,Er03,27,071.065.071,071,513,520,82,108,7,26,77,reliable
Er,Er03,28,041,041,521,528,83,108,7,25,68,reliable
Er,Er03,29,041,041,533,551,78,106,18,28,161,reliable
Er,Er03,30,300.028x,300,551,567,78,106,16,28,133,reliable
Er,Er03,31,004.430,004,569,591,78,105,22,27,196,reliable
Er,Er03,32,022.380y,022,594,619,78,105,25,27,197,reliable
Er,Er03,33,203,203,622,646,82,106,24,24,181,reliable
Er,Er03,34,022,022,649,652,87,104,3,17,24,reliable
Er,Er03,35,022,022,657,660,88,105,3,17,24,reliable
Er,Er03,36,063,063,664,672,88,105,8,17,39,reliable
Er,Er03,37,041,041,674,679,90,105,5,15,40,reliable
Er,Er03,38,063,063,682,689,91,104,7,13,39,reliable
Er,Er04,0,385,385,10,24,115,141,14,26,87,reliable
Er,Er04,1,040,040,26,33,115,141,7,26,72,reliable
Er,Er04,2,300.040,300,34,59,115,141,25,26,206,reliable
Er,Er04,3,300.028x,300,61,94,115,141,33,26,279,reliable
Er,Er04,4,004.430,004,97,122,115,142,25,27,201,reliable
Er,Er04,5,022,022,124,130,115,141,6,26,63,reliable
Er,Er04,6,520fy.063,520,132,168,115,142,36,27,268,reliable
Er,Er04,7,005t,005,172,197,115,142,25,27,185,reliable
Er,Er04,8,386.003,386,196,200,122,140,4,18,35,reliable
Er,Er04,9,013,013,203,216,115,142,13,27,130,reliable
Er,Er04,10,008,008,220,236,116,141,16,25,155,reliable
Er,Er04,11,405,405,241,268,116,143,27,27,203,reliable
Er,Er04,12,670,670,271,294,117,142,23,25,143,reliable
Er,Er04,13,053.009,053,296,299,118,142,3,24,34,reliable
Er,Er04,14,002.010?.009,002,299,302,117,142,3,25,32,reliable
Er,Er04,15,002.009,002,303,320,117,143,17,26,143,reliable
Er,Er04,16,739,739,321,358,116,144,37,28,337,reliable
Er,Er04,17,027,027,360,382,116,144,22,28,202,reliable
Er,Er04,18,739,739,386,399,117,143,13,26,123,reliable
Er,Er04,19,006,006,403,417,117,144,14,27,124,reliable
Er,Er04,20,090,090,420,431,117,143,11,26,96,reliable
Er,Er04,21,004.430,004,434,450,117,144,16,27,115,reliable
Er,Er04,22,022.380y,022,452,475,116,143,23,27,219,reliable
Er,Er04,23,305.047.074f,305,478,504,117,143,26,26,221,reliable
Er,Er04,24,004.008,004,505,554,117,143,49,26,435,reliable
Er,Er04,25,048,048,559,580,117,144,21,27,221,reliable
Er,Er04,26,007,007,584,596,117,143,12,26,101,reliable
Er,Er04,27,001,001,599,612,117,145,13,28,145,reliable
Er,Er04,28,191.048,191,617,623,116,144,6,28,101,reliable
Er,Er04,29,520fy.044,520,626,656,116,143,30,27,275,reliable
Er,Er04,30,007,007,660,692,117,145,32,28,299,reliable
Er,Er04,31,380.044,380,695,709,117,144,14,27,138,reliable
Er,Er04,32,721,721,713,738,117,145,25,28,248,reliable
Er,Er04,33,415,415,743,805,116,145,62,29,508,reliable
Er,Er04,34,074,074,808,815,120,145,7,25,69,reliable
Er,Er04,35,526y,526,817,846,118,145,29,27,227,reliable
Er,Er04,36,001,001,848,854,118,145,6,27,83,reliable
Er,Er04,37,005,005,857,869,118,144,12,26,116,reliable
Er,Er05,0,204s,204,4,31,154,182,27,28,228,reliable
Er,Er05,1,001,001,36,41,155,181,5,26,57,reliable
Er,Er05,2,005,005,44,55,154,181,11,27,127,reliable
Er,Er05,3,204s,204,57,87,154,179,30,25,200,reliable
Er,Er05,4,009,009,90,102,154,181,12,27,102,reliable
Er,Er05,5,005,005,107,151,154,181,44,27,341,reliable
Er,Er05,6,204s,204,157,170,154,181,13,27,110,reliable
Er,Er05,7,005,005,171,197,155,181,26,26,226,reliable
Er,Er05,8,205s,205,203,247,155,182,44,27,356,reliable
Er,Er05,9,005,005,252,259,156,182,7,26,71,reliable
Er,Er05,10,205s,205,262,277,155,182,15,27,98,reliable
Er,Er05,11,001,001,279,290,155,182,11,27,114,reliable
Er,Er05,12,049,049,291,320,155,182,29,27,247,reliable
Er,Er05,13,005,005,324,333,156,182,9,26,100,reliable
Er,Er05,14,205s?,205,336,346,155,182,10,27,109,reliable
Er,Er05,15,700,700,351,364,154,181,13,27,119,reliable
Er,Er05,16,700,700,367,374,154,181,7,27,77,reliable
Er,Er05,17,005,005,377,404,154,182,27,28,179,reliable
Er,Er05,18,001,001,407,420,154,181,13,27,124,reliable
Er,Er05,19,670,670,424,451,154,182,27,28,196,reliable
Er,Er05,20,002,002,453,467,154,181,14,27,125,reliable
Er,Er05,21,670,670,470,506,154,181,36,27,285,reliable
Er,Er05,22,002,002,509,529,154,182,20,28,170,reliable
Er,Er05,23,200.002,200,532,543,155,183,11,28,95,reliable
Er,Er05,24,431y,431,548,577,154,180,29,26,255,reliable
Er,Er05,25,002,002,579,613,154,181,34,27,273,reliable
Er,Er05,26,200.022,200,617,623,154,180,6,26,77,reliable
Er,Er05,27,206s,206,624,658,154,181,34,27,321,reliable
Er,Er05,28,001,001,661,674,154,180,13,26,106,reliable
Er,Er05,29,206.076?,206,678,706,155,183,28,28,223,reliable
Er,Er05,30,048,048,707,767,156,183,60,27,489,reliable
Er,Er05,31,004.430y,004,772,801,156,183,29,27,241,reliable
Er,Er05,32,022.380y,022,804,834,156,183,30,27,274,reliable
Er,Er05,33,300y?.044,300,839,869,155,183,30,28,295,reliable
Er,Er05,34,300y?.044,300,872,899,157,183,27,26,246,reliable
Er,Er05,35,300.044?,300,900,902,158,183,2,25,38,reliable
Er,Er05,36,300.053,300,903,906,158,182,3,24,41,reliable
Er,Er05,37,200.053,200,909,916,157,183,7,26,80,reliable
Er,Er05,38,017,017,919,925,157,183,6,26,93,reliable
Er,Er05,39,053,053,926,929,157,183,3,26,43,reliable
Er,Er05,40,017,017,931,939,156,183,8,27,77,reliable
Er,Er05,41,004.430,004,942,965,156,183,23,27,212,reliable
Er,Er06,0,022.460,022,6,42,190,217,36,27,271,reliable
Er,Er06,1,739,739,44,59,189,217,15,28,143,reliable
Er,Er06,2,300,300,63,83,189,217,20,28,176,reliable
Er,Er06,3,739,739,88,104,189,217,16,28,153,reliable
Er,Er06,4,300y,300,109,127,189,217,18,28,165,reliable
Er,Er06,5,300.004.064?,300,132,173,189,217,41,28,366,reliable
Er,Er06,6,430y,430,175,191,190,219,16,29,137,reliable
Er,Er06,7,300.001,300,193,225,190,218,32,28,311,reliable
Er,Er06,8,430,430,227,242,190,218,15,28,162,reliable
Er,Er06,9,008,008,245,262,191,217,17,26,179,reliable
Er,Er06,10,300.001.076,300,265,308,189,218,43,29,400,reliable
Er,Er06,11,049f,049,309,322,191,217,13,26,123,reliable
Er,Er06,12,200.001,200,327,359,190,218,32,28,321,reliable
Er,Er06,13,206,206,363,417,191,218,54,27,495,reliable
Er,Er06,14,004.431,004,420,446,190,218,26,28,234,reliable
Er,Er06,15,022.380y,022,446,476,191,218,30,27,322,reliable
Er,Er06,16,200.450,200,477,498,190,218,21,28,220,reliable
Er,Er06,17,280.450,280,501,514,190,218,13,28,112,reliable
Er,Er06,18,770b,770,516,541,190,219,25,29,273,reliable
Er,Er06,19,450,450,548,561,191,219,13,28,94,reliable
Er,Er06,20,730,730,562,592,191,219,30,28,238,reliable
Er,Er06,21,450,450,594,605,191,218,11,27,89,reliable
Er,Er06,22,730,730,608,638,191,219,30,28,253,reliable
Er,Er06,23,450,450,643,655,190,218,12,28,94,reliable
Er,Er06,24,407,407,658,683,190,218,25,28,185,reliable
Er,Er06,25,450,450,686,698,190,217,12,27,85,reliable
Er,Er06,26,608,608,700,732,190,218,32,28,227,reliable
Er,Er06,27,450,450,732,745,190,218,13,28,96,reliable
Er,Er06,28,680,680,750,789,191,219,39,28,320,reliable
Er,Er06,29,040,040,791,797,191,219,6,28,85,reliable
Er,Er06,30,040,040,799,806,191,218,7,27,77,reliable
Er,Er06,31,300.028x,300,807,845,191,219,38,28,355,reliable
Er,Er06,32,004.430,004,847,873,191,219,26,28,232,reliable
Er,Er06,33,022.380y,022,875,902,191,219,27,28,241,reliable
Er,Er06,34,204.077,204,904,939,191,219,35,28,322,reliable
Er,Er06,35,711?,711,943,953,191,219,10,28,83,reliable
Er,Er06,36,711,711,957,965,191,219,8,28,73,reliable
Er,Er06,37,700,700,969,981,191,219,12,28,124,reliable
Er,Er07,0,001?,001,9,12,237,253,3,16,31,reliable
Er,Er07,1,053,053,13,16,232,251,3,19,34,reliable
Er,Er07,2,022,022,23,33,229,256,10,27,143,reliable
Er,Er07,3,022,022,37,43,228,255,6,27,89,reliable
Er,Er07,4,076,076,48,54,228,256,6,28,87,reliable
Er,Er07,5,022,022,59,69,228,253,10,25,95,reliable
Er,Er07,6,022,022,73,80,228,256,7,28,100,reliable
Er,Er07,7,092,092,84,91,228,256,7,28,102,reliable
Er,Er07,8,050.006,050,95,110,228,255,15,27,162,reliable
Er,Er07,9,670,670,114,164,228,256,50,28,457,reliable
Er,Er07,10,092,092,166,183,228,255,17,27,142,reliable
Er,Er07,11,050.006,050,185,209,229,255,24,26,235,reliable
Er,Er07,12,670,670,210,240,228,256,30,28,216,reliable
Er,Er07,13,092,092,242,258,228,255,16,27,151,reliable
Er,Er07,14,050.006,050,263,285,228,256,22,28,237,reliable
Er,Er07,15,670,670,286,314,228,256,28,28,223,reliable
Er,Er07,16,002,002,319,334,231,251,15,20,110,reliable
Er,Er07,17,670,670,339,368,229,256,29,27,233,reliable
Er,Er07,18,002,002,373,387,229,255,14,26,140,reliable
Er,Er07,19,670,670,392,418,229,255,26,26,206,reliable
Er,Er07,20,002,002,423,433,232,251,10,19,90,reliable
Er,Er07,21,027x?,027,437,453,232,255,16,23,135,reliable
Er,Er07,22,027x?,027,454,470,228,254,16,26,149,reliable
Er,Er07,23,420y.005,420,474,502,228,254,28,26,273,reliable
Er,Er07,24,200?.048,200,502,535,228,255,33,27,304,reliable
Er,Er07,25,608,608,538,569,228,256,31,28,236,reliable
Er,Er07,26,205,205,574,603,229,255,29,26,241,reliable
Er,Er07,27,019?,019,605,614,229,255,9,26,108,reliable
Er,Er07,28,205,205,617,645,229,255,28,26,244,reliable
Er,Er07,29,697,697,648,678,229,256,30,27,303,reliable
Er,Er07,30,407,407,685,714,228,255,29,27,244,reliable
Er,Er07,31,522fy,522,719,741,228,255,22,27,214,reliable
Er,Er07,32,002,002,746,756,229,254,10,25,118,reliable
Er,Er07,33,010.007,010,764,787,228,256,23,28,248,reliable
Er,Er07,34,004.431,004,791,818,228,256,27,28,236,reliable
Er,Er07,35,022.380y,022,821,848,228,256,27,28,237,reliable
Er,Er07,36,204s,204,848,882,228,254,34,26,270,reliable
Er,Er07,37,664,664,884,919,228,256,35,28,299,reliable
Er,Er07,38,091,091,923,935,229,255,12,26,104,reliable
Er,Er07,39,008,008,936,953,228,254,17,26,196,reliable
Er,Er07,40,009,009,956,969,228,253,13,25,99,reliable
Er,Er08,0,091,091,13,41,265,291,28,26,264,reliable
Er,Er08,1,008,008,44,50,267,284,6,17,59,reliable
Er,Er08,2,001?,001,52,72,265,287,20,22,105,reliable
Er,Er08,3,053,053,72,141,265,293,69,28,453,reliable
Er,Er08,4,004.430,004,142,154,269,293,12,24,79,reliable
Er,Er08,5,022.380y,022,157,187,265,293,30,28,257,reliable
Er,Er08,6,093,093,190,222,265,292,32,27,289,reliable
Er,Er08,7,069.070,069,225,242,265,293,17,28,165,reliable
Er,Er08,8,004.065.004,004,245,272,265,293,27,28,325,reliable
Er,Er08,9,006,006,278,306,265,293,28,28,303,reliable
Er,Er08,10,206s,206,310,322,265,293,12,28,116,reliable
Er,Er08,11,004.430,004,325,363,266,293,38,27,316,reliable
Er,Er08,12,022.380y,022,364,390,265,293,26,28,248,reliable
Er,Er08,13,200,200,394,444,265,293,50,28,442,reliable
Er,Er08,14,400.005,400,447,486,264,292,39,28,333,reliable
Er,Er08,15,255,255,487,517,264,292,30,28,250,reliable
Er,Er08,16,279,279,520,542,265,293,22,28,209,reliable
Er,Er08,17,010.430y,010,548,574,265,293,26,28,236,reliable
Er,Er08,18,010.009,010,577,602,265,293,25,28,216,reliable
Er,Er08,19,004.430,004,604,632,266,293,28,27,236,reliable
Er,Er08,20,022.380y,022,636,659,266,293,23,27,235,reliable
Er,Er08,21,226,226,663,695,265,292,32,27,311,reliable
Er,Er08,22,022f,022,698,708,265,292,10,27,133,reliable
Er,Er08,23,670,670,713,740,265,292,27,27,226,reliable
Er,Er08,24,700,700,743,756,264,291,13,27,146,reliable
Er,Er08,25,381,381,761,780,264,293,19,29,197,reliable
Er,Er08,26,079,079,784,797,265,293,13,28,131,reliable
Er,Er08,27,004.670,004,803,837,265,292,34,27,318,reliable
Er,Er08,28,022.380y,022,841,870,264,291,29,27,254,reliable
Er,Er08,29,011.208,011,873,913,264,291,40,27,372,reliable
Er,Er08,30,470.076,470,916,945,264,292,29,28,247,reliable
Er,Er08,31,739,739,949,964,265,290,15,25,130,reliable
Er,Er09,0,022f,022,8,10,318,326,2,8,13,unreliable
Er,Er09,1,770,770,12,16,313,322,4,9,17,unreliable
Er,Er09,2,060,060,21,38,312,329,17,17,103,unreliable
Er,Er09,3,400?,400,44,53,312,329,9,17,58,unreliable
Er,Er09,4,225?,225,56,77,310,328,21,18,116,unreliable
Er,Er09,5,380.041,380,83,109,311,328,26,17,152,unreliable
Er,Er09,6,045,045,113,138,310,329,25,19,155,unreliable
Er,Er09,7,381,381,143,151,307,328,8,21,66,unreliable
Er,Er09,8,770,770,156,234,304,329,78,25,656,unreliable
Er,Er09,9,770,770,237,254,304,327,17,23,94,unreliable
Er,Er09,10,092?,092,256,286,304,327,30,23,185,unreliable
Er,Er09,11,256?,256,288,299,304,328,11,24,55,unreliable
Er,Er09,12,386,386,301,328,304,328,27,24,199,unreliable
Er,Er09,13,700,700,330,332,304,307,2,3,5,unreliable
Er,Er09,14,700,700,334,369,305,329,35,24,298,unreliable
Er,Er09,15,380.739,380,374,383,305,329,9,24,78,unreliable
Er,Er09,16,141,141,389,420,307,329,31,22,222,unreliable
Er,Er09,17,380.739,380,425,437,305,329,12,24,108,unreliable
Er,Er09,18,009,009,441,470,307,328,29,21,193,unreliable
Er,Er09,19,380.017,380,474,486,306,328,12,22,108,unreliable
Er,Er09,20,004.670,004,491,515,304,328,24,24,199,unreliable
Er,Er09,21,022.430y,022,518,548,305,328,30,23,230,unreliable
Er,Er09,22,001.009,001,555,582,306,329,27,23,146,unreliable
Er,Er09,23,755,755,588,609,304,329,21,25,176,unreliable
Er,Er09,24,050.010,050,613,632,306,328,19,22,113,unreliable
Er,Er09,25,005,005,635,653,307,328,18,21,155,unreliable
Er,Er09,26,037?,037,656,669,304,328,13,24,115,unreliable
Er,Er09,27,045?,045,671,678,310,327,7,17,51,unreliable
Er,Er09,28,001,001,682,690,308,328,8,20,61,unreliable
Er,Er09,29,561,561,694,700,310,329,6,19,56,unreliable
Er,Er09,30,700,700,704,747,309,327,43,18,204,unreliable
Er,Er09,31,280,280,749,762,309,328,13,19,90,unreliable
Er,Er09,32,001?,001,767,782,311,329,15,18,99,unreliable
Er,Er09,33,007,007,787,809,306,328,22,22,156,unreliable
Ev,Ev01,0,022,022,10,18,6,33,8,27,90,reliable
Ev,Ev01,1,002,002,23,31,7,33,8,26,112,reliable
Ev,Ev01,2,034V?,034,36,53,6,32,17,26,146,reliable
Ev,Ev01,3,002,002,61,73,6,32,12,26,128,reliable
Ev,Ev01,4,001,001,76,82,6,33,6,27,87,reliable
Ev,Ev01,5,002,002,87,96,6,23,9,17,78,reliable
Ev,Ev01,6,034,034,100,118,5,23,18,18,131,reliable
Ev,Ev01,7,306.003,306,125,157,5,32,32,27,244,reliable
Ev,Ev01,8,070,070,161,175,5,31,14,26,158,reliable
Ev,Ev01,9,521s,521,182,212,5,33,30,28,257,reliable
Ev,Ev01,10,306.003,306,218,254,6,33,36,27,244,reliable
Ev,Ev01,11,070,070,260,276,5,33,16,28,173,reliable
Ev,Ev01,12,063?,063,283,291,6,32,8,26,64,reliable
Ev,Ev01,13,022f,022,295,304,6,33,9,27,92,reliable
Ev,Ev01,14,063?,063,308,317,6,32,9,26,66,reliable
Ev,Ev01,15,001,001,321,327,7,32,6,25,62,reliable
Ev,Ev01,16,694,694,332,369,6,34,37,28,230,reliable
Ev,Ev01,17,056,056,372,385,7,33,13,26,99,reliable
Ev,Ev01,18,034,034,389,410,7,33,21,26,181,reliable
Ev,Ev01,19,700,700,415,424,7,33,9,26,91,reliable
Ev,Ev01,20,204s,204,427,457,6,34,30,28,241,reliable
Ev,Ev01,21,005,005,460,475,6,33,15,27,88,reliable
Ev,Ev01,22,022f,022,479,487,6,32,8,26,71,reliable
Ev,Ev01,23,068,068,494,514,5,31,20,26,126,reliable
Ev,Ev01,24,073?.006.003,073,519,545,8,33,26,25,192,reliable
Ev,Ev01,25,005,005,550,566,6,33,16,27,121,reliable
Ev,Ev01,26,079.010?,079,569,589,6,34,20,28,195,reliable
Ev,Ev01,27,079.010?,079,594,612,6,34,18,28,172,reliable
Ev,Ev01,28,300.058,300,616,649,6,33,33,27,270,reliable
Ev,Ev01,29,048?,048,655,693,6,33,38,27,233,reliable
Ev,Ev01,30,001?.006,001,698,737,6,32,39,26,279,reliable
Ev,Ev01,31,379y?,379,741,756,6,32,15,26,151,reliable
Ev,Ev01,32,025,025,761,772,6,32,11,26,91,reliable
Ev,Ev01,33,006,006,777,791,7,32,14,25,125,reliable
Ev,Ev01,34,254?,254,796,829,6,33,33,27,318,reliable
Ev,Ev01,35,009,009,832,847,7,34,15,27,108,reliable
Ev,Ev01,36,004.064,004,851,868,7,33,17,26,155,reliable
Ev,Ev01,37,050,050,873,881,7,34,8,27,95,reliable
Ev,Ev01,38,001?,001,888,890,7,31,2,24,31,reliable
Ev,Ev01,39,005.037,005,893,920,7,33,27,26,206,reliable
Ev,Ev02,0,002.003,002,4,22,44,69,18,25,161,reliable
Ev,Ev02,1,254,254,26,58,44,70,32,26,250,reliable
Ev,Ev02,2,522f,522,60,78,43,69,18,26,142,reliable
Ev,Ev02,3,022f,022,82,90,43,70,8,27,78,reliable
Ev,Ev02,4,001.071,001,93,111,43,70,18,27,165,reliable
Ev,Ev02,5,077,077,114,117,45,68,3,23,28,reliable
Ev,Ev02,6,027.711,027,116,120,44,69,4,25,40,reliable
Ev,Ev02,7,294s,294,123,148,43,70,25,27,191,reliable
Ev,Ev02,8,002.071,002,151,182,43,70,31,27,231,reliable
Ev,Ev02,9,211s,211,185,205,43,70,20,27,205,reliable
Ev,Ev02,10,091,091,210,239,43,71,29,28,262,reliable
Ev,Ev02,11,071,071,244,255,44,71,11,27,92,reliable
Ev,Ev02,12,006,006,254,267,44,70,13,26,125,reliable
Ev,Ev02,13,047.010f.201s,047,272,282,44,70,10,26,93,reliable
Ev,Ev02,14,380.001,380,283,344,43,72,61,29,483,reliable
Ev,Ev02,15,739.400,739,348,371,44,72,23,28,244,reliable
Ev,Ev02,16,400.004,400,376,415,44,72,39,28,304,reliable
Ev,Ev02,17,700,700,416,446,43,71,30,28,249,reliable
Ev,Ev02,18,004,004,451,459,43,71,8,28,81,reliable
Ev,Ev02,19,700,700,464,472,43,72,8,29,84,reliable
Ev,Ev02,20,380.001,380,476,486,44,72,10,28,83,reliable
Ev,Ev02,21,022f.071,022,490,514,44,72,24,28,225,reliable
Ev,Ev02,22,343,343,519,539,44,71,20,27,199,reliable
Ev,Ev02,23,044t,044,543,577,44,71,34,27,250,reliable
Ev,Ev02,24,697,697,580,609,44,70,29,26,203,reliable
Ev,Ev02,25,380.001,380,612,635,43,69,23,26,210,reliable
Ev,Ev02,26,600.591.006,600,639,683,43,69,44,26,338,reliable
Ev,Ev02,27,400.591,400,684,715,43,69,31,26,270,reliable
Ev,Ev02,28,380.001,380,720,744,44,70,24,26,211,reliable
Ev,Ev03,0,204s,204,7,38,82,107,31,25,218,reliable
Ev,Ev03,1,002,002,39,47,83,107,8,24,71,reliable
Ev,Ev03,2,001,001,52,57,83,108,5,25,52,reliable
Ev,Ev03,3,007,007,62,76,82,108,14,26,147,reliable
Ev,Ev03,4,326,326,82,113,81,107,31,26,219,reliable
Ev,Ev03,5,380.001,380,116,138,81,107,22,26,204,reliable
Ev,Ev03,6,070,070,143,158,81,106,15,25,155,reliable
Ev,Ev03,7,040.211x?.003,040,162,200,81,107,38,26,216,reliable
Ev,Ev03,8,290.095,290,204,236,82,107,32,25,213,reliable
Ev,Ev03,9,062?.004?,062,239,256,82,108,17,26,137,reliable
Ev,Ev03,10,009,009,259,273,83,108,14,25,91,reliable
Ev,Ev03,11,062.006,062,277,298,82,108,21,26,159,reliable
Ev,Ev03,12,001,001,301,308,82,108,7,26,73,reliable
Ev,Ev03,13,006,006,311,323,83,107,12,24,86,reliable
Ev,Ev03,14,001?,001,325,334,83,108,9,25,69,reliable
Ev,Ev03,15,006.003,006,339,351,82,106,12,24,90,reliable
Ev,Ev03,16,670.711,670,352,359,83,105,7,22,50,reliable
Ev,Ev03,17,091.711,091,364,396,82,107,32,25,225,reliable
Ev,Ev03,18,380.001,380,399,423,81,107,24,26,166,reliable
Ev,Ev03,19,007,007,429,449,81,107,20,26,184,reliable
Ev,Ev03,20,067.010f,067,453,468,81,107,15,26,120,reliable
Ev,Ev03,21,067.010t.490,067,472,495,81,107,23,26,168,reliable
Ev,Ev03,22,001t,001,500,528,82,108,28,26,203,reliable
Ev,Ev03,23,670,670,534,558,80,108,24,28,152,reliable
Ev,Ev03,24,580,580,560,573,80,108,13,28,107,reliable
Ev,Ev03,25,380.001,380,579,600,80,108,21,28,184,reliable
Ev,Ev03,26,245.022f,245,606,641,80,106,35,26,239,reliable
Ev,Ev03,27,004.004,004,647,665,80,107,18,27,122,reliable
Ev,Ev03,28,380.001,380,671,694,80,108,23,28,202,reliable
Ev,Ev03,29,022f.071,022,698,718,80,107,20,27,173,reliable
Ev,Ev03,30,063.001?,063,721,742,81,108,21,27,162,reliable
Ev,Ev03,31,380.001,380,747,770,80,108,23,28,204,reliable
Ev,Ev03,32,002,002,775,784,81,107,9,26,101,reliable
Ev,Ev03,33,760,760,787,816,80,108,29,28,227,reliable
Ev,Ev03,34,050,050,819,829,82,108,10,26,103,reliable
Ev,Ev03,35,002,002,833,842,81,107,9,26,99,reliable
Ev,Ev03,36,760,760,844,875,81,108,31,27,244,reliable
Ev,Ev03,37,050,050,878,889,82,108,11,26,108,reliable
Ev,Ev03,38,002,002,893,902,82,108,9,26,118,reliable
Ev,Ev04,0,380.001,380,4,26,117,145,22,28,242,reliable
Ev,Ev04,1,088,088,30,41,117,145,11,28,77,reliable
Ev,Ev04,2,001,001,46,52,118,145,6,27,82,reliable
Ev,Ev04,3,047,047,57,69,118,144,12,26,97,reliable
Ev,Ev04,4,001.061?,001,72,87,117,145,15,28,165,reliable
Ev,Ev04,5,380.001,380,91,113,117,144,22,27,223,reliable
Ev,Ev04,6,280,280,117,137,117,144,20,27,166,reliable
Ev,Ev04,7,001,001,142,147,117,144,5,27,58,reliable
Ev,Ev04,8,280,280,151,169,117,144,18,27,171,reliable
Ev,Ev04,9,002,002,173,182,118,144,9,26,107,reliable
Ev,Ev04,10,001,001,188,193,117,144,5,27,56,reliable
Ev,Ev04,11,380.001,380,199,221,116,145,22,29,200,reliable
Ev,Ev04,12,001f,001,227,235,117,144,8,27,88,reliable
Ev,Ev04,13,057,057,240,260,117,144,20,27,125,reliable
Ev,Ev04,14,001,001,263,268,118,144,5,26,56,reliable
Ev,Ev04,15,001f,001,272,280,117,144,8,27,92,reliable
Ev,Ev04,16,163,163,287,288,119,140,1,21,21,reliable
Ev,Ev04,17,200,200,291,302,117,143,11,26,87,reliable
Ev,Ev04,18,001.062,001,306,327,117,144,21,27,179,reliable
Ev,Ev04,19,522fy,522,333,348,118,145,15,27,135,reliable
Ev,Ev04,20,380.001,380,351,370,118,145,19,27,154,reliable
Ev,Ev04,21,607,607,373,396,117,144,23,27,217,reliable
Ev,Ev04,22,607,607,400,426,117,144,26,27,191,reliable
Ev,Ev04,23,650y,650,431,478,116,144,47,28,367,reliable
Ev,Ev04,24,380.001,380,482,505,117,144,23,27,209,reliable
Ev,Ev04,25,200.070.003,200,509,548,118,144,39,26,380,reliable
Ev,Ev04,26,380.001,380,555,578,116,144,23,28,226,reliable
Ev,Ev04,27,376s,376,582,610,116,144,28,28,244,reliable
Ev,Ev04,28,001,001,615,621,116,143,6,27,62,reliable
Ev,Ev04,29,001V,001,625,632,116,143,7,27,72,reliable
Ev,Ev04,30,380.001,380,637,661,116,143,24,27,208,reliable
Ev,Ev04,31,405s,405,666,695,117,144,29,27,217,reliable
Ev,Ev04,32,522f,522,697,716,118,144,19,26,166,reliable
Ev,Ev04,33,405s,405,720,745,117,144,25,27,198,reliable
Ev,Ev04,34,022f,022,749,758,118,144,9,26,73,reliable
Ev,Ev04,35,010.700,010,763,777,117,144,14,27,142,reliable
Ev,Ev04,36,010.053,010,782,802,118,145,20,27,165,reliable
Ev,Ev04,37,430,430,805,817,118,144,12,26,82,reliable
Ev,Ev04,38,430,430,820,831,117,144,11,27,97,reliable
Ev,Ev04,39,407,407,834,862,117,145,28,28,194,reliable
Ev,Ev04,40,405,405,864,888,117,144,24,27,183,reliable
Ev,Ev04,41,407,407,891,916,117,144,25,27,199,reliable
Ev,Ev05,0,022?,022,6,13,156,183,7,27,88,reliable
Ev,Ev05,1,205,205,19,44,157,183,25,26,190,reliable
Ev,Ev05,2,308.001,308,46,67,156,182,21,26,201,reliable
Ev,Ev05,3,205s,205,71,93,155,182,22,27,174,reliable
Ev,Ev05,4,002,002,97,107,155,182,10,27,96,reliable
Ev,Ev05,5,001,001,111,116,155,182,5,27,74,reliable
Ev,Ev05,6,007,007,119,136,155,182,17,27,116,reliable
Ev,Ev05,7,292,292,138,179,155,181,41,26,238,reliable
Ev,Ev05,8,001t.063,001,183,204,155,182,21,27,193,reliable
Ev,Ev05,9,380.001,380,210,219,155,182,9,27,66,reliable
Ev,Ev05,10,088,088,221,244,155,183,23,28,165,reliable
Ev,Ev05,11,047.010,047,248,263,155,182,15,27,135,reliable
Ev,Ev05,12,001.061,001,267,286,155,182,19,27,187,reliable
Ev,Ev05,13,380.001,380,290,315,155,182,25,27,214,reliable
Ev,Ev05,14,207,207,318,336,155,182,18,27,150,reliable
Ev,Ev05,15,040h,040,341,348,156,182,7,26,70,reliable
Ev,Ev05,16,073.006,073,348,351,158,182,3,24,30,reliable
Ev,Ev05,17,053,053,358,379,155,183,21,28,189,reliable
Ev,Ev05,18,380.001,380,384,420,155,183,36,28,282,reliable
Ev,Ev05,19,028.200,028,424,432,155,183,8,28,100,reliable
Ev,Ev05,20,019,019,437,459,155,182,22,27,199,reliable
Ev,Ev05,21,380.001,380,465,487,156,182,22,26,162,reliable
Ev,Ev05,22,172,172,488,509,155,183,21,28,150,reliable
Ev,Ev05,23,631,631,513,526,156,183,13,27,153,reliable
Ev,Ev05,24,009:008,009,529,548,155,183,19,28,191,reliable
Ev,Ev05,25,380.001,380,553,570,157,183,17,26,96,reliable
Ev,Ev05,26,091,091,576,594,156,182,18,26,155,reliable
Ev,Ev05,27,774,774,598,623,155,182,25,27,218,reliable
Ev,Ev05,28,581.011,581,628,649,155,182,21,27,199,reliable
Ev,Ev05,29,380.001,380,654,661,161,182,7,21,51,reliable
Ev,Ev05,30,680,680,661,691,156,182,30,26,245,reliable
Ev,Ev05,31,684,684,695,731,156,182,36,26,236,reliable
Ev,Ev05,32,224,224,734,762,156,181,28,25,237,reliable
Ev,Ev05,33,007,007,766,783,156,183,17,27,132,reliable
Ev,Ev05,34,400,400,788,808,156,182,20,26,160,reliable
Ev,Ev05,35,206s,206,814,841,156,182,27,26,236,reliable
Ev,Ev05,36,080,080,845,859,156,182,14,26,148,reliable
Ev,Ev06,0,020,020,6,12,194,220,6,26,80,reliable
Ev,Ev06,1,020,020,16,22,194,220,6,26,75,reliable
Ev,Ev06,2,004.003,004,26,39,193,219,13,26,102,reliable
Ev,Ev06,3,056,056,44,58,194,219,14,25,87,reliable
Ev,Ev06,4,007,007,62,77,192,220,15,28,129,reliable
Ev,Ev06,5,067.010f,067,83,103,191,219,20,28,156,reliable
Ev,Ev06,6,244s,244,106,135,191,218,29,27,245,reliable
Ev,Ev06,7,027.006,027,139,163,192,218,24,26,205,reliable
Ev,Ev06,8,077.034,077,168,193,191,219,25,28,218,reliable
Ev,Ev06,9,004,004,199,205,192,218,6,26,70,reliable
Ev,Ev06,10,522fy,522,207,227,191,219,20,28,168,reliable
Ev,Ev06,11,700,700,233,243,191,218,10,27,90,reliable
Ev,Ev06,12,600,600,247,267,191,218,20,27,164,reliable
Ev,Ev06,13,059f,059,272,290,193,218,18,25,117,reliable
Ev,Ev06,14,324,324,292,317,191,219,25,28,209,reliable
Ev,Ev06,15,004.004,004,320,334,191,218,14,27,137,reliable
Ev,Ev06,16,030a,030,338,357,192,220,19,28,140,reliable
Ev,Ev06,17,004,004,362,368,192,218,6,26,66,reliable
Ev,Ev06,18,055.010,055,374,394,191,219,20,28,182,reliable
Ev,Ev06,19,244.077,244,397,437,191,219,40,28,309,reliable
Ev,Ev06,20,730.001,730,440,465,191,218,25,27,227,reliable
Ev,Ev06,21,002.034,002,471,499,191,219,28,28,291,reliable
Ev,Ev06,22,002,002,503,516,191,219,13,28,152,reliable
Ev,Ev06,23,001,001,520,525,191,218,5,27,71,reliable
Ev,Ev06,24,002.034,002,530,553,191,219,23,28,249,reliable
Ev,Ev06,25,515,515,561,583,193,220,22,27,198,reliable
Ev,Ev06,26,040,040,585,596,192,219,11,27,86,reliable
Ev,Ev06,27,670,670,600,625,192,220,25,28,154,reliable
Ev,Ev06,28,002.108a?,002,628,651,192,219,23,27,187,reliable
Ev,Ev06,29,001?.062,001,659,675,191,218,16,27,130,reliable
Ev,Ev06,30,200.022,200,682,713,191,218,31,27,260,reliable
Ev,Ev06,31,010.110,010,719,736,191,219,17,28,174,reliable
Ev,Ev06,32,400.065,400,742,772,191,219,30,28,231,reliable
Ev,Ev06,33,013,013,776,792,191,220,16,29,158,reliable
Ev,Ev06,34,400.065,400,796,825,191,219,29,28,234,reliable
Ev,Ev06,35,053,053,830,839,193,218,9,25,102,reliable
Ev,Ev06,36,006.001,006,845,862,191,219,17,28,194,reliable
Ev,Ev06,37,006.001,006,867,883,191,219,16,28,186,reliable
Ev,Ev07,0,566s,566,5,46,228,255,41,27,343,reliable
Ev,Ev07,1,074,074,48,68,228,256,20,28,157,reliable
Ev,Ev07,2,035,035,74,89,230,257,15,27,194,reliable
Ev,Ev07,3,070,070,92,111,230,257,19,27,149,reliable
Ev,Ev07,4,035,035,117,139,230,257,22,27,198,reliable
Ev,Ev07,5,400,400,145,166,227,254,21,27,155,reliable
Ev,Ev07,6,035,035,172,207,227,255,35,28,313,reliable
Ev,Ev07,7,071.065.071,071,209,229,228,255,20,27,187,reliable
Ev,Ev07,8,035,035,232,250,228,255,18,27,150,reliable
Ev,Ev07,9,010.067,010,255,272,228,257,17,29,132,reliable
Ev,Ev07,10,035,035,277,307,227,255,30,28,287,reliable
Ev,Ev07,11,276.076?,276,311,339,227,256,28,29,237,reliable
Ev,Ev07,12,188,188,344,358,227,254,14,27,147,reliable
Ev,Ev07,13,031,031,361,388,227,255,27,28,250,reliable
Ev,Ev07,14,509,509,390,411,227,255,21,28,171,reliable
Ev,Ev07,15,062?.004?,062,414,426,228,255,12,27,121,reliable
Ev,Ev07,16,009,009,429,446,228,255,17,27,147,reliable
Ev,Ev07,17,092,092,450,452,230,255,2,25,44,reliable
Ev,Ev07,18,001,001,453,455,229,256,2,27,39,reliable
Ev,Ev07,19,092,092,457,472,227,256,15,29,145,reliable
Ev,Ev07,20,009,009,477,491,228,257,14,29,122,reliable
Ev,Ev07,21,092,092,493,506,229,256,13,27,114,reliable
Ev,Ev07,22,005,005,513,526,230,258,13,28,133,reliable
Ev,Ev07,23,092,092,526,537,237,258,11,21,70,reliable
Ev,Ev07,24,005,005,542,554,232,258,12,26,108,reliable
Ev,Ev07,25,092,092,559,575,227,255,16,28,138,reliable
Ev,Ev07,26,001,001,579,585,227,256,6,29,78,reliable
Ev,Ev07,27,739,739,591,604,227,256,13,29,147,reliable
Ev,Ev07,28,244.003,244,605,648,227,256,43,29,377,reliable
Ev,Ev07,29,044?.009,044,653,673,229,256,20,27,202,reliable
Ev,Ev07,30,092,092,675,689,227,255,14,28,129,reliable
Ev,Ev07,31,022,022,694,701,228,254,7,26,73,reliable
Ev,Ev07,32,092,092,704,718,227,255,14,28,145,reliable
Ev,Ev07,33,090f,090,724,739,228,254,15,26,131,reliable
Ev,Ev07,34,092,092,741,754,228,256,13,28,124,reliable
Ev,Ev07,35,386.074,386,760,797,227,255,37,28,327,reliable
Ev,Ev07,36,755,755,801,819,227,255,18,28,171,reliable
Ev,Ev07,37,298,298,823,851,228,256,28,28,288,reliable
Ev,Ev07,38,020,020,855,864,229,255,9,26,133,reliable
Ev,Ev07,39,079.010,079,868,890,230,257,22,27,207,reliable
Ev,Ev07,40,079.010,079,894,915,230,257,21,27,196,reliable
Ev,Ev07,41,001,001,920,925,230,258,5,28,80,reliable
Ev,Ev07,42,001,001,927,933,230,258,6,28,81,reliable
Ev,Ev08,0,200.007,200,4,39,264,293,35,29,389,reliable
Ev,Ev08,1,073.006,073,45,65,265,293,20,28,200,reliable
Ev,Ev08,2,001.006,001,68,88,265,294,20,29,209,reliable
Ev,Ev08,3,011,011,92,98,265,296,6,31,120,reliable
Ev,Ev08,4,073.006,073,104,124,265,295,20,30,193,reliable
Ev,Ev08,5,700,700,127,135,267,295,8,28,95,reliable
Ev,Ev08,6,022,022,141,148,267,295,7,28,75,reliable
Ev,Ev08,7,022,022,153,161,267,295,8,28,81,reliable
Ev,Ev08,8,305.053,305,166,202,264,293,36,29,342,reliable
Ev,Ev08,9,022f.010,022,209,225,264,294,16,30,172,reliable
Ev,Ev08,10,022,022,232,238,266,293,6,27,74,reliable
Ev,Ev08,11,022,022,243,249,266,294,6,28,77,reliable
Ev,Ev08,12,755,755,254,272,265,296,18,31,164,reliable
Ev,Ev08,13,099,099,276,294,266,295,18,29,182,reliable
Ev,Ev08,14,755,755,299,316,266,296,17,30,170,reliable
Ev,Ev08,15,001,001,320,326,267,296,6,29,84,reliable
Ev,Ev08,16,046,046,331,342,265,296,11,31,130,reliable
Ev,Ev08,17,073.006,073,345,367,266,296,22,30,210,reliable
Ev,Ev08,18,522f,522,371,392,266,295,21,29,200,reliable
Ev,Ev08,19,050,050,393,403,267,295,10,28,122,reliable
Ev,Ev08,20,022f,022,408,417,266,294,9,28,102,reliable
Ev,Ev08,21,055b,055,422,431,268,296,9,28,102,reliable
Ev,Ev08,22,590.001,590,435,459,266,296,24,30,250,reliable
Ev,Ev08,23,755,755,459,462,268,296,3,28,47,reliable
Ev,Ev08,24,459,459,467,483,267,296,16,29,182,reliable
Ev,Ev08,25,379,379,489,510,267,296,21,29,199,reliable
Ev,Ev08,26,006.077,006,515,544,264,294,29,30,302,reliable
Ev,Ev08,27,202s,202,549,584,264,292,35,28,307,reliable
Ev,Ev08,28,739.006,739,586,612,265,292,26,27,221,reliable
Ev,Ev08,29,020,020,616,626,265,292,10,27,121,reliable
Ev,Ev08,30,002,002,631,640,266,292,9,26,127,reliable
Ev,Ev08,31,068.010,068,645,669,264,292,24,28,246,reliable
Ev,Ev08,32,077.254,077,672,719,265,293,47,28,456,reliable
Ev,Ev08,33,055b,055,724,733,266,293,9,27,96,reliable
Ev,Ev08,34,095,095,735,751,266,292,16,26,123,reliable
Ev,Ev08,35,326,326,753,782,265,293,29,28,260,reliable
Ev,Ev08,36,019,019,786,794,267,294,8,27,110,reliable
Ev,Ev08,37,057,057,797,813,267,294,16,27,124,reliable
Ev,Ev08,38,019,019,818,826,268,294,8,26,113,reliable
Ev,Ev08,39,107,107,832,841,268,296,9,28,112,reliable
Ev,Ev08,40,019,019,850,857,267,295,7,28,106,reliable
Gr,Gr01,0,215,215,4,50,9,33,46,24,276,unreliable
Gr,Gr01,1,001,001,52,56,10,32,4,22,35,unreliable
Gr,Gr01,2,739,739,59,86,9,33,27,24,177,unreliable
Gr,Gr01,3,522,522,87,110,8,32,23,24,175,unreliable
Gr,Gr01,4,045.061.009,045,112,130,7,33,18,26,151,unreliable
Gr,Gr01,5,260.001,260,131,133,9,32,2,23,25,unreliable
Gr,Gr01,6,004.711,004,134,148,8,32,14,24,117,unreliable
Gr,Gr01,7,260.001,260,150,174,7,31,24,24,191,unreliable
Gr,Gr01,8,004.711,004,176,181,9,30,5,21,45,unreliable
Gr,Gr01,9,510,510,182,188,17,31,6,14,38,unreliable
Gr,Gr01,10,256,256,190,207,8,32,17,24,129,unreliable
Gr,Gr01,11,522f,522,209,254,9,33,45,24,295,unreliable
Gr,Gr01,12,254,254,255,286,8,31,31,23,194,unreliable
Gr,Gr01,13,022f,022,287,293,10,31,6,21,49,unreliable
Gr,Gr01,14,153,153,298,311,7,30,13,23,85,unreliable
Gr,Gr01,15,020.003,020,313,326,8,31,13,23,92,unreliable
Gr,Gr01,16,515,515,327,346,8,30,19,22,143,unreliable
Gr,Gr01,17,040,040,348,376,7,30,28,23,207,unreliable
Gr,Gr01,18,670,670,377,386,7,30,9,23,83,unreliable
Gr,Gr01,19,020,020,388,394,7,30,6,23,51,unreliable
Gr,Gr01,20,022,022,395,408,7,29,13,22,95,unreliable
Gr,Gr01,21,062.001,062,410,425,8,30,15,22,104,unreliable
Gr,Gr01,22,099,099,426,431,8,30,5,22,48,unreliable
Gr,Gr01,23,022,022,433,451,10,30,18,20,105,unreliable
Gr,Gr01,24,095:079,095,454,456,9,29,2,20,24,unreliable
Gr,Gr01,25,001,001,461,463,10,28,2,18,28,unreliable
Gr,Gr01,26,001.010,001,465,494,9,29,29,20,149,unreliable
Gr,Gr01,27,007,007,496,506,17,31,10,14,60,unreliable
Gr,Gr02,0,203,203,3,28,45,67,25,22,135,unreliable
Gr,Gr02,1,073.006,073,29,45,47,68,16,21,92,unreliable
Gr,Gr02,2,670,670,45,106,44,68,61,24,416,unreliable
Gr,Gr02,3,073.006,073,106,141,42,67,35,25,245,unreliable
Gr,Gr02,4,206s,206,143,158,45,68,15,23,97,unreliable
Gr,Gr02,5,073.006,073,159,183,42,68,24,26,167,unreliable
Gr,Gr02,6,200,200,183,210,43,67,27,24,187,unreliable
Gr,Gr02,7,073.006,073,211,238,43,67,27,24,172,unreliable
Gr,Gr02,8,222,222,240,255,43,68,15,25,104,unreliable
Gr,Gr02,9,073V.006,073,255,263,43,67,8,24,57,unreliable
Gr,Gr02,10,451,451,263,277,44,68,14,24,99,unreliable
Gr,Gr02,11,073.006,073,277,291,44,67,14,23,90,unreliable
Gr,Gr02,12,700,700,290,292,49,54,2,5,5,unreliable
Gr,Gr02,13,720,720,296,304,46,69,8,23,64,unreliable
Gr,Gr02,14,376,376,305,327,44,68,22,24,156,unreliable
Gr,Gr02,15,073.006,073,329,351,44,68,22,24,178,unreliable
Gr,Gr02,16,700x,700,351,358,46,69,7,23,61,unreliable
Gr,Gr02,17,600.004,600,358,372,45,69,14,24,102,unreliable
Gr,Gr02,18,605s,605,374,402,42,69,28,27,202,unreliable
Gr,Gr02,19,004,004,401,402,59,63,1,4,4,unreliable
Gr,Gr02,20,522,522,404,420,43,68,16,25,103,unreliable
Gr,Gr02,21,700.600,700,420,437,44,67,17,23,85,unreliable
Gr,Gr02,22,059,059,437,446,44,67,9,23,54,unreliable
Gr,Gr02,23,004.006,004,447,451,53,67,4,14,25,unreliable
Gr,Gr02,24,132,132,450,452,43,48,2,5,7,unreliable
Gr,Gr02,25,056,056,451,460,43,63,9,20,53,unreliable
Gr,Gr02,26,007,007,461,474,43,67,13,24,118,unreliable
Gr,Gr02,27,700x.010f,700,477,496,44,68,19,24,135,unreliable
Gr,Gr02,28,067,067,498,507,49,67,9,18,64,unreliable
Gr,Gr03,0,680,680,2,33,79,105,31,26,232,unreliable
Gr,Gr03,1,470,470,34,53,79,105,19,26,146,unreliable
Gr,Gr03,2,001t,001,56,72,79,105,16,26,92,unreliable
Gr,Gr03,3,430,430,72,83,79,105,11,26,70,unreliable
Gr,Gr03,4,580c,580,84,99,79,106,15,27,121,unreliable
Gr,Gr03,5,380.001.003,380,100,107,83,105,7,22,50,unreliable
Gr,Gr03,6,602.009,602,111,185,79,106,74,27,572,unreliable
Gr,Gr03,7,232,232,186,201,80,106,15,26,103,unreliable
Gr,Gr03,8,600,600,202,206,101,105,4,4,9,unreliable
Gr,Gr03,9,380.001.003,380,206,209,87,101,3,14,17,unreliable
Gr,Gr03,10,595.005,595,210,265,79,106,55,27,382,unreliable
Gr,Gr03,11,122,122,267,278,81,105,11,24,87,unreliable
Gr,Gr03,12,280,280,279,295,81,106,16,25,113,unreliable
Gr,Gr03,13,067,067,298,316,80,105,18,25,124,unreliable
Gr,Gr03,14,059f,059,316,339,80,106,23,26,177,unreliable
Gr,Gr03,15,069.700,069,341,350,80,105,9,25,72,unreliable
Gr,Gr03,16,380.001.003,380,351,405,79,106,54,27,395,unreliable
Gr,Gr03,17,002,002,406,429,80,105,23,25,136,unreliable
Gr,Gr03,18,609,609,430,446,80,104,16,24,116,unreliable
Gr,Gr03,19,380.001.003,380,450,458,84,103,8,19,42,unreliable
Gr,Gr03,20,597,597,457,472,83,103,15,20,80,unreliable
Gr,Gr03,21,380.001.003,380,473,485,81,106,12,25,68,unreliable
Gr,Gr03,22,059f,059,488,505,85,105,17,20,105,unreliable
Gr,Gr03,23,720,720,504,511,89,104,7,15,34,unreliable
Gr,Gr03,24,380.001.003,380,510,512,94,96,2,2,4,unreliable
Gr,Gr04,0,200,200,2,15,117,141,13,24,96,unreliable
Gr,Gr04,1,092,092,19,32,119,141,13,22,87,unreliable
Gr,Gr04,2,001,001,35,40,119,140,5,21,61,unreliable
Gr,Gr04,3,380.001.003,380,42,65,115,141,23,26,179,unreliable
Gr,Gr04,4,005.006.010,005,68,90,115,140,22,25,172,unreliable
Gr,Gr04,5,380.001.003,380,93,115,117,141,22,24,140,unreliable
Gr,Gr04,6,315,315,119,148,113,140,29,27,235,unreliable
Gr,Gr04,7,380.001.003,380,150,223,115,141,73,26,476,unreliable
Gr,Gr04,8,090,090,224,238,114,141,14,27,73,unreliable
Gr,Gr04,9,001,001,239,241,115,134,2,19,14,unreliable
Gr,Gr04,10,380.001.003,380,243,265,113,140,22,27,168,unreliable
Gr,Gr04,11,316s,316,267,293,114,141,26,27,198,unreliable
Gr,Gr04,12,380.001.003,380,294,311,116,141,17,25,155,unreliable
Gr,Gr04,13,602.003,602,312,314,125,131,2,6,8,unreliable
Gr,Gr04,14,007,007,315,345,113,141,30,28,215,unreliable
Gr,Gr04,15,093.075,093,347,361,115,141,14,26,103,unreliable
Gr,Gr04,16,380.001.003,380,363,413,114,141,50,27,364,unreliable
Gr,Gr04,17,002,002,416,473,113,140,57,27,466,unreliable
Gr,Gr04,18,684,684,477,483,114,139,6,25,53,unreliable
Gr,Gr04,19,380.001.003,380,486,493,114,139,7,25,55,unreliable
Gr,Gr04,20,019,019,497,498,117,140,1,23,19,unreliable
Gr,Gr04,21,019,019,499,501,116,139,2,23,23,unreliable
Gr,Gr04,22,001,001,502,511,116,140,9,24,52,unreliable
Gr,Gr04,23,380.001.003,380,513,537,119,139,24,20,140,unreliable
Gr,Gr05,0,062x.007,062,4,27,153,179,23,26,163,unreliable
Gr,Gr05,1,001,001,29,95,153,179,66,26,481,unreliable
Gr,Gr05,2,380.001.003,380,96,98,153,167,2,14,11,unreliable
Gr,Gr05,3,216s,216,98,113,155,179,15,24,99,unreliable
Gr,Gr05,4,020,020,115,146,153,179,31,26,229,unreliable
Gr,Gr05,5,007,007,146,187,153,179,41,26,263,unreliable
Gr,Gr05,6,320.070,320,189,216,153,179,27,26,180,unreliable
Gr,Gr05,7,600,600,217,247,154,179,30,25,175,unreliable
Gr,Gr05,8,380.001.003,380,247,255,154,178,8,24,61,unreliable
Gr,Gr05,9,290.020,290,256,276,153,179,20,26,153,unreliable
Gr,Gr05,10,079,079,280,289,156,176,9,20,46,unreliable
Gr,Gr05,11,280,280,293,314,155,178,21,23,152,unreliable
Gr,Gr05,12,002,002,318,328,154,179,10,25,64,unreliable
Gr,Gr05,13,280,280,330,332,155,178,2,23,21,unreliable
Gr,Gr05,14,030a,030,332,335,156,178,3,22,24,unreliable
Gr,Gr05,15,380.001.003,380,337,347,154,178,10,24,60,unreliable
Gr,Gr05,16,088,088,349,352,157,177,3,20,20,unreliable
Gr,Gr05,17,001,001,353,355,156,175,2,19,17,unreliable
Gr,Gr05,18,047,047,357,370,155,179,13,24,85,unreliable
Gr,Gr05,19,001,001,371,376,156,178,5,22,39,unreliable
Gr,Gr05,20,380.001.003,380,379,400,155,179,21,24,154,unreliable
Gr,Gr05,21,280,280,403,405,155,173,2,18,20,unreliable
Gr,Gr05,22,001,001,406,408,155,165,2,10,20,unreliable
Gr,Gr05,23,521,521,409,429,155,178,20,23,138,unreliable
Gr,Gr05,24,280,280,431,452,154,177,21,23,129,unreliable
Gr,Gr05,25,001,001,454,455,155,174,1,19,19,unreliable
Gr,Gr05,26,521,521,457,458,155,172,1,17,15,unreliable
Gr,Gr05,27,001,001,461,472,153,176,11,23,71,unreliable
Gr,Gr05,28,022.061,022,474,492,154,176,18,22,117,unreliable
Gr,Gr05,29,280,280,494,509,153,177,15,24,100,unreliable
Gr,Gr05,30,380.001.003,380,510,515,157,176,5,19,31,unreliable
Gr,Gr05,31,001,001,519,522,158,176,3,18,28,unreliable
Gr,Gr06,0,001.062,001,5,26,194,217,21,23,115,unreliable
Gr,Gr06,1,001.003,001,29,41,196,217,12,21,71,unreliable
Gr,Gr06,2,522,522,43,64,195,217,21,22,126,unreliable
Gr,Gr06,3,380.001.003,380,66,123,192,217,57,25,358,unreliable
Gr,Gr06,4,731s,731,131,172,191,217,41,26,279,unreliable
Gr,Gr06,5,670,670,175,188,194,216,13,22,91,unreliable
Gr,Gr06,6,001,001,190,215,192,216,25,24,156,unreliable
Gr,Gr06,7,380.001.003,380,217,239,194,217,22,23,140,unreliable
Gr,Gr06,8,022.370y,022,242,260,192,217,18,25,120,unreliable
Gr,Gr06,9,371,371,263,276,194,215,13,21,78,unreliable
Gr,Gr06,10,380.001.003,380,277,278,196,213,1,17,16,unreliable
Gr,Gr06,11,090,090,281,283,204,206,2,2,4,unreliable
Gr,Gr06,12,001,001,286,313,192,217,27,25,185,unreliable
Gr,Gr06,13,607,607,314,316,207,213,2,6,8,unreliable
Gr,Gr06,14,371,371,317,331,192,215,14,23,99,unreliable
Gr,Gr06,15,380.001.003,380,332,334,193,215,2,22,22,unreliable
Gr,Gr06,16,256.003,256,336,339,194,200,3,6,9,unreliable
Gr,Gr06,17,380.001.003,380,341,377,191,217,36,26,239,unreliable
Gr,Gr06,18,633,633,380,384,191,207,4,16,22,unreliable
Gr,Gr06,19,380.001.003,380,385,393,191,216,8,25,57,unreliable
Gr,Gr06,20,005,005,394,403,191,216,9,25,61,unreliable
Gr,Gr06,21,066,066,404,420,191,215,16,24,111,unreliable
Gr,Gr06,22,380.001.003,380,421,422,192,208,1,16,16,unreliable
Gr,Gr06,23,290.001,290,430,452,190,215,22,25,139,unreliable
Gr,Gr06,24,066,066,455,463,189,215,8,26,59,unreliable
Gr,Gr06,25,380.001.003,380,465,482,189,213,17,24,114,unreliable
Gr,Gr06,26,003.003.004,003,494,500,191,214,6,23,44,unreliable
Gr,Gr06,27,215,215,503,533,189,214,30,25,183,unreliable
Gr,Gr06,28,380.001.003,380,535,538,192,204,3,12,16,unreliable
Gr,Gr07,0,079,079,3,13,231,254,10,23,98,reliable
Gr,Gr07,1,450,450,14,23,232,253,9,21,71,reliable
Gr,Gr07,2,019.069,019,25,40,228,253,15,25,166,reliable
Gr,Gr07,3,380.001.003,380,41,61,230,254,20,24,183,reliable
Gr,Gr07,4,162,162,62,74,229,254,12,25,103,reliable
Gr,Gr07,5,522f,522,74,89,228,254,15,26,135,reliable
Gr,Gr07,6,050f,050,89,98,228,253,9,25,108,reliable
Gr,Gr07,7,002,002,99,117,229,253,18,24,167,reliable
Gr,Gr07,8,450,450,117,139,227,254,22,27,251,reliable
Gr,Gr07,9,380.001.003,380,141,153,229,254,12,25,96,reliable
Gr,Gr07,10,091,091,152,164,228,254,12,26,123,reliable
Gr,Gr07,11,773,773,167,191,227,254,24,27,260,reliable
Gr,Gr07,12,260.011,260,194,202,229,253,8,24,102,reliable
Gr,Gr07,13,020,020,203,232,227,254,29,27,278,reliable
Gr,Gr07,14,306.124,306,232,235,227,254,3,27,20,reliable
Gr,Gr07,15,730,730,235,249,227,254,14,27,129,reliable
Gr,Gr07,16,006.001.006,006,249,260,230,253,11,23,100,reliable
Gr,Gr07,17,002,002,260,272,231,254,12,23,111,reliable
Gr,Gr07,18,020:008,020,273,279,231,254,6,23,70,reliable
Gr,Gr07,19,302,302,281,292,228,254,11,26,133,reliable
Gr,Gr07,20,098,098,292,314,227,252,22,25,190,reliable
Gr,Gr07,21,007,007,313,330,227,253,17,26,153,reliable
Gr,Gr07,22,059f,059,330,346,227,253,16,26,149,reliable
Gr,Gr07,23,002.109,002,347,362,229,252,15,23,135,reliable
Gr,Gr07,24,022f.291,022,364,380,228,253,16,25,149,reliable
Gr,Gr07,25,291,291,380,405,228,252,25,24,249,reliable
Gr,Gr07,26,773,773,406,425,228,253,19,25,177,reliable
Gr,Gr07,27,005,005,426,436,229,251,10,22,103,reliable
Gr,Gr07,28,291,291,438,446,229,251,8,22,94,reliable
Gr,Gr07,29,098,098,446,478,229,253,32,24,285,reliable
Gr,Gr07,30,007,007,477,493,230,251,16,21,117,reliable
Gr,Gr07,31,004f.124,004,494,510,231,250,16,19,117,reliable
Gr,Gr07,32,098,098,512,539,230,251,27,21,210,reliable
Gr,Gr08,0,007,007,3,13,272,291,10,19,83,unreliable
Gr,Gr08,1,006,006,13,30,271,289,17,18,121,unreliable
Gr,Gr08,2,124,124,31,38,271,290,7,19,63,unreliable
Gr,Gr08,3,006,006,38,48,272,290,10,18,72,unreliable
Gr,Gr08,4,124,124,49,52,269,290,3,21,9,unreliable
Gr,Gr08,5,098,098,52,69,269,290,17,21,136,unreliable
Gr,Gr08,6,007,007,69,77,269,290,8,21,56,unreliable
Gr,Gr08,7,059f,059,78,96,270,289,18,19,118,unreliable
Gr,Gr08,8,002,002,96,105,270,291,9,21,77,unreliable
Gr,Gr08,9,022,022,106,120,271,291,14,20,132,unreliable
Gr,Gr08,10,124,124,120,135,271,291,15,20,119,unreliable
Gr,Gr08,11,001,001,135,151,270,291,16,21,124,unreliable
Gr,Gr08,12,124,124,151,166,270,291,15,21,124,unreliable
Gr,Gr08,13,098,098,167,176,270,291,9,21,67,unreliable
Gr,Gr08,14,007,007,176,186,270,288,10,18,76,unreliable
Gr,Gr08,15,002,002,188,202,270,289,14,19,125,unreliable
Gr,Gr08,16,124,124,203,218,268,289,15,21,112,unreliable
Gr,Gr08,17,001,001,218,231,269,289,13,20,92,unreliable
Gr,Gr08,18,124,124,232,247,270,289,15,19,108,unreliable
Gr,Gr08,19,098,098,248,263,271,290,15,19,119,unreliable
Gr,Gr08,20,007,007,264,276,268,290,12,22,94,unreliable
Gr,Gr08,21,006,006,276,290,268,290,14,22,110,unreliable
Gr,Gr08,22,124,124,291,295,271,290,4,19,36,unreliable
Gr,Gr08,23,006,006,295,308,269,290,13,21,91,unreliable
Gr,Gr08,24,124,124,308,325,269,290,17,21,140,unreliable
Gr,Gr08,25,098,098,329,334,269,291,5,22,47,unreliable
Gr,Gr08,26,007,007,334,353,269,291,19,22,164,unreliable
Gr,Gr08,27,059f,059,353,368,269,291,15,22,140,unreliable
Gr,Gr08,28,002.076,002,368,382,269,291,14,22,116,unreliable
Gr,Gr08,29,187,187,383,403,267,290,20,23,177,unreliable
Gr,Gr08,30,200.010,200,404,413,268,290,9,22,87,unreliable
Gr,Gr08,31,124,124,414,428,268,289,14,21,122,unreliable
Gr,Gr08,32,605,605,430,444,267,288,14,21,112,unreliable
Gr,Gr08,33,002,002,444,458,266,289,14,23,117,unreliable
Gr,Gr08,34,599,599,458,471,266,289,13,23,121,unreliable
Gr,Gr08,35,059f,059,471,480,266,289,9,23,72,unreliable
Gr,Gr08,36,256,256,480,494,266,289,14,23,103,unreliable
Gr,Gr08,37,200.200.011,200,494,509,266,289,15,23,93,unreliable
Gr,Gr08,38,002.076?,002,510,525,266,286,15,20,122,unreliable
Gv,Gv01,0,059f.076,059,3,29,7,30,26,23,164,unreliable
Gv,Gv01,1,187,187,31,73,7,29,42,22,311,unreliable
Gv,Gv01,2,186,186,75,111,7,29,36,22,252,unreliable
Gv,Gv01,3,607.700x.076,607,114,156,8,30,42,22,341,unreliable
Gv,Gv01,4,205.076?,205,158,213,7,30,55,23,340,unreliable
Gv,Gv01,5,113,113,214,237,6,29,23,23,184,unreliable
Gv,Gv01,6,003.095x.003.076,003,238,275,7,30,37,23,225,unreliable
Gv,Gv01,7,033c.010f.076,033,277,293,6,29,16,23,147,unreliable
Gv,Gv01,8,043t,043,297,336,6,28,39,22,271,unreliable
Gv,Gv01,9,033,033,338,362,8,29,24,21,177,unreliable
Gv,Gv01,10,450.024.000!.076,450,365,372,9,28,7,19,62,unreliable
Gv,Gv01,11,006.033b,006,373,396,10,28,23,18,183,unreliable
Gv,Gv01,12,607.006.076,607,397,404,10,28,7,18,57,unreliable
Gv,Gv01,13,493,493,406,425,9,29,19,20,144,unreliable
Gv,Gv01,14,033,033,426,434,8,29,8,21,70,unreliable
Gv,Gv01,15,022.124.076,022,436,467,8,29,31,21,165,unreliable
Gv,Gv01,16,044,044,469,476,10,28,7,18,64,unreliable
Gv,Gv01,17,044,044,478,493,10,28,15,18,103,unreliable
Gv,Gv01,18,451,451,495,500,12,27,5,15,36,unreliable
Gv,Gv01,19,033b,033,502,509,10,28,7,18,61,unreliable
Gv,Gv01,20,022,022,510,517,9,28,7,19,51,unreliable
Gv,Gv01,21,062.001.076,062,518,527,11,26,9,15,62,unreliable
Gv,Gv02,0,001.062,001,4,15,49,66,11,17,97,reliable
Gv,Gv02,1,030b,030,18,27,47,67,9,20,65,reliable
Gv,Gv02,2,001,001,28,30,48,66,2,18,29,reliable
Gv,Gv02,3,031a,031,31,33,47,65,2,18,28,reliable
Gv,Gv02,4,001,001,36,40,48,66,4,18,40,reliable
Gv,Gv02,5,001f.076,001,41,46,45,64,5,19,43,reliable
Gv,Gv02,6,074f?,074,48,51,43,64,3,21,44,reliable
Gv,Gv02,7,031b,031,53,63,45,65,10,20,104,reliable
Gv,Gv02,8,086f?.076,086,65,75,42,66,10,24,87,reliable
Gv,Gv02,9,722.086f?,722,77,86,44,65,9,21,57,reliable
Gv,Gv02,10,022?,022,86,106,44,66,20,22,167,reliable
Gv,Gv02,11,674.076,674,107,120,42,66,13,24,108,reliable
Gv,Gv02,12,009?,009,122,134,43,66,12,23,97,reliable
Gv,Gv02,13,452,452,134,140,44,66,6,22,64,reliable
Gv,Gv02,14,112,112,140,184,42,67,44,25,375,reliable
Gv,Gv02,15,059f,059,185,203,44,65,18,21,129,reliable
Gv,Gv02,16,214s.076,214,204,230,42,67,26,25,245,reliable
Gv,Gv02,17,280,280,232,275,43,67,43,24,403,reliable
Gv,Gv02,18,011,011,275,295,42,66,20,24,189,reliable
Gv,Gv02,19,003,003,296,301,44,66,5,22,75,reliable
Gv,Gv02,20,044f,044,301,306,47,65,5,18,20,reliable
Gv,Gv02,21,020,020,307,315,42,66,8,24,98,reliable
Gv,Gv02,22,008.003,008,316,325,43,66,9,23,98,reliable
Gv,Gv02,23,033b,033,326,343,43,66,17,23,180,reliable
Gv,Gv02,24,059f,059,343,348,44,65,5,21,29,reliable
Gv,Gv02,25,224.076,224,352,359,42,65,7,23,86,reliable
Gv,Gv02,26,062x.070,062,361,376,44,67,15,23,126,reliable
Gv,Gv02,27,739?,739,377,421,42,67,44,25,406,reliable
Gv,Gv02,28,471,471,422,431,42,66,9,24,76,reliable
Gv,Gv02,29,460y,460,433,453,43,66,20,23,148,reliable
Gv,Gv02,30,254,254,455,502,44,67,47,23,428,reliable
Gv,Gv02,31,022,022,504,513,45,66,9,21,73,reliable
Gv,Gv02,32,700,700,513,535,43,66,22,23,176,reliable
Gv,Gv02,33,092f.076,092,537,548,45,66,11,21,94,reliable
Gv,Gv02,34,022.124,022,548,551,51,62,3,11,9,reliable
Gv,Gv03,0,092,092,2,16,83,104,14,21,102,reliable
Gv,Gv03,1,022,022,16,22,83,104,6,21,62,reliable
Gv,Gv03,2,692.076,692,23,46,80,105,23,25,220,reliable
Gv,Gv03,3,092,092,46,72,80,104,26,24,270,reliable
Gv,Gv03,4,151,151,73,88,78,104,15,26,152,reliable
Gv,Gv03,5,692,692,88,112,79,105,24,26,234,reliable
Gv,Gv03,6,525.076,525,115,126,79,104,11,25,116,reliable
Gv,Gv03,7,739,739,127,135,79,103,8,24,79,reliable
Gv,Gv03,8,044f,044,136,151,78,104,15,26,122,reliable
Gv,Gv03,9,090f,090,150,172,77,105,22,28,224,reliable
Gv,Gv03,10,430.076,430,173,176,88,95,3,7,14,reliable
Gv,Gv03,11,670,670,175,186,77,105,11,28,103,reliable
Gv,Gv03,12,256?,256,186,223,77,105,37,28,347,reliable
Gv,Gv03,13,044.600.076,044,223,230,77,105,7,28,79,reliable
Gv,Gv03,14,291,291,230,245,77,105,15,28,139,reliable
Gv,Gv03,15,776a,776,245,275,77,105,30,28,295,reliable
Gv,Gv03,16,306,306,275,295,77,105,20,28,214,reliable
Gv,Gv03,17,770.076,770,297,328,76,103,31,27,297,reliable
Gv,Gv03,18,306,306,328,340,76,103,12,27,129,reliable
Gv,Gv03,19,608:700,608,340,383,76,103,43,27,399,reliable
Gv,Gv03,20,005,005,384,414,76,102,30,26,331,reliable
Gv,Gv03,21,608:700,608,416,431,79,102,15,23,146,reliable
Gv,Gv03,22,006.074,006,434,456,77,102,22,25,200,reliable
Gv,Gv03,23,430.076,430,455,471,78,103,16,25,169,reliable
Gv,Gv03,24,070,070,471,488,78,103,17,25,165,reliable
Gv,Gv03,25,003:042.076,003,487,506,79,104,19,25,142,reliable
Gv,Gv03,26,040.003,040,507,518,81,102,11,21,94,reliable
Gv,Gv03,27,031,031,522,529,81,102,7,21,55,reliable
Gv,Gv03,28,056,056,533,543,84,102,10,18,80,reliable
Gv,Gv04,0,470y.076,470,3,32,114,140,29,26,219,reliable
Gv,Gv04,1,070,070,33,47,115,140,14,25,159,reliable
Gv,Gv04,2,500.069,500,48,72,114,140,24,26,224,reliable
Gv,Gv04,3,091,091,74,86,115,139,12,24,91,reliable
Gv,Gv04,4,430.076,430,87,104,114,139,17,25,162,reliable
Gv,Gv04,5,008.600,008,105,131,114,140,26,26,267,reliable
Gv,Gv04,6,091f,091,132,161,115,140,29,25,282,reliable
Gv,Gv04,7,650y.076,650,161,169,115,140,8,25,57,reliable
Gv,Gv04,8,123,123,169,180,114,140,11,26,99,reliable
Gv,Gv04,9,022f.062,022,181,196,114,140,15,26,142,reliable
Gv,Gv04,10,048,048,197,206,116,140,9,24,73,reliable
Gv,Gv04,11,700x,700,207,216,117,140,9,23,81,reliable
Gv,Gv04,12,111,111,216,228,117,140,12,23,115,reliable
Gv,Gv04,13,111,111,229,231,118,139,2,21,26,reliable
Gv,Gv04,14,600,600,231,240,116,140,9,24,84,reliable
Gv,Gv04,15,046f,046,243,261,116,140,18,24,167,reliable
Gv,Gv04,16,074,074,262,271,116,139,9,23,108,reliable
Gv,Gv04,17,321,321,273,281,116,140,8,24,68,reliable
Gv,Gv04,18,022f.010,022,284,302,115,140,18,25,164,reliable
Gv,Gv04,19,081,081,302,314,115,140,12,25,132,reliable
Gv,Gv04,20,227s.033a,227,314,317,115,140,3,25,18,reliable
Gv,Gv04,21,460.077,460,317,327,115,140,10,25,107,reliable
Gv,Gv04,22,021h.070,021,327,361,115,140,34,25,348,reliable
Gv,Gv04,23,040,040,363,385,118,140,22,22,199,reliable
Gv,Gv04,24,005.076,005,385,406,117,139,21,22,209,reliable
Gv,Gv04,25,502,502,407,432,115,140,25,25,242,reliable
Gv,Gv04,26,002,002,432,449,117,139,17,22,128,reliable
Gv,Gv04,27,008,008,449,457,116,139,8,23,94,reliable
Gv,Gv04,28,005.076,005,458,472,117,139,14,22,135,reliable
Gv,Gv04,29,040.074f,040,473,491,118,139,18,21,177,reliable
Gv,Gv04,30,048?,048,495,510,116,139,15,23,147,reliable
Gv,Gv04,31,009,009,511,519,116,138,8,22,85,reliable
Gv,Gv04,32,005,005,520,546,116,139,26,23,226,reliable
Gv,Gv05,0,005.033,005,2,20,153,178,18,25,182,reliable
Gv,Gv05,1,001.010,001,23,25,157,177,2,20,39,reliable
Gv,Gv05,2,001.074,001,27,39,155,177,12,22,115,reliable
Gv,Gv05,3,021t,021,40,42,156,177,2,21,32,reliable
Gv,Gv05,4,048,048,43,56,156,177,13,21,105,reliable
Gv,Gv05,5,200,200,56,62,167,176,6,9,33,reliable
Gv,Gv05,6,200,200,64,72,155,177,8,22,68,reliable
Gv,Gv05,7,421.421.008,421,72,93,154,178,21,24,201,reliable
Gv,Gv05,8,421.421,421,93,110,154,178,17,24,165,reliable
Gv,Gv05,9,421,421,110,148,152,178,38,26,375,reliable
Gv,Gv05,10,029y,029,148,182,152,178,34,26,307,reliable
Gv,Gv05,11,421.048,421,184,202,152,178,18,26,158,reliable
Gv,Gv05,12,027.330,027,204,216,153,178,12,25,151,reliable
Gv,Gv05,13,048,048,218,242,154,178,24,24,217,reliable
Gv,Gv05,14,700,700,243,279,154,178,36,24,361,reliable
Gv,Gv05,15,700,700,281,288,155,178,7,23,89,reliable
Gv,Gv05,16,700,700,289,296,154,178,7,24,90,reliable
Gv,Gv05,17,001.006,001,299,306,154,178,7,24,73,reliable
Gv,Gv05,18,700,700,308,322,152,177,14,25,155,reliable
Gv,Gv05,19,430,430,322,332,154,179,10,25,96,reliable
Gv,Gv05,20,700,700,332,346,155,178,14,23,115,reliable
Gv,Gv05,21,005t,005,346,380,154,178,34,24,331,reliable
Gv,Gv05,22,316,316,380,394,156,178,14,22,150,reliable
Gv,Gv05,23,001.006,001,394,402,156,179,8,23,86,reliable
Gv,Gv05,24,700,700,403,453,154,179,50,25,436,reliable
Gv,Gv05,25,300.300.301,300,454,466,156,177,12,21,93,reliable
Gv,Gv05,26,055a,055,465,489,157,178,24,21,213,reliable
Gv,Gv05,27,630.061.076,630,492,508,156,179,16,23,144,reliable
Gv,Gv05,28,200,200,510,517,157,177,7,20,69,reliable
Gv,Gv05,29,048,048,518,525,167,176,7,9,23,reliable
Gv,Gv05,30,430?,430,525,528,167,176,3,9,16,reliable
Gv,Gv06,0,432,432,4,18,193,212,14,19,81,reliable
Gv,Gv06,1,200,200,20,36,191,214,16,23,142,reliable
Gv,Gv06,2,769,769,38,50,191,212,12,21,94,reliable
Gv,Gv06,3,381,381,52,67,190,213,15,23,147,reliable
Gv,Gv06,4,002.076,002,69,86,192,215,17,23,149,reliable
Gv,Gv06,5,200,200,88,121,190,214,33,24,332,reliable
Gv,Gv06,6,280.076,280,121,149,189,214,28,25,258,reliable
Gv,Gv06,7,200,200,151,167,189,214,16,25,170,reliable
Gv,Gv06,8,280,280,168,185,189,214,17,25,161,reliable
Gv,Gv06,9,730.076,730,187,212,189,214,25,25,235,reliable
Gv,Gv06,10,200,200,213,230,189,214,17,25,167,reliable
Gv,Gv06,11,730,730,231,245,190,214,14,24,113,reliable
Gv,Gv06,12,517a.076,517,245,265,188,214,20,26,230,reliable
Gv,Gv06,13,200,200,267,284,190,215,17,25,166,reliable
Gv,Gv06,14,517a,517,289,302,192,215,13,23,121,reliable
Gv,Gv06,15,222.076,222,304,327,191,215,23,24,208,reliable
Gv,Gv06,16,062.073,062,329,347,190,215,18,25,153,reliable
Gv,Gv06,17,222,222,349,385,192,215,36,23,349,reliable
Gv,Gv06,18,124,124,386,399,192,215,13,23,99,reliable
Gv,Gv06,19,790f,790,399,427,191,214,28,23,242,reliable
Gv,Gv06,20,790f,790,428,443,190,214,15,24,115,reliable
Gv,Gv06,21,790f,790,444,469,189,214,25,25,258,reliable
Gv,Gv06,22,790f,790,470,487,191,214,17,23,148,reliable
Gv,Gv06,23,222.076,222,488,507,190,214,19,24,162,reliable
Gv,Gv06,24,290,290,508,521,196,214,13,18,92,reliable
Gv,Gv06,25,200.001.008,200,523,543,193,214,20,21,164,reliable
Gv,Gv06,26,200.001,200,543,546,199,213,3,14,24,reliable
Gv,Gv07,0,630,630,5,15,225,252,10,27,98,reliable
Gv,Gv07,1,005,005,15,41,225,252,26,27,226,reliable
Gv,Gv07,2,091,091,41,48,225,252,7,27,105,reliable
Gv,Gv07,3,005,005,51,69,225,252,18,27,166,reliable
Gv,Gv07,4,700.076,700,69,72,227,252,3,25,37,reliable
Gv,Gv07,5,001,001,73,75,227,251,2,24,31,reliable
Gv,Gv07,6,200.600,200,77,94,225,251,17,26,158,reliable
Gv,Gv07,7,082a,082,94,113,225,251,19,26,151,reliable
Gv,Gv07,8,083,083,112,126,225,251,14,26,125,reliable
Gv,Gv07,9,700,700,127,136,225,251,9,26,93,reliable
Gv,Gv07,10,522f,522,138,147,226,251,9,25,89,reliable
Gv,Gv07,11,430.076,430,147,162,227,252,15,25,133,reliable
Gv,Gv07,12,730,730,163,183,226,251,20,25,174,reliable
Gv,Gv07,13,005,005,184,211,225,252,27,27,278,reliable
Gv,Gv07,14,700,700,210,220,227,252,10,25,87,reliable
Gv,Gv07,15,730,730,221,241,226,252,20,26,196,reliable
Gv,Gv07,16,022,022,242,271,225,252,29,27,272,reliable
Gv,Gv07,17,515.076,515,273,290,228,252,17,24,159,reliable
Gv,Gv07,18,700,700,294,303,228,250,9,22,76,reliable
Gv,Gv07,19,047,047,306,340,227,251,34,24,335,reliable
Gv,Gv07,20,700,700,342,357,229,250,15,21,164,reliable
Gv,Gv07,21,430.076.049f.010,430,358,362,230,250,4,20,43,reliable
Gv,Gv07,22,020.006,020,361,365,231,250,4,19,37,reliable
Gv,Gv07,23,001,001,365,375,231,251,10,20,83,reliable
Gv,Gv07,24,739,739,376,394,230,251,18,21,149,reliable
Gv,Gv07,25,700.074,700,395,429,228,250,34,22,310,reliable
Gv,Gv07,26,381,381,431,452,229,250,21,21,162,reliable
Gv,Gv07,27,647,647,451,461,229,252,10,23,92,reliable
Gv,Gv07,28,380.009,380,461,473,229,252,12,23,114,reliable
Gv,Gv07,29,006.500.006.500.044,006,473,505,229,252,32,23,296,reliable
Gv,Gv07,30,326,326,508,529,226,250,21,24,193,reliable
Gv,Gv08,0,770,770,4,24,266,289,20,23,139,reliable
Gv,Gv08,1,380.013,380,24,42,266,289,18,23,158,reliable
Gv,Gv08,2,064.074,064,42,58,263,289,16,26,136,reliable
Gv,Gv08,3,022,022,60,73,264,289,13,25,112,reliable
Gv,Gv08,4,711,711,74,93,264,289,19,25,188,reliable
Gv,Gv08,5,600y,600,94,109,266,286,15,20,120,reliable
Gv,Gv08,6,048.074,048,109,126,265,288,17,23,162,reliable
Gv,Gv08,7,512.074.086,512,126,143,265,288,17,23,137,reliable
Gv,Gv08,8,045,045,144,150,268,289,6,21,57,reliable
Gv,Gv08,9,200,200,151,166,266,289,15,23,141,reliable
Gv,Gv08,10,096,096,168,185,268,289,17,21,119,reliable
Gv,Gv08,11,070.006,070,187,207,267,289,20,22,217,reliable
Gv,Gv08,12,088,088,209,218,266,288,9,22,71,reliable
Gv,Gv08,13,001,001,221,225,270,289,4,19,44,reliable
Gv,Gv08,14,530?.076,530,227,233,267,289,6,22,40,reliable
Gv,Gv08,15,192,192,233,254,267,289,21,22,165,reliable
Gv,Gv08,16,700x,700,255,272,265,289,17,24,145,reliable
Gv,Gv08,17,700x:021,700,273,287,266,288,14,22,94,reliable
Gv,Gv08,18,086:091.076,086,288,304,264,289,16,25,160,reliable
Gv,Gv08,19,600,600,306,324,263,288,18,25,200,reliable
Gv,Gv08,20,004.077,004,325,341,265,288,16,23,151,reliable
Gv,Gv08,21,621.011,621,342,351,264,289,9,25,93,reliable
Gv,Gv08,22,004,004,351,365,264,289,14,25,156,reliable
Gv,Gv08,23,600,600,365,371,265,288,6,23,71,reliable
Gv,Gv08,24,600,600,376,394,263,288,18,25,186,reliable
Gv,Gv08,25,657.076,657,397,415,264,288,18,24,164,reliable
Gv,Gv08,26,040h,040,416,439,265,288,23,23,182,reliable
Gv,Gv08,27,600,600,438,456,263,288,18,25,182,reliable
Gv,Gv08,28,646,646,456,469,263,288,13,25,115,reliable
Gv,Gv08,29,600.004,600,469,491,263,288,22,25,204,reliable
Gv,Gv08,30,004,004,491,504,263,288,13,25,128,reliable
Gv,Gv08,31,033?,033,506,511,266,287,5,21,53,reliable
Gv,Gv08,32,004,004,512,517,270,285,5,15,33,reliable
Gv,Gv08,33,033?,033,519,530,265,287,11,22,84,reliable
Gv,Gv08,34,045,045,531,537,268,286,6,18,55,reliable
Hr,Hr01,0,200!,200,6,25,6,24,19,18,99,reliable
Hr,Hr01,1,009!,009,28,40,6,22,12,16,67,reliable
Hr,Hr01,2,755a,755,42,56,7,32,14,25,139,reliable
Hr,Hr01,3,050.010,050,60,76,7,32,16,25,172,reliable
Hr,Hr01,4,005,005,79,98,6,32,19,26,174,reliable
Hr,Hr01,5,002g?,002,101,107,6,31,6,25,70,reliable
Hr,Hr01,6,001a,001,110,145,6,32,35,26,299,reliable
Hr,Hr01,7,207a.069h,207,148,158,6,32,10,26,95,reliable
Hr,Hr01,8,700,700,159,178,6,32,19,26,187,reliable
Hr,Hr01,9,280,280,181,188,7,32,7,25,98,reliable
Hr,Hr01,10,001a?,001,190,206,6,33,16,27,151,reliable
Hr,Hr01,11,007,007,209,238,6,33,29,27,292,reliable
Hr,Hr01,12,260a.001a,260,239,260,6,33,21,27,202,reliable
Hr,Hr01,13,280,280,263,270,7,33,7,26,86,reliable
Hr,Hr01,14,001a?,001,273,286,6,33,13,27,102,reliable
Hr,Hr01,15,065a,065,291,297,7,33,6,26,67,reliable
Hr,Hr01,16,001a,001,300,331,8,34,31,26,244,reliable
Hr,Hr01,17,304.003a,304,334,349,7,34,15,27,137,reliable
Hr,Hr01,18,060a.003a,060,352,386,7,34,34,27,251,reliable
Hr,Hr01,19,306.003a,306,390,404,7,34,14,27,122,reliable
Hr,Hr01,20,084a,084,407,413,7,33,6,26,67,reliable
Hr,Hr01,21,004,004,415,433,6,34,18,28,175,reliable
Hr,Hr01,22,280,280,436,469,6,33,33,27,261,reliable
Hr,Hr01,23,200.048,200,471,507,6,33,36,27,298,reliable
Hr,Hr01,24,254,254,509,527,6,34,18,28,138,reliable
Hr,Hr01,25,755.003a,755,530,557,7,33,27,26,207,reliable
Hr,Hr01,26,734a.003a,734,561,595,7,33,34,26,265,reliable
Hr,Hr01,27,306,306,599,605,7,34,6,27,76,reliable
Hr,Hr01,28,003a,003,610,621,6,33,11,27,120,reliable
Hr,Hr01,29,001a,001,626,648,7,33,22,26,177,reliable
Hr,Hr01,30,009:005k,009,649,687,7,34,38,27,331,reliable
Hr,Hr01,31,006.074af,006,688,706,6,33,18,27,139,reliable
Hr,Hr01,32,256c,256,711,719,6,33,8,27,91,reliable
Hr,Hr01,33,004.064a,004,723,752,7,33,29,26,205,reliable
Hr,Hr01,34,002,002,755,758,9,32,3,23,34,reliable
Hr,Hr01,35,306,306,758,773,8,31,15,23,101,reliable
Hr,Hr01,36,006.074a,006,778,785,7,29,7,22,59,reliable
Hr,Hr01,37,044ax!,044,789,791,9,22,2,13,18,reliable
Hr,Hr01,38,064!,064,792,795,8,22,3,14,19,reliable
Hr,Hr01,39,356,356,799,802,8,23,3,15,16,reliable
Hr,Hr01,40,005j,005,802,807,8,23,5,15,20,reliable
Hr,Hr01,41,246.009,246,812,849,7,34,37,27,301,reliable
Hr,Hr01,42,244,244,855,945,8,35,90,27,814,reliable
Hr,Hr01,43,009a,009,946,957,9,34,11,25,124,reliable
Hr,Hr01,44,244,244,957,986,8,34,29,26,236,reliable
Hr,Hr01,45,084a,084,988,1002,9,33,14,24,118,reliable
Hr,Hr01,46,204.074f,204,1003,1034,7,33,31,26,280,reliable
Hr,Hr01,47,381,381,1036,1052,7,32,16,25,139,reliable
Hr,Hr01,48,700,700,1053,1060,8,32,7,24,87,reliable
Hr,Hr01,49,123,123,1061,1069,10,33,8,23,76,reliable
Hr,Hr01,50,004,004,1071,1077,10,33,6,23,81,reliable
Hr,Hr02,0,005j.052,005,8,31,44,70,23,26,223,reliable
Hr,Hr02,1,600,600,31,51,43,70,20,27,181,reliable
Hr,Hr02,2,123,123,53,63,43,70,10,27,96,reliable
Hr,Hr02,3,004,004,66,73,43,69,7,26,86,reliable
Hr,Hr02,4,123,123,74,84,44,70,10,26,92,reliable
Hr,Hr02,5,630c,630,87,103,43,70,16,27,135,reliable
Hr,Hr02,6,066y,066,103,114,44,70,11,26,90,reliable
Hr,Hr02,7,004,004,117,124,43,70,7,27,94,reliable
Hr,Hr02,8,066b,066,126,136,43,70,10,27,90,reliable
Hr,Hr02,9,006.004,006,139,155,44,70,16,26,166,reliable
Hr,Hr02,10,066,066,158,167,43,70,9,27,92,reliable
Hr,Hr02,11,022dfy.344,022,172,208,43,70,36,27,331,reliable
Hr,Hr02,12,002a,002,211,219,44,69,8,25,106,reliable
Hr,Hr02,13,001a.063,001,224,241,44,70,17,26,191,reliable
Hr,Hr02,14,070,070,243,256,43,70,13,27,135,reliable
Hr,Hr02,15,202,202,257,285,43,70,28,27,217,reliable
Hr,Hr02,16,021t,021,291,310,44,71,19,27,165,reliable
Hr,Hr02,17,382y,382,313,336,44,71,23,27,179,reliable
Hr,Hr02,18,382,382,337,350,45,71,13,26,118,reliable
Hr,Hr02,19,002Vaxy,002,353,365,45,71,12,26,118,reliable
Hr,Hr02,20,070,070,369,430,44,71,61,27,495,reliable
Hr,Hr02,21,202a,202,434,457,44,71,23,27,218,reliable
Hr,Hr02,22,202a,202,462,471,43,70,9,27,102,reliable
Hr,Hr02,23,021t,021,473,488,43,70,15,27,111,reliable
Hr,Hr02,24,050.042.050,050,493,502,43,70,9,27,67,reliable
Hr,Hr02,25,002a,002,505,510,43,70,5,27,60,reliable
Hr,Hr02,26,430c,430,512,529,43,70,17,27,129,reliable
Hr,Hr02,27,065,065,533,541,44,70,8,26,71,reliable
Hr,Hr02,28,001,001,547,553,43,70,6,27,84,reliable
Hr,Hr02,29,631b,631,555,573,43,69,18,26,133,reliable
Hr,Hr02,30,065,065,575,619,44,70,44,26,370,reliable
Hr,Hr02,31,001,001,622,640,44,70,18,26,176,reliable
Hr,Hr02,32,630c,630,643,653,45,70,10,25,113,reliable
Hr,Hr02,33,720V.244,720,655,672,44,70,17,26,152,reliable
Hr,Hr02,34,381,381,674,690,44,70,16,26,141,reliable
Hr,Hr02,35,002a,002,693,721,43,70,28,27,227,reliable
Hr,Hr02,36,631,631,723,728,44,70,5,26,72,reliable
Hr,Hr02,37,099,099,731,745,44,70,14,26,174,reliable
Hr,Hr02,38,721b,721,750,775,43,70,25,27,197,reliable
Hr,Hr02,39,022,022,777,804,43,70,27,27,214,reliable
Hr,Hr02,40,001a.062,001,806,823,45,70,17,25,132,reliable
Hr,Hr02,41,309,309,826,854,43,71,28,28,243,reliable
Hr,Hr02,42,592.079y,592,859,867,46,71,8,25,73,reliable
Hr,Hr02,43,006.074f,006,870,898,46,71,28,25,203,reliable
Hr,Hr02,44,300.077,300,901,908,47,71,7,24,63,reliable
Hr,Hr02,45,022f,022,909,933,45,71,24,26,160,reliable
Hr,Hr02,46,320.077,320,933,958,45,71,25,26,148,reliable
Hr,Hr02,47,001a,001,959,960,46,51,1,5,5,reliable
Hr,Hr02,48,301,301,960,983,45,71,23,26,146,reliable
Hr,Hr02,49,300.052h,300,986,988,47,50,2,3,4,reliable
Hr,Hr02,50,670,670,987,988,56,61,1,5,5,reliable
Hr,Hr02,51,065,065,988,995,46,71,7,25,44,reliable
Hr,Hr02,52,200,200,997,1018,45,70,21,25,145,reliable
Hr,Hr02,53,600,600,1021,1040,44,70,19,26,148,reliable
Hr,Hr02,54,700,700,1045,1053,44,69,8,25,61,reliable
Hr,Hr02,55,671a,671,1054,1073,45,70,19,25,122,reliable
Hr,Hr02,56,020,020,1075,1082,44,71,7,27,87,reliable
Hr,Hr02,57,084a.003a,084,1084,1106,45,71,22,26,180,reliable
Hr,Hr02,58,200.001,200,1109,1138,45,71,29,26,243,reliable
Hr,Hr02,59,260,260,1142,1165,44,70,23,26,160,reliable
Hr,Hr02,60,001?,001,1168,1170,45,69,2,24,43,reliable
Hr,Hr03,0,062y.001.003a,062,4,26,80,107,22,27,196,reliable
Hr,Hr03,1,070,070,29,41,80,107,12,27,115,reliable
Hr,Hr03,2,060a,060,43,52,80,108,9,28,89,reliable
Hr,Hr03,3,220.005j,220,54,90,80,107,36,27,292,reliable
Hr,Hr03,4,256b.711t,256,90,133,80,108,43,28,376,reliable
Hr,Hr03,5,069b,069,135,143,80,107,8,27,100,reliable
Hr,Hr03,6,200.055a,200,145,174,80,107,29,27,273,reliable
Hr,Hr03,7,670,670,176,199,79,108,23,29,199,reliable
Hr,Hr03,8,055a,055,202,211,80,107,9,27,95,reliable
Hr,Hr03,9,673,673,212,237,80,108,25,28,220,reliable
Hr,Hr03,10,781,781,239,264,80,107,25,27,220,reliable
Hr,Hr03,11,140a,140,267,279,80,107,12,27,138,reliable
Hr,Hr03,12,004a.004ay.206,004,284,300,81,108,16,27,160,reliable
Hr,Hr03,13,558a,558,301,347,81,108,46,27,392,reliable
Hr,Hr03,14,065.003a,065,350,365,81,108,15,27,132,reliable
Hr,Hr03,15,200.004,200,366,396,81,108,30,27,274,reliable
Hr,Hr03,16,022dfy,022,399,407,81,107,8,26,87,reliable
Hr,Hr03,17,607a,607,410,437,80,108,27,28,232,reliable
Hr,Hr03,18,062y.006,062,439,458,80,107,19,27,174,reliable
Hr,Hr03,19,001,001,461,467,80,107,6,27,70,reliable
Hr,Hr03,20,062y.006,062,471,489,79,107,18,28,173,reliable
Hr,Hr03,21,001,001,492,498,79,106,6,27,57,reliable
Hr,Hr03,22,062y.006,062,501,521,79,106,20,27,142,reliable
Hr,Hr03,23,001!,001,521,523,88,91,2,3,5,reliable
Hr,Hr03,24,020g.064b,020,524,541,79,106,17,27,131,reliable
Hr,Hr03,25,201.003a,201,544,576,79,106,32,27,232,reliable
Hr,Hr03,26,004.600,004,579,608,80,107,29,27,225,reliable
Hr,Hr03,27,004,004,611,617,81,106,6,25,58,reliable
Hr,Hr03,28,006:042.003a,006,619,636,82,107,17,25,138,reliable
Hr,Hr03,29,050.003a,050,641,656,81,106,15,25,133,reliable
Hr,Hr03,30,093.003a,093,659,682,81,107,23,26,178,reliable
Hr,Hr03,31,027.003a,027,685,705,80,106,20,26,153,reliable
Hr,Hr03,32,086.003a,086,708,724,80,107,16,27,131,reliable
Hr,Hr03,33,060.003a,060,728,743,80,106,15,26,126,reliable
Hr,Hr03,34,093.003a,093,746,768,80,106,22,26,174,reliable
Hr,Hr03,35,254c.003a,254,769,807,80,106,38,26,274,reliable
Hr,Hr03,36,093j.003a,093,811,830,80,106,19,26,150,reliable
Hr,Hr03,37,205iy,205,833,856,80,106,23,26,160,reliable
Hr,Hr03,38,072a,072,859,875,83,108,16,25,129,reliable
Hr,Hr03,39,450.052,450,878,900,83,108,22,25,146,reliable
Hr,Hr03,40,551a.003a,551,905,930,82,108,25,26,226,reliable
Hr,Hr03,41,600.003a,600,933,964,82,108,31,26,257,reliable
Hr,Hr03,42,430c,430,966,982,81,107,16,26,128,reliable
Hr,Hr03,43,381,381,986,1007,81,107,21,26,164,reliable
Hr,Hr03,44,072,072,1009,1027,81,107,18,26,157,reliable
Hr,Hr03,45,450.052,450,1029,1053,81,106,24,25,182,reliable
Hr,Hr03,46,551b.003a,551,1057,1078,79,104,21,25,170,reliable
Hr,Hr03,47,600.003a,600,1083,1111,80,106,28,26,191,reliable
Hr,Hr03,48,385.003a,385,1115,1142,80,105,27,25,218,reliable
Hr,Hr03,49,670,670,1147,1171,80,106,24,26,171,reliable
Hr,Hr03,50,099,099,1174,1194,80,106,20,26,155,reliable
Hr,Hr03,51,007,007,1199,1214,79,105,15,26,138,reliable
Hr,Hr04,0,605s,605,4,29,119,145,25,26,164,unreliable
Hr,Hr04,1,752a,752,33,50,118,145,17,27,125,unreliable
Hr,Hr04,2,065.074f,065,53,74,118,145,21,27,144,unreliable
Hr,Hr04,3,755a,755,78,92,118,145,14,27,124,unreliable
Hr,Hr04,4,260:001a,260,94,121,118,145,27,27,228,unreliable
Hr,Hr04,5,260,260,122,142,119,145,20,26,160,unreliable
Hr,Hr04,6,591,591,145,160,118,145,15,27,132,unreliable
Hr,Hr04,7,005j,005,163,174,118,144,11,26,99,unreliable
Hr,Hr04,8,001a,001,177,183,119,144,6,25,62,unreliable
Hr,Hr04,9,755a,755,188,201,117,145,13,28,115,unreliable
Hr,Hr04,10,451f,451,205,220,118,145,15,27,108,unreliable
Hr,Hr04,11,791,791,221,235,119,143,14,24,119,unreliable
Hr,Hr04,12,141f.003ax,141,237,258,119,144,21,25,158,unreliable
Hr,Hr04,13,027V,027,260,283,118,145,23,27,157,unreliable
Hr,Hr04,14,010y.020y,010,287,305,119,145,18,26,143,unreliable
Hr,Hr04,15,073af,073,308,317,119,143,9,24,63,unreliable
Hr,Hr04,16,063bf,063,320,332,119,145,12,26,71,unreliable
Hr,Hr04,17,002,002,334,344,118,144,10,26,78,unreliable
Hr,Hr04,18,078bf,078,347,356,119,144,9,25,64,unreliable
Hr,Hr04,19,020bfy.003a,020,360,375,118,145,15,27,122,unreliable
Hr,Hr04,20,204.109a,204,379,414,118,144,35,26,222,unreliable
Hr,Hr04,21,027.109,027,417,444,117,144,27,27,160,unreliable
Hr,Hr04,22,037.005,037,446,466,116,142,20,26,109,unreliable
Hr,Hr04,23,037.009tx,037,467,485,117,142,18,25,109,unreliable
Hr,Hr04,24,043:008t?,043,485,500,116,141,15,25,111,unreliable
Hr,Hr04,25,600,600,502,518,116,142,16,26,121,unreliable
Hr,Hr04,26,121,121,521,528,116,141,7,25,50,unreliable
Hr,Hr04,27,614,614,534,552,116,143,18,27,135,unreliable
Hr,Hr04,28,600a,600,555,576,117,143,21,26,146,unreliable
Hr,Hr04,29,600.711,600,580,605,119,145,25,26,187,unreliable
Hr,Hr04,30,020cfy.246,020,608,650,118,145,42,27,347,unreliable
Hr,Hr04,31,050.711,050,654,672,118,144,18,26,118,unreliable
Hr,Hr04,32,606,606,674,722,117,144,48,27,322,unreliable
Hr,Hr04,33,001t.006,001,725,750,117,143,25,26,176,unreliable
Hr,Hr04,34,001.006.109a,001,752,760,118,143,8,25,64,unreliable
Hr,Hr04,35,050,050,763,777,116,142,14,26,114,unreliable
Hr,Hr04,36,755a,755,781,796,117,142,15,25,120,unreliable
Hr,Hr04,37,001.063,001,798,819,116,143,21,27,140,unreliable
Hr,Hr04,38,013.006,013,824,830,117,143,6,26,54,unreliable
Hr,Hr04,39,065,065,832,858,117,144,26,27,151,unreliable
Hr,Hr04,40,720V,720,859,875,119,145,16,26,140,unreliable
Hr,Hr04,41,065,065,878,888,120,145,10,25,97,unreliable
Hr,Hr04,42,026,026,890,926,119,145,36,26,325,unreliable
Hr,Hr04,43,700,700,929,946,120,144,17,24,120,unreliable
Hr,Hr04,44,200.070a,200,948,954,119,143,6,24,75,unreliable
Hr,Hr04,45,057b,057,957,978,117,144,21,27,188,unreliable
Hr,Hr04,46,040,040,981,1007,119,145,26,26,177,unreliable
Hr,Hr04,47,600,600,1009,1011,120,143,2,23,24,unreliable
Hr,Hr04,48,200.015a,200,1012,1015,126,144,3,18,23,unreliable
Hr,Hr04,49,065V.010,065,1018,1039,118,144,21,26,130,unreliable
Hr,Hr04,50,042,042,1042,1050,118,139,8,21,39,unreliable
Hr,Hr04,51,700.009,700,1052,1070,117,143,18,26,141,unreliable
Hr,Hr04,52,260s.008,260,1072,1112,117,143,40,26,300,unreliable
Hr,Hr04,53,304.003a,304,1115,1151,118,145,36,27,252,unreliable
Hr,Hr04,54,069.065x,069,1154,1173,119,144,19,25,162,unreliable
Hr,Hr04,55,030b,030,1179,1196,118,144,17,26,109,unreliable
Hr,Hr04,56,060a,060,1198,1209,120,145,11,25,82,unreliable
Hr,Hr05,0,060a.055a,060,5,26,157,183,21,26,163,unreliable
Hr,Hr05,1,588a,588,28,40,156,183,12,27,95,unreliable
Hr,Hr05,2,060a,060,44,52,157,183,8,26,79,unreliable
Hr,Hr05,3,001.069,001,57,74,156,183,17,27,123,unreliable
Hr,Hr05,4,060a.069,060,77,84,158,183,7,25,67,unreliable
Hr,Hr05,5,162,162,86,98,155,183,12,28,96,unreliable
Hr,Hr05,6,200.200.200.052x,200,100,191,155,183,91,28,724,unreliable
Hr,Hr05,7,200.081,200,194,235,155,182,41,27,329,unreliable
Hr,Hr05,8,200.001,200,238,267,155,182,29,27,233,unreliable
Hr,Hr05,9,004.064a,004,271,286,155,182,15,27,135,unreliable
Hr,Hr05,10,044ax,044,288,296,156,183,8,27,71,unreliable
Hr,Hr05,11,004,004,298,305,156,183,7,27,55,unreliable
Hr,Hr05,12,049f,049,308,318,155,183,10,28,100,unreliable
Hr,Hr05,13,004,004,321,328,156,182,7,26,76,unreliable
Hr,Hr05,14,044ax,044,331,355,155,183,24,28,201,unreliable
Hr,Hr05,15,004.064a,004,357,383,155,183,26,28,182,unreliable
Hr,Hr05,16,202,202,385,405,155,182,20,27,157,unreliable
Hr,Hr05,17,280,280,409,426,154,182,17,28,149,unreliable
Hr,Hr05,18,008:200,008,431,450,156,181,19,25,117,unreliable
Hr,Hr05,19,548,548,453,473,154,182,20,28,162,unreliable
Hr,Hr05,20,631bf,631,477,501,155,182,24,27,193,unreliable
Hr,Hr05,21,208,208,503,549,154,182,46,28,346,unreliable
Hr,Hr05,22,200.005j,200,551,559,155,181,8,26,70,unreliable
Hr,Hr05,23,021h:005,021,563,570,155,180,7,25,55,unreliable
Hr,Hr05,24,002e,002,574,639,155,182,65,27,470,unreliable
Hr,Hr05,25,041,041,641,653,156,181,12,25,83,unreliable
Hr,Hr05,26,220.009h,220,658,667,156,180,9,24,74,unreliable
Hr,Hr05,27,220.009jh,220,669,682,154,181,13,27,89,unreliable
Hr,Hr05,28,440,440,686,696,155,180,10,25,98,unreliable
Hr,Hr05,29,440,440,699,724,155,181,25,26,187,unreliable
Hr,Hr05,30,440a,440,725,755,155,181,30,26,174,unreliable
Hr,Hr05,31,020t.440,020,756,763,154,179,7,25,37,unreliable
Hr,Hr05,32,205s,205,764,775,155,179,11,24,44,unreliable
Hr,Hr05,33,205s!,205,777,806,155,181,29,26,151,unreliable
Hr,Hr05,34,004!.003a!,004,808,819,155,179,11,24,43,unreliable
Hr,Hr05,35,004!.003a!,004,820,834,155,179,14,24,73,unreliable
Hr,Hr05,36,072a!,072,837,861,156,181,24,25,150,unreliable
Hr,Hr05,37,051!.003a!,051,866,884,155,181,18,26,109,unreliable
Hr,Hr05,38,066a!.090Vj,066,887,911,155,181,24,26,166,unreliable
Hr,Hr05,39,066a.003ax,066,915,925,156,181,10,25,67,unreliable
Hr,Hr05,40,066a.048f,066,929,935,155,182,6,27,57,unreliable
Hr,Hr05,41,066a,066,938,948,156,181,10,25,71,unreliable
Hr,Hr05,42,001,001,952,967,154,180,15,26,138,unreliable
Hr,Hr05,43,066,066,970,1000,155,182,30,27,213,unreliable
Hr,Hr05,44,100,100,1001,1032,155,180,31,25,208,unreliable
Hr,Hr05,45,066y.009.549,066,1035,1053,154,180,18,26,135,unreliable
Hr,Hr05,46,066y.006.549,066,1056,1058,154,178,2,24,43,unreliable
Hr,Hr05,47,554,554,1059,1061,175,178,2,3,4,unreliable
Hr,Hr05,48,015a,015,1062,1064,154,178,2,24,16,unreliable
Hr,Hr05,49,022bfy,022,1068,1076,155,181,8,26,62,unreliable
Hr,Hr05,50,551c,551,1081,1100,155,181,19,26,125,unreliable
Hr,Hr05,51,141h:059x,141,1103,1113,155,182,10,27,100,unreliable
Hr,Hr05,52,015b,015,1117,1125,155,181,8,26,80,unreliable
Hr,Hr05,53,022cf,022,1132,1140,155,179,8,24,88,unreliable
Hr,Hr05,54,551d,551,1145,1161,154,180,16,26,122,unreliable
Hr,Hr05,55,110y,110,1162,1175,154,180,13,26,110,unreliable
Hr,Hr05,56,015b,015,1179,1188,154,180,9,26,84,unreliable
Hr,Hr05,57,022cf,022,1191,1199,154,180,8,26,79,unreliable
Hr,Hr06,0,551d,551,5,26,194,220,21,26,150,reliable
Hr,Hr06,1,200,200,28,49,193,219,21,26,152,reliable
Hr,Hr06,2,015,015,54,61,193,220,7,27,90,reliable
Hr,Hr06,3,022cf,022,66,73,193,220,7,27,72,reliable
Hr,Hr06,4,008,008,79,96,192,219,17,27,152,reliable
Hr,Hr06,5,451,451,103,116,192,218,13,26,96,reliable
Hr,Hr06,6,015,015,119,126,192,220,7,28,92,reliable
Hr,Hr06,7,022cf,022,132,139,193,219,7,26,65,reliable
Hr,Hr06,8,005:082bx,005,143,159,193,219,16,26,142,reliable
Hr,Hr06,9,015,015,165,172,192,219,7,27,97,reliable
Hr,Hr06,10,022cf,022,176,184,192,220,8,28,70,reliable
Hr,Hr06,11,008.006,008,189,194,193,220,5,27,46,reliable
Hr,Hr06,12,015,015,193,222,193,220,29,27,200,reliable
Hr,Hr06,13,022cf!,022,226,234,193,220,8,27,97,reliable
Hr,Hr06,14,008,008,238,246,193,218,8,25,69,reliable
Hr,Hr06,15,004!,004,251,268,194,220,17,26,142,reliable
Hr,Hr06,16,064!,064,271,279,194,220,8,26,53,reliable
Hr,Hr06,17,015!,015,278,283,212,220,5,8,11,reliable
Hr,Hr06,18,022cf!,022,282,449,190,220,167,30,836,reliable
Hr,Hr06,19,005!,005,448,463,193,218,15,25,54,reliable
Hr,Hr06,20,10)!,10),463,477,192,218,14,26,57,reliable
Hr,Hr06,21,036!,036,476,492,192,217,16,25,72,reliable
Hr,Hr06,22,200!,200,493,513,192,216,20,24,101,reliable
Hr,Hr06,23,004!,004,514,522,202,217,8,15,32,reliable
Hr,Hr06,24,004!,004,524,532,194,216,8,22,39,reliable
Hr,Hr06,25,004,004,534,541,191,215,7,24,54,reliable
Hr,Hr06,26,007,007,545,560,190,216,15,26,144,reliable
Hr,Hr06,27,021d,021,563,572,190,216,9,26,94,reliable
Hr,Hr06,28,060a,060,575,584,190,216,9,26,82,reliable
Hr,Hr06,29,093,093,586,602,192,218,16,26,123,reliable
Hr,Hr06,30,070,070,604,619,192,219,15,27,120,reliable
Hr,Hr06,31,520,520,623,644,191,218,21,27,186,reliable
Hr,Hr06,32,381,381,649,669,191,218,20,27,171,reliable
Hr,Hr06,33,008,008,670,689,192,218,19,26,184,reliable
Hr,Hr06,34,001.008,001,693,720,191,219,27,28,260,reliable
Hr,Hr06,35,739,739,723,739,192,218,16,26,131,reliable
Hr,Hr06,36,065ax.306s,065,741,782,192,219,41,27,327,reliable
Hr,Hr06,37,431d,431,784,804,192,218,20,26,172,reliable
Hr,Hr06,38,200a,200,806,827,192,218,21,26,179,reliable
Hr,Hr06,39,276,276,830,859,192,219,29,27,238,reliable
Hr,Hr06,40,011,011,863,869,191,218,6,27,103,reliable
Hr,Hr06,41,385,385,873,892,192,219,19,27,169,reliable
Hr,Hr06,42,095j:059fx,095,896,910,192,218,14,26,123,reliable
Hr,Hr06,43,385,385,914,935,191,218,21,27,164,reliable
Hr,Hr06,44,028x,028,938,952,192,218,14,26,129,reliable
Hr,Hr06,45,381,381,956,976,191,219,20,28,180,reliable
Hr,Hr06,46,300,300,977,998,191,218,21,27,170,reliable
Hr,Hr06,47,300.027.003ax,300,1002,1046,190,217,44,27,319,reliable
Hr,Hr06,48,324.076t,324,1050,1078,191,218,28,27,213,reliable
Hr,Hr06,49,700,700,1080,1090,192,217,10,25,86,reliable
Hr,Hr06,50,163Vy.386,163,1093,1124,190,218,31,28,245,reliable
Hr,Hr06,51,270,270,1125,1150,189,218,25,29,205,reliable
Hr,Hr06,52,067,067,1151,1163,190,217,12,27,96,reliable
Hr,Hr06,53,470b,470,1166,1190,188,217,24,29,185,reliable
Hr,Hr06,54,004.064a,004,1191,1208,188,216,17,28,185,reliable
Hr,Hr06,55,087a,087,1212,1222,188,214,10,26,95,reliable
Hr,Hr06,56,430y,430,1226,1241,188,216,15,28,125,reliable
Hr,Hr06,57,214s,214,1241,1280,188,216,39,28,314,reliable
Hr,Hr06,58,002,002,1283,1292,188,216,9,28,95,reliable
Hr,Hr06,59,203s,203,1296,1327,188,216,31,28,281,reliable
Hr,Hr06,60,027,027,1330,1346,189,218,16,29,163,reliable
Hr,Hr06,61,090j,090,1350,1361,189,215,11,26,103,reliable
Hr,Hr06,62,545,545,1363,1385,188,216,22,28,187,reliable
Hr,Hr07,0,074,074,4,13,231,257,9,26,83,reliable
Hr,Hr07,1,376,376,16,41,229,257,25,28,232,reliable
Hr,Hr07,2,500,500,41,64,229,257,23,28,180,reliable
Hr,Hr07,3,440,440,67,78,229,256,11,27,101,reliable
Hr,Hr07,4,280,280,80,101,228,256,21,28,204,reliable
Hr,Hr07,5,002,002,105,114,229,255,9,26,87,reliable
Hr,Hr07,6,040,040,116,125,229,255,9,26,87,reliable
Hr,Hr07,7,050,050,127,136,229,256,9,27,119,reliable
Hr,Hr07,8,216s,216,140,180,228,256,40,28,359,reliable
Hr,Hr07,9,001a,001,182,190,229,255,8,26,100,reliable
Hr,Hr07,10,366.076t,366,192,265,229,257,73,28,641,reliable
Hr,Hr07,11,200.200,200,266,284,229,256,18,27,124,reliable
Hr,Hr07,12,091,091,285,351,229,256,66,27,373,reliable
Hr,Hr07,13,320!,320,351,475,229,257,124,28,567,reliable
Hr,Hr07,14,10)!,10),476,483,229,255,7,26,42,reliable
Hr,Hr07,15,661!,661,484,502,229,255,18,26,116,reliable
Hr,Hr07,16,530y.009,530,502,509,229,255,7,26,53,reliable
Hr,Hr07,17,203,203,512,546,228,255,34,27,277,reliable
Hr,Hr07,18,045ft,045,549,580,228,255,31,27,244,reliable
Hr,Hr07,19,530,530,582,604,229,255,22,26,185,reliable
Hr,Hr07,20,040.522,040,607,635,228,254,28,26,269,reliable
Hr,Hr07,21,571,571,639,653,228,253,14,25,135,reliable
Hr,Hr07,22,202y,202,656,683,228,254,27,26,232,reliable
Hr,Hr07,23,535.071h,535,686,716,228,254,30,26,260,reliable
Hr,Hr07,24,560,560,720,742,227,255,22,28,202,reliable
Hr,Hr07,25,073af.082b,073,746,754,228,254,8,26,99,reliable
Hr,Hr07,26,065ax.200,065,754,773,228,255,19,27,149,reliable
Hr,Hr07,27,739,739,775,808,228,255,33,27,285,reliable
Hr,Hr07,28,200,200,811,828,228,255,17,27,139,reliable
Hr,Hr07,29,381.072,381,831,851,228,255,20,27,200,reliable
Hr,Hr07,30,306.003a,306,853,889,229,256,36,27,323,reliable
Hr,Hr07,31,028,028,891,924,229,255,33,26,255,reliable
Hr,Hr07,32,027.095,027,928,943,229,255,15,26,152,reliable
Hr,Hr07,33,305,305,946,976,229,256,30,27,259,reliable
Hr,Hr07,34,045.052x,045,977,1003,228,255,26,27,191,reliable
Hr,Hr07,35,022bf.343,022,1007,1033,227,254,26,27,249,reliable
Hr,Hr07,36,005kt,005,1038,1089,227,255,51,28,415,reliable
Hr,Hr07,37,099,099,1091,1110,227,255,19,28,174,reliable
Hr,Hr07,38,011,011,1115,1121,227,255,6,28,90,reliable
Hr,Hr07,39,007,007,1124,1137,227,255,13,28,115,reliable
Hr,Hr07,40,004,004,1141,1148,229,255,7,26,86,reliable
Hr,Hr07,41,600,600,1152,1179,227,256,27,29,220,reliable
Hr,Hr07,42,522y,522,1182,1201,227,256,19,29,168,reliable
Hr,Hr07,43,606s,606,1204,1239,227,256,35,29,267,reliable
Hr,Hr07,44,609,609,1238,1275,228,255,37,27,286,reliable
Hr,Hr07,45,605.011,605,1279,1311,227,257,32,30,257,reliable
Hr,Hr07,46,011.095j.003a,011,1316,1341,227,257,25,30,221,reliable
Hr,Hr07,47,401s.009kh,401,1344,1374,227,255,30,28,223,reliable
Hr,Hr07,48,605.041f,605,1375,1407,227,255,32,28,250,reliable
Hr,Hr08,0,002d,002,6,16,269,292,10,23,81,reliable
Hr,Hr08,1,144f,144,18,34,266,292,16,26,134,reliable
Hr,Hr08,2,002a,002,38,48,267,293,10,26,97,reliable
Hr,Hr08,3,662,662,50,80,266,292,30,26,273,reliable
Hr,Hr08,4,680,680,84,123,265,292,39,27,346,reliable
Hr,Hr08,5,005j.010!,005,127,145,265,291,18,26,157,reliable
Hr,Hr08,6,005k.052,005,149,170,266,292,21,26,210,reliable
Hr,Hr08,7,022bf.243,022,172,214,266,292,42,26,335,reliable
Hr,Hr08,8,001t,001,214,219,279,291,5,12,34,reliable
Hr,Hr08,9,004.052x,004,221,239,266,291,18,25,144,reliable
Hr,Hr08,10,381,381,243,263,265,292,20,27,165,reliable
Hr,Hr08,11,022bf.346,022,268,311,267,294,43,27,356,reliable
Hr,Hr08,12,050a,050,313,323,268,293,10,25,95,reliable
Hr,Hr08,13,077,077,326,337,269,292,11,23,71,reliable
Hr,Hr08,14,214.090j,214,338,379,266,293,41,27,308,reliable
Hr,Hr08,15,016,016,382,388,266,293,6,27,56,reliable
Hr,Hr08,16,070,070,391,405,266,292,14,26,123,reliable
Hr,Hr08,17,607s:062h,607,408,439,265,292,31,27,238,reliable
Hr,Hr08,18,607,607,443,471,266,292,28,26,198,reliable
Hr,Hr08,19,522y,522,475,493,266,292,18,26,136,reliable
Hr,Hr08,20,002a,002,496,505,266,291,9,25,98,reliable
Hr,Hr08,21,053a,053,506,514,267,290,8,23,67,reliable
Hr,Hr08,22,010y.007,010,514,517,267,291,3,24,44,reliable
Hr,Hr08,23,022bf.246,022,520,543,265,292,23,27,207,reliable
Hr,Hr08,24,420ay,420,546,588,266,294,42,28,351,reliable
Hr,Hr08,25,050.010,050,589,605,266,293,16,27,127,reliable
Hr,Hr08,26,009b,009,608,625,266,293,17,27,152,reliable
Hr,Hr08,27,002a,002,628,642,266,294,14,28,114,reliable
Hr,Hr08,28,760a,760,647,655,266,292,8,26,96,reliable
Hr,Hr08,29,050h,050,657,689,265,294,32,29,235,reliable
Hr,Hr08,30,021,021,693,701,266,292,8,26,69,reliable
Hr,Hr08,31,021b,021,705,714,266,292,9,26,80,reliable
Hr,Hr08,32,760a,760,716,747,265,293,31,28,232,reliable
Hr,Hr08,33,005k,005,750,759,266,291,9,25,71,reliable
Hr,Hr08,34,050h,050,763,770,266,292,7,26,62,reliable
Hr,Hr08,35,021,021,775,795,265,292,20,27,161,reliable
Hr,Hr08,36,005j.010,005,794,797,288,292,3,4,4,reliable
Hr,Hr08,37,18)!,18),799,806,266,293,7,27,45,reliable
Hr,Hr08,38,004!,004,805,1068,265,293,263,28,1505,reliable
Hr,Hr08,39,305!.711a,305,1067,1094,265,291,27,26,167,reliable
Hr,Hr08,40,300,300,1098,1118,265,291,20,26,151,reliable
Hr,Hr08,41,005,005,1118,1136,265,291,18,26,114,reliable
Hr,Hr08,42,591j,591,1138,1154,265,293,16,28,144,reliable
Hr,Hr08,43,004,004,1157,1166,265,292,9,27,83,reliable
Hr,Hr08,44,002a,002,1171,1179,265,292,8,27,102,reliable
Hr,Hr08,45,600,600,1183,1203,265,293,20,28,196,reliable
Hr,Hr08,46,660o,660,1205,1237,265,292,32,27,275,reliable
Hr,Hr08,47,600,600,1238,1263,265,292,25,27,211,reliable
Hr,Hr08,48,600,600,1265,1287,265,292,22,27,189,reliable
Hr,Hr08,49,660,660,1290,1317,265,292,27,27,258,reliable
Hr,Hr08,50,022bf.240!,022,1321,1349,267,292,28,25,204,reliable
Hr,Hr09,0,322,322,3,31,303,330,28,27,208,reliable
Hr,Hr09,1,607.007,607,36,79,302,329,43,27,319,reliable
Hr,Hr09,2,624,624,82,115,303,330,33,27,256,reliable
Hr,Hr09,3,001.010,001,120,135,302,329,15,27,133,reliable
Hr,Hr09,4,001.010,001,139,154,302,330,15,28,141,reliable
Hr,Hr09,5,007,007,155,170,302,329,15,27,130,reliable
Hr,Hr09,6,093j,093,174,191,302,329,17,27,121,reliable
Hr,Hr09,7,26)!,26),194,597,302,331,403,29,2373,reliable
Hr,Hr09,8,001a!.600,001,601,615,303,329,14,26,104,reliable
Hr,Hr09,9,700:042,700,617,646,302,329,29,27,225,reliable
Hr,Hr09,10,624.076t,624,648,673,302,330,25,28,220,reliable
Hr,Hr09,11,301s,301,677,685,302,328,8,26,90,reliable
Hr,Hr09,12,004,004,687,708,302,330,21,28,176,reliable
Hr,Hr09,13,534b,534,713,727,302,328,14,26,140,reliable
Hr,Hr09,14,591,591,731,751,303,329,20,26,169,reliable
Hr,Hr09,15,385,385,754,765,303,328,11,25,99,reliable
Hr,Hr09,16,050,050,767,788,302,328,21,26,201,reliable
Hr,Hr09,17,600,600,790,818,302,329,28,27,226,reliable
Hr,Hr09,18,430.076,430,820,846,302,329,26,27,206,reliable
Hr,Hr09,19,430.076,430,848,873,303,330,25,27,194,reliable
Hr,Hr09,20,076:063,076,874,920,302,331,46,29,333,reliable
Hr,Hr09,21,004.064a,004,921,931,303,330,10,27,86,reliable
Hr,Hr09,22,670,670,932,958,303,330,26,27,176,reliable
Hr,Hr09,23,700,700,963,1032,302,330,69,28,548,reliable
Hr,Hr09,24,470,470,1036,1063,302,328,27,26,196,reliable
Hr,Hr09,25,021ft,021,1066,1069,304,327,3,23,34,reliable
Hr,Hr09,26,254c,254,1070,1076,303,328,6,25,62,reliable
Hr,Hr09,27,205.020cy,205,1081,1091,303,330,10,27,114,reliable
Hr,Hr09,28,209c,209,1094,1114,302,330,20,28,163,reliable
Hr,Hr09,29,053a,053,1115,1129,302,329,14,27,96,reliable
Hr,Hr09,30,002a,002,1131,1153,303,331,22,28,175,reliable
Hr,Hr09,31,755a,755,1154,1191,302,331,37,29,263,reliable
Hr,Hr09,32,047,047,1194,1200,303,331,6,28,77,reliable
Hr,Hr09,33,200,200,1202,1217,303,331,15,28,120,reliable
Hr,Hr09,34,372,372,1221,1254,303,331,33,28,211,reliable
Hr,Hr09,35,020a.006y,020,1256,1261,305,331,5,26,70,reliable
Hr,Hr09,36,214a,214,1265,1328,302,331,63,29,398,reliable
Hr,Hr09,37,001,001,1333,1369,302,330,36,28,218,reliable
Hr,Hr09,38,400y.755a.006,400,1369,1375,304,322,6,18,16,reliable
Hr,Hr09,39,770d,770,1376,1382,303,321,6,18,16,reliable
Hr,Hr09,40,2)!,2),1384,1389,303,311,5,8,8,reliable
Hr,Hr10,0,070,070,5,17,339,366,12,27,101,unreliable
Hr,Hr10,1,061y.001.061,061,22,46,339,366,24,27,166,unreliable
Hr,Hr10,2,386,386,49,74,339,366,25,27,162,unreliable
Hr,Hr10,3,070,070,77,90,339,366,13,27,116,unreliable
Hr,Hr10,4,091k,091,97,104,339,366,7,27,60,unreliable
Hr,Hr10,5,091k,091,110,117,338,366,7,28,65,unreliable
Hr,Hr10,6,386,386,120,144,338,366,24,28,170,unreliable
Hr,Hr10,7,065.025ay,065,148,166,338,365,18,27,143,unreliable
Hr,Hr10,8,594,594,169,195,339,365,26,26,182,unreliable
Hr,Hr10,9,206,206,198,236,339,365,38,26,276,unreliable
Hr,Hr10,10,022,022,241,255,338,366,14,28,120,unreliable
Hr,Hr10,11,010.001,010,259,264,338,366,5,28,44,unreliable
Hr,Hr10,12,001,001,266,285,338,365,19,27,135,unreliable
Hr,Hr10,13,099,099,288,302,340,367,14,27,104,unreliable
Hr,Hr10,14,010.001,010,307,315,341,366,8,25,55,unreliable
Hr,Hr10,15,050,050,319,335,339,366,16,27,105,unreliable
Hr,Hr10,16,001.010,001,340,345,340,365,5,25,44,unreliable
Hr,Hr10,17,022,022,349,357,339,366,8,27,67,unreliable
Hr,Hr10,18,700,700,362,369,339,365,7,26,75,unreliable
Hr,Hr10,19,021e,021,373,380,339,366,7,27,53,unreliable
Hr,Hr10,20,001,001,384,410,338,366,26,28,154,unreliable
Hr,Hr10,21,491,491,412,430,339,366,18,27,135,unreliable
Hr,Hr10,22,522y,522,432,437,339,365,5,26,43,unreliable
Hr,Hr10,23,022,022,441,449,340,365,8,25,56,unreliable
Hr,Hr10,24,700,700,453,461,339,365,8,26,67,unreliable
Hr,Hr10,25,021e,021,463,468,339,365,5,26,33,unreliable
Hr,Hr10,26,001,001,472,502,338,365,30,27,162,unreliable
Hr,Hr10,27,636,636,504,522,339,365,18,26,139,unreliable
Hr,Hr10,28,522y,522,524,551,338,365,27,27,204,unreliable
Hr,Hr10,29,605.032a!,605,553,581,339,365,28,26,147,unreliable
Hr,Hr10,30,780,780,584,612,340,367,28,27,207,unreliable
Hr,Hr10,31,605.032a,605,617,623,341,367,6,26,49,unreliable
Hr,Hr10,32,053ay,053,624,627,346,367,3,21,24,unreliable
Hr,Hr10,33,004.600,004,631,662,339,367,31,28,217,unreliable
Hr,Hr10,34,290.007,290,664,705,339,367,41,28,285,unreliable
Hr,Hr10,35,605.032a,605,707,736,339,367,29,28,211,unreliable
Hr,Hr10,36,36)!,36),740,1193,338,367,453,29,1976,unreliable
Hr,Hr10,37,073f!,073,1194,1206,340,367,12,27,64,unreliable
Hr,Hr10,38,020y,020,1214,1223,339,366,9,27,89,unreliable
Hr,Hr10,39,700f,700,1226,1236,340,365,10,25,82,unreliable
Hr,Hr10,40,020y,020,1241,1251,338,366,10,28,88,unreliable
Hr,Hr10,41,700f,700,1255,1264,339,366,9,27,89,unreliable
Hr,Hr10,42,001,001,1269,1273,339,366,4,27,55,unreliable
Hr,Hr10,43,700f,700,1277,1288,339,366,11,27,88,unreliable
Hr,Hr10,44,090fj,090,1293,1305,340,365,12,25,76,unreliable
Hr,Hr10,45,700f,700,1308,1317,340,366,9,26,76,unreliable
Hr,Hr10,46,020gy,020,1324,1333,339,366,9,27,95,unreliable
Hr,Hr10,47,700,700,1339,1347,340,366,8,26,60,unreliable
Hr,Hr11,0,700.062,700,7,29,375,400,22,25,153,reliable
Hr,Hr11,1,700f,700,31,41,375,400,10,25,91,reliable
Hr,Hr11,2,755a,755,46,62,375,401,16,26,123,reliable
Hr,Hr11,3,050,050,65,74,378,400,9,22,73,reliable
Hr,Hr11,4,050!,050,78,677,375,409,599,34,3777,reliable
Hr,Hr11,5,38)!,38),678,699,379,404,21,25,154,reliable
Hr,Hr11,6,011!,011,702,724,379,406,22,27,193,reliable
Hr,Hr11,7,700:042t.003a,700,725,752,380,407,27,27,229,reliable
Hr,Hr11,8,600,600,755,776,380,405,21,25,134,reliable
Hr,Hr11,9,205,205,780,791,381,406,11,25,92,reliable
Hr,Hr11,10,773c,773,794,814,378,406,20,28,177,reliable
Hr,Hr11,11,090j,090,818,834,379,406,16,27,146,reliable
Hr,Hr11,12,136,136,839,857,380,403,18,23,123,reliable
Hr,Hr11,13,591,591,862,884,378,406,22,28,184,reliable
Hr,Hr11,14,091f!,091,889,899,380,405,10,25,102,reliable
Hr,Hr11,15,455a:064t,455,904,912,380,406,8,26,70,reliable
Hr,Hr11,16,002a,002,915,924,379,405,9,26,57,reliable
Hr,Hr11,17,091k,091,926,945,380,405,19,25,116,reliable
Hr,Hr11,18,044ax,044,947,963,379,405,16,26,129,reliable
Hr,Hr11,19,773d,773,964,980,379,406,16,27,105,reliable
Hr,Hr11,20,430c,430,980,1011,379,406,31,27,246,reliable
Hr,Hr11,21,430,430,1015,1029,380,407,14,27,140,reliable
Hr,Hr11,22,605.004,605,1033,1039,384,402,6,18,29,reliable
Hr,Hr11,23,007,007,1043,1062,381,407,19,26,151,reliable
Hr,Hr11,24,003x,003,1066,1099,378,407,33,29,290,reliable
Hr,Hr11,25,034a,034,1102,1118,378,406,16,28,93,reliable
Hr,Hr11,26,220.011,220,1121,1134,379,406,13,27,105,reliable
Hr,Hr11,27,091,091,1139,1185,378,407,46,29,340,reliable
Hr,Hr11,28,005j,005,1191,1216,378,406,25,28,195,reliable
Hr,Hr11,29,005j.062.144f,005,1216,1241,379,407,25,28,195,reliable
Hr,Hr11,30,005j.062,005,1244,1268,380,408,24,28,198,reliable
Hr,Hr11,31,200,200,1273,1283,380,407,10,27,83,reliable
Hr,Hr11,32,200,200,1285,1305,380,409,20,29,141,reliable
Hr,Hr11,33,076,076,1308,1325,382,408,17,26,96,reliable
Hr,Hr11,34,755,755,1333,1355,380,407,22,27,140,reliable
Hr,Hr11,35,090,090,1355,1359,381,387,4,6,9,reliable
Hr,Hr11,36,200!,200,1361,1373,381,406,12,25,62,reliable
Hr,Hr11,37,5)!,5),1373,1406,381,408,33,27,172,reliable
Hr,Hr12,0,009!.061!,009,6,23,413,441,17,28,108,reliable
Hr,Hr12,1,009!.061!,009,24,30,414,441,6,27,58,reliable
Hr,Hr12,2,724!,724,32,49,413,442,17,29,99,reliable
Hr,Hr12,3,734?.003a,734,49,57,414,436,8,22,62,reliable
Hr,Hr12,4,734.003a,734,61,71,414,441,10,27,70,reliable
Hr,Hr12,5,382,382,72,105,413,441,33,28,207,reliable
Hr,Hr12,6,684a,684,107,138,414,441,31,27,235,reliable
Hr,Hr12,7,382,382,142,165,414,441,23,27,202,reliable
Hr,Hr12,8,048f,048,170,205,413,440,35,27,306,reliable
Hr,Hr12,9,684b,684,207,234,413,441,27,28,206,reliable
Hr,Hr12,10,007,007,241,250,413,438,9,25,82,reliable
Hr,Hr12,11,600,600,254,289,413,440,35,27,284,reliable
Hr,Hr12,12,326,326,292,310,415,442,18,27,139,reliable
Hr,Hr12,13,305.009,305,313,334,415,441,21,26,164,reliable
Hr,Hr12,14,308,308,338,405,415,443,67,28,488,reliable
Hr,Hr12,15,008!,008,406,439,416,443,33,27,247,reliable
Hr,Hr12,16,9)!,9),444,551,416,444,107,28,512,reliable
Hv,Hv01,0,070,070,3,15,8,35,12,27,119,unreliable
Hv,Hv01,1,007,007,18,31,6,34,13,28,141,unreliable
Hv,Hv01,2,002d,002,34,540,5,35,506,30,2851,unreliable
Hv,Hv01,3,092!,092,541,565,5,33,24,28,131,unreliable
Hv,Hv01,4,301!,301,567,592,5,33,25,28,137,unreliable
Hv,Hv01,5,37)!,37),593,611,6,33,18,27,70,unreliable
Hv,Hv01,6,027!,027,612,617,6,33,5,27,57,unreliable
Hv,Hv01,7,011!,011,619,623,26,32,4,6,8,unreliable
Hv,Hv01,8,078y!.308!,078,624,662,5,33,38,28,287,unreliable
Hv,Hv01,9,034!,034,664,684,5,27,20,22,141,unreliable
Hv,Hv01,10,002,002,691,700,6,31,9,25,83,unreliable
Hv,Hv01,11,002,002,705,714,6,31,9,25,87,unreliable
Hv,Hv01,12,380.020by,380,721,745,6,32,24,26,213,unreliable
Hv,Hv01,13,385y,385,749,770,5,33,21,28,164,unreliable
Hv,Hv01,14,215.001,215,773,807,6,33,34,27,255,unreliable
Hv,Hv01,15,381,381,811,833,5,33,22,28,180,unreliable
Hv,Hv01,16,065,065,836,859,6,33,23,27,126,unreliable
Hv,Hv01,17,2)!,2),859,869,7,34,10,27,50,unreliable
Hv,Hv01,18,302y.048,302,869,903,7,34,34,27,259,unreliable
Hv,Hv01,19,200,200,906,927,7,34,21,27,180,unreliable
Hv,Hv01,20,600,600,931,954,7,34,23,27,186,unreliable
Hv,Hv01,21,600,600,956,978,6,33,22,27,175,unreliable
Hv,Hv01,22,027,027,982,999,7,33,17,26,138,unreliable
Hv,Hv01,23,700,700,1002,1012,6,33,10,27,95,unreliable
Hv,Hv01,24,011,011,1016,1022,7,31,6,24,87,unreliable
Hv,Hv01,25,078y.308,078,1026,1070,5,33,44,28,333,unreliable
Hv,Hv01,26,034!,034,1075,1097,7,32,22,25,155,unreliable
Hv,Hv01,27,606s,606,1100,1133,6,34,33,28,240,unreliable
Hv,Hv01,28,044ax,044,1136,1145,7,31,9,24,61,unreliable
Hv,Hv01,29,057,057,1148,1162,7,33,14,26,92,unreliable
Hv,Hv01,30,034!,034,1163,1184,7,31,21,24,155,unreliable
Hv,Hv02,0,600,600,4,26,45,72,22,27,188,reliable
Hv,Hv02,1,280,280,29,48,45,72,19,27,175,reliable
Hv,Hv02,2,600,600,50,96,44,72,46,28,374,reliable
Hv,Hv02,3,034d,034,100,139,45,71,39,26,324,reliable
Hv,Hv02,4,256c,256,143,158,45,71,15,26,120,reliable
Hv,Hv02,5,006.549,006,160,191,44,72,31,28,264,reliable
Hv,Hv02,6,308,308,193,213,45,71,20,26,162,reliable
Hv,Hv02,7,034d,034,216,257,45,72,41,27,290,reliable
Hv,Hv02,8,216s,216,260,276,45,71,16,26,120,reliable
Hv,Hv02,9,093,093,281,305,44,71,24,27,186,reliable
Hv,Hv02,10,446bfs,446,306,327,43,71,21,28,193,reliable
Hv,Hv02,11,600,600,328,348,44,71,20,27,177,reliable
Hv,Hv02,12,034d,034,350,387,44,70,37,26,296,reliable
Hv,Hv02,13,212.065,212,389,418,42,70,29,28,224,reliable
Hv,Hv02,14,322,322,423,429,43,69,6,26,76,reliable
Hv,Hv02,15,044ax,044,434,455,43,69,21,26,180,reliable
Hv,Hv02,16,069b.055a,069,458,479,42,70,21,28,179,reliable
Hv,Hv02,17,382,382,481,502,42,69,21,27,158,reliable
Hv,Hv02,18,421a,421,504,521,42,68,17,26,126,reliable
Hv,Hv02,19,093,093,524,544,42,68,20,26,158,reliable
Hv,Hv02,20,087.062,087,547,586,43,70,39,27,314,reliable
Hv,Hv02,21,205.700.061,205,590,605,43,69,15,26,122,reliable
Hv,Hv02,22,739,739,609,616,42,68,7,26,60,reliable
Hv,Hv02,23,040,040,620,633,42,69,13,27,121,reliable
Hv,Hv02,24,140,140,636,700,42,69,64,27,476,reliable
Hv,Hv02,25,316bs,316,704,721,42,68,17,26,146,reliable
Hv,Hv02,26,301,301,724,740,42,68,16,26,141,reliable
Hv,Hv02,27,004.064a,004,744,767,43,69,23,26,176,reliable
Hv,Hv02,28,004.064a,004,771,788,43,68,17,25,163,reliable
Hv,Hv02,29,209d,209,791,800,44,69,9,25,89,reliable
Hv,Hv02,30,081,081,804,857,43,70,53,27,417,reliable
Hv,Hv02,31,050,050,859,878,45,70,19,25,162,reliable
Hv,Hv02,32,710x.052.240.069h,710,884,922,43,70,38,27,281,reliable
Hv,Hv02,33,034d,034,926,942,43,70,16,27,150,reliable
Hv,Hv02,34,027.280by,027,947,956,43,70,9,27,104,reliable
Hv,Hv02,35,081,081,961,978,43,69,17,26,122,reliable
Hv,Hv02,36,050,050,979,1004,42,69,25,27,138,reliable
Hv,Hv02,37,065!.060a!,065,1006,1047,42,69,41,27,251,reliable
Hv,Hv02,38,734a,734,1051,1074,42,68,23,26,197,reliable
Hv,Hv02,39,067.010,067,1076,1094,42,69,18,27,152,reliable
Hv,Hv02,40,260,260,1100,1121,43,72,21,29,173,reliable
Hv,Hv02,41,067.010,067,1126,1148,44,72,22,28,168,reliable
Hv,Hv02,42,067.010h.107,067,1153,1188,42,72,35,30,237,reliable
Hv,Hv02,43,008,008,1193,1211,43,71,18,28,172,reliable
Hv,Hv02,44,421b,421,1216,1236,43,69,20,26,143,reliable
Hv,Hv03,0,300,300,4,25,83,109,21,26,169,reliable
Hv,Hv03,1,260,260,29,49,83,109,20,26,164,reliable
Hv,Hv03,2,280,280,50,73,83,109,23,26,191,reliable
Hv,Hv03,3,270a,270,77,96,83,108,19,25,149,reliable
Hv,Hv03,4,466a,466,99,135,81,109,36,28,265,reliable
Hv,Hv03,5,466b,466,140,181,81,109,41,28,282,reliable
Hv,Hv03,6,340a,340,182,209,82,109,27,27,205,reliable
Hv,Hv03,7,067,067,211,223,82,109,12,27,100,reliable
Hv,Hv03,8,260,260,226,247,82,108,21,26,188,reliable
Hv,Hv03,9,305s,305,251,275,82,109,24,27,204,reliable
Hv,Hv03,10,081,081,278,294,83,109,16,26,176,reliable
Hv,Hv03,11,420y.052,420,299,325,82,109,26,27,231,reliable
Hv,Hv03,12,002.010,002,329,349,82,109,20,27,180,reliable
Hv,Hv03,13,010y.450.010,010,353,381,81,109,28,28,247,reliable
Hv,Hv03,14,144af,144,383,403,81,109,20,28,166,reliable
Hv,Hv03,15,591,591,406,422,82,108,16,26,141,reliable
Hv,Hv03,16,670,670,425,449,81,108,24,27,191,reliable
Hv,Hv03,17,081,081,451,467,81,107,16,26,162,reliable
Hv,Hv03,18,773b.069.344a,773,470,526,79,107,56,28,410,reliable
Hv,Hv03,19,048f.062,048,529,549,80,106,20,26,157,reliable
Hv,Hv03,20,044ax,044,553,561,80,106,8,26,64,reliable
Hv,Hv03,21,451a,451,565,579,79,108,14,29,105,reliable
Hv,Hv03,22,204.346a,204,584,703,79,108,119,29,880,reliable
Hv,Hv03,23,736a.093,736,704,745,79,107,41,28,329,reliable
Hv,Hv03,24,254c,254,747,805,80,107,58,27,403,reliable
Hv,Hv03,25,200.202s,200,806,823,80,106,17,26,143,reliable
Hv,Hv03,26,522y,522,825,864,79,107,39,28,313,reliable
Hv,Hv03,27,254,254,867,893,81,109,26,28,195,reliable
Hv,Hv03,28,301,301,898,905,81,108,7,27,90,reliable
Hv,Hv03,29,015,015,904,905,85,101,1,16,16,reliable
Hv,Hv03,30,301s,301,910,935,80,109,25,29,217,reliable
Hv,Hv03,31,200.001,200,940,972,80,108,32,28,264,reliable
Hv,Hv03,32,200.063,200,974,1009,80,107,35,27,257,reliable
Hv,Hv03,33,346,346,1008,1044,79,107,36,28,267,reliable
Hv,Hv03,34,215s,215,1047,1081,79,106,34,27,276,reliable
Hv,Hv03,35,001.052,001,1085,1102,79,106,17,27,141,reliable
Hv,Hv03,36,421y,421,1108,1128,80,107,20,27,145,reliable
Hv,Hv03,37,020b.010,020,1133,1150,80,106,17,26,138,reliable
Hv,Hv03,38,021e.010,021,1156,1175,81,108,19,27,179,reliable
Hv,Hv03,39,144f,144,1179,1198,82,108,19,26,141,reliable
Hv,Hv03,40,591,591,1204,1221,81,108,17,27,152,reliable
Hv,Hv03,41,451f,451,1226,1241,80,107,15,27,123,reliable
Hv,Hv03,42,700x,700,1245,1256,80,108,11,28,110,reliable
Hv,Hv03,43,008,008,1261,1279,81,108,18,27,199,reliable
Hv,Hv03,44,069b.048f,069,1284,1314,80,107,30,27,223,reliable
Hv,Hv03,45,073f,073,1318,1328,80,107,10,27,105,reliable
Hv,Hv03,46,073f,073,1333,1344,81,107,11,26,106,reliable
Hv,Hv04,0,200.730a,200,10,46,119,145,36,26,304,reliable
Hv,Hv04,1,736b,736,48,77,119,145,29,26,210,reliable
Hv,Hv04,2,600.209c,600,77,127,117,145,50,28,386,reliable
Hv,Hv04,3,600,600,129,151,118,145,22,27,211,reliable
Hv,Hv04,4,200.560,200,154,198,117,145,44,28,372,reliable
Hv,Hv04,5,200.560.001,200,201,251,116,145,50,29,434,reliable
Hv,Hv04,6,600.532a.070,600,254,317,119,145,63,26,497,reliable
Hv,Hv04,7,600.621.070,600,318,380,119,145,62,26,521,reliable
Hv,Hv04,8,205,205,381,406,118,145,25,27,195,reliable
Hv,Hv04,9,316cs,316,410,444,118,144,34,26,263,reliable
Hv,Hv04,10,081,081,446,462,118,143,16,25,155,reliable
Hv,Hv04,11,420y,420,465,483,117,143,18,26,120,reliable
Hv,Hv04,12,020b.010,020,486,501,117,143,15,26,144,reliable
Hv,Hv04,13,002.062,002,505,522,117,143,17,26,140,reliable
Hv,Hv04,14,144f,144,525,543,119,143,18,24,120,reliable
Hv,Hv04,15,591,591,545,559,118,144,14,26,123,reliable
Hv,Hv04,16,048bf,048,563,574,118,145,11,27,90,reliable
Hv,Hv04,17,700cx,700,577,586,118,145,9,27,92,reliable
Hv,Hv04,18,081,081,589,604,118,145,15,27,165,reliable
Hv,Hv04,19,589,589,607,634,117,144,27,27,177,reliable
Hv,Hv04,20,031c,031,639,655,117,144,16,27,129,reliable
Hv,Hv04,21,571,571,660,673,116,144,13,28,129,reliable
Hv,Hv04,22,385,385,678,700,116,144,22,28,183,reliable
Hv,Hv04,23,216.730,216,703,705,116,144,2,28,8,reliable
Hv,Hv04,24,209dy,209,705,713,116,144,8,28,55,reliable
Hv,Hv04,25,200.451,200,713,782,116,144,69,28,529,reliable
Hv,Hv04,26,084a,084,785,823,119,145,38,26,296,reliable
Hv,Hv04,27,034d,034,826,838,119,145,12,26,105,reliable
Hv,Hv04,28,700,700,841,859,119,145,18,26,148,reliable
Hv,Hv04,29,204y,204,863,873,119,145,10,26,93,reliable
Hv,Hv04,30,755a,755,874,905,119,145,31,26,219,reliable
Hv,Hv04,31,381fy,381,907,926,118,145,19,27,140,reliable
Hv,Hv04,32,755a,755,929,946,118,144,17,26,174,reliable
Hv,Hv04,33,381ay,381,950,966,118,144,16,26,150,reliable
Hv,Hv04,34,755a,755,969,990,118,145,21,27,198,reliable
Hv,Hv04,35,055a.074f,055,995,1011,117,144,16,27,128,reliable
Hv,Hv04,36,205,205,1017,1035,117,144,18,27,160,reliable
Hv,Hv04,37,376a,376,1038,1065,116,143,27,27,209,reliable
Hv,Hv04,38,081,081,1069,1113,117,145,44,28,394,reliable
Hv,Hv04,39,430y,430,1118,1132,117,144,14,27,115,reliable
Hv,Hv04,40,002.010,002,1137,1155,116,145,18,29,183,reliable
Hv,Hv04,41,002.010,002,1161,1180,116,145,19,29,193,reliable
Hv,Hv04,42,144f,144,1182,1199,118,144,17,26,130,reliable
Hv,Hv04,43,026x,026,1203,1220,117,143,17,26,160,reliable
Hv,Hv04,44,006,006,1224,1235,116,144,11,28,102,reliable
Hv,Hv04,45,702x,702,1240,1253,116,143,13,27,125,reliable
Hv,Hv04,46,081,081,1255,1274,116,144,19,28,202,reliable
Hv,Hv04,47,670b,670,1276,1306,116,143,30,27,223,reliable
Hv,Hv04,48,589,589,1305,1329,116,143,24,27,215,reliable
Hv,Hv04,49,073f,073,1334,1344,116,144,10,28,104,reliable
Hv,Hv04,50,073af,073,1349,1357,116,141,8,25,92,reliable
Hv,Hv05,0,069c.450ty,069,3,28,156,183,25,27,187,reliable
Hv,Hv05,1,200.736b,200,30,112,155,182,82,27,584,reliable
Hv,Hv05,2,204,204,115,133,155,181,18,26,177,reliable
Hv,Hv05,3,385,385,139,183,154,182,44,28,359,reliable
Hv,Hv05,4,600.755a,600,189,226,154,181,37,27,266,reliable
Hv,Hv05,5,001.607,001,230,251,155,181,21,26,177,reliable
Hv,Hv05,6,600,600,253,265,155,181,12,26,102,reliable
Hv,Hv05,7,440f?,440,267,294,154,181,27,27,227,reliable
Hv,Hv05,8,737.001,737,299,311,156,182,12,26,101,reliable
Hv,Hv05,9,090j,090,311,356,155,182,45,27,358,reliable
Hv,Hv05,10,230j.081,230,359,377,155,181,18,26,177,reliable
Hv,Hv05,11,002a.010,002,382,402,155,181,20,26,188,reliable
Hv,Hv05,12,002a.063,002,405,414,155,181,9,26,89,reliable
Hv,Hv05,13,002,002,418,426,154,180,8,26,88,reliable
Hv,Hv05,14,724b,724,429,444,154,180,15,26,122,reliable
Hv,Hv05,15,739,739,447,472,154,181,25,27,179,reliable
Hv,Hv05,16,200.048f.010,200,472,490,154,181,18,27,142,reliable
Hv,Hv05,17,191a.048f,191,493,527,153,180,34,27,250,reliable
Hv,Hv05,18,400y,400,531,552,153,180,21,27,169,reliable
Hv,Hv05,19,072,072,557,576,154,181,19,27,163,reliable
Hv,Hv05,20,002,002,579,589,155,183,10,28,96,reliable
Hv,Hv05,21,003a!,003,593,597,164,181,4,17,37,reliable
Hv,Hv05,22,072,072,601,619,155,182,18,27,150,reliable
Hv,Hv05,23,002,002,624,632,154,182,8,28,86,reliable
Hv,Hv05,24,430d,430,637,652,153,181,15,28,119,reliable
Hv,Hv05,25,072,072,655,673,154,181,18,27,166,reliable
Hv,Hv05,26,002,002,677,687,154,181,10,27,98,reliable
Hv,Hv05,27,200,200,690,712,153,181,22,28,190,reliable
Hv,Hv05,28,046,046,717,727,153,182,10,29,110,reliable
Hv,Hv05,29,004,004,732,739,153,180,7,27,72,reliable
Hv,Hv05,30,046,046,744,754,153,182,10,29,106,reliable
Hv,Hv05,31,004.052,004,757,777,153,180,20,27,156,reliable
Hv,Hv05,32,046,046,780,790,153,182,10,29,98,reliable
Hv,Hv05,33,004,004,794,802,154,181,8,27,76,reliable
Hv,Hv05,34,200.050a,200,805,836,153,181,31,28,251,reliable
Hv,Hv05,35,001a,001,840,846,153,181,6,28,63,reliable
Hv,Hv05,36,200.050a,200,851,884,154,183,33,29,274,reliable
Hv,Hv05,37,001.240.050a,001,890,930,154,183,40,29,393,reliable
Hv,Hv05,38,022bf,022,933,941,154,181,8,27,88,reliable
Hv,Hv05,39,200.050a,200,943,975,154,182,32,28,288,reliable
Hv,Hv05,40,022bf,022,978,986,154,180,8,26,75,reliable
Hv,Hv05,41,253ay,253,987,1022,153,182,35,29,300,reliable
Hv,Hv05,42,004,004,1025,1033,153,180,8,27,69,reliable
Hv,Hv05,43,046.711V,046,1036,1066,153,181,30,28,237,reliable
Hv,Hv05,44,540V,540,1067,1088,153,180,21,27,192,reliable
Hv,Hv05,45,046.711V,046,1092,1119,154,182,27,28,252,reliable
Hv,Hv05,46,381y.549t,381,1123,1148,156,183,25,27,187,reliable
Hv,Hv05,47,205s.549t,205,1152,1186,155,183,34,28,254,reliable
Hv,Hv05,48,081,081,1187,1204,156,182,17,26,173,reliable
Hv,Hv05,49,482,482,1208,1239,155,183,31,28,259,reliable
Hv,Hv05,50,002.010,002,1243,1262,155,183,19,28,175,reliable
Hv,Hv05,51,002.010,002,1267,1286,155,183,19,28,181,reliable
Hv,Hv05,52,144f,144,1290,1308,156,182,18,26,152,reliable
Hv,Hv05,53,009c,009,1312,1326,155,182,14,27,109,reliable
Hv,Hv05,54,090fk,090,1331,1343,155,183,12,28,100,reliable
Hv,Hv05,55,702x,702,1346,1359,155,183,13,28,117,reliable
Hv,Hv05,56,008,008,1362,1380,155,181,18,26,170,reliable
Hv,Hv05,57,110!,110,1384,1396,155,176,12,21,74,reliable
Hv,Hv06,0,045f,045,6,15,190,215,9,25,102,reliable
Hv,Hv06,1,069.385y,069,18,50,190,216,32,26,266,reliable
Hv,Hv06,2,200.730,200,51,117,190,217,66,27,615,reliable
Hv,Hv06,3,280,280,122,150,190,218,28,28,245,reliable
Hv,Hv06,4,209b,209,152,173,191,217,21,26,204,reliable
Hv,Hv06,5,280,280,176,196,192,217,20,25,154,reliable
Hv,Hv06,6,144f,144,200,238,191,219,38,28,339,reliable
Hv,Hv06,7,200.063,200,243,252,192,219,9,27,89,reliable
Hv,Hv06,8,002,002,257,272,192,220,15,28,132,reliable
Hv,Hv06,9,009,009,275,285,193,220,10,27,92,reliable
Hv,Hv06,10,065,065,290,313,190,218,23,28,203,reliable
Hv,Hv06,11,086a.078fx,086,316,355,191,219,39,28,320,reliable
Hv,Hv06,12,200.001f,200,359,392,192,220,33,28,304,reliable
Hv,Hv06,13,200.001f,200,399,407,192,220,8,28,91,reliable
Hv,Hv06,14,077b,077,411,451,192,220,40,28,343,reliable
Hv,Hv06,15,344b.078x,344,455,505,192,220,50,28,408,reliable
Hv,Hv06,16,078by,078,509,522,191,220,13,29,142,reliable
Hv,Hv06,17,384.078x.078x,384,529,543,190,219,14,29,195,reliable
Hv,Hv06,18,010y.001,010,550,567,190,218,17,28,183,reliable
Hv,Hv06,19,700.061,700,570,587,190,217,17,27,211,reliable
Hv,Hv06,20,700.010,700,590,607,190,217,17,27,175,reliable
Hv,Hv06,21,008,008,609,628,190,217,19,27,215,reliable
Hv,Hv06,22,022.052,022,632,650,190,218,18,28,208,reliable
Hv,Hv06,23,002a.010,002,652,669,190,216,17,26,151,reliable
Hv,Hv06,24,002a.010,002,676,687,190,219,11,29,121,reliable
Hv,Hv06,25,144f,144,689,713,192,219,24,27,196,reliable
Hv,Hv06,26,700x,700,715,732,191,219,17,28,201,reliable
Hv,Hv06,27,670,670,734,747,191,218,13,27,114,reliable
Hv,Hv06,28,081,081,751,761,191,219,10,28,99,reliable
Hv,Hv06,29,069b,069,766,788,191,218,22,27,237,reliable
Hv,Hv06,30,048af,048,792,822,192,220,30,28,254,reliable
Hv,Hv06,31,020.052,020,823,842,193,220,19,27,165,reliable
Hv,Hv06,32,675b,675,844,864,194,220,20,26,158,reliable
Hv,Hv06,33,004.064a,004,868,887,191,219,19,28,181,reliable
Hv,Hv06,34,004.064a,004,889,925,191,218,36,27,315,reliable
Hv,Hv06,35,001.006,001,929,957,192,219,28,27,232,reliable
Hv,Hv06,36,200.053a,200,958,964,193,217,6,24,72,reliable
Hv,Hv06,37,200.053a,200,968,1003,191,219,35,28,297,reliable
Hv,Hv06,38,200.053a,200,1003,1006,192,218,3,26,41,reliable
Hv,Hv06,39,017,017,1010,1018,191,218,8,27,77,reliable
Hv,Hv06,40,365as,365,1022,1047,191,218,25,27,202,reliable
Hv,Hv06,41,060a,060,1048,1055,193,220,7,27,89,reliable
Hv,Hv06,42,450,450,1058,1068,194,220,10,26,93,reliable
Hv,Hv06,43,209c,209,1074,1095,192,220,21,28,203,reliable
Hv,Hv06,44,030cx,030,1097,1119,193,218,22,25,138,reliable
Hv,Hv06,45,290,290,1121,1143,192,220,22,28,192,reliable
Hv,Hv06,46,254j,254,1144,1184,190,218,40,28,366,reliable
Hv,Hv06,47,046,046,1187,1198,190,219,11,29,136,reliable
Hv,Hv06,48,700,700,1201,1211,190,219,10,29,123,reliable
Hv,Hv06,49,005j,005,1216,1228,190,218,12,28,158,reliable
Hv,Hv06,50,004.064a,004,1232,1249,190,218,17,28,191,reliable
Hv,Hv06,51,737.052x?,737,1252,1290,190,219,38,29,335,reliable
Hv,Hv06,52,464,464,1295,1327,191,220,32,29,209,reliable
Hv,Hv06,53,385,385,1327,1349,191,220,22,29,209,reliable
Hv,Hv06,54,242a,242,1350,1386,192,220,36,28,294,reliable
Hv,Hv07,0,002a,002,5,14,229,255,9,26,116,reliable
Hv,Hv07,1,009,009,18,32,229,255,14,26,136,reliable
Hv,Hv07,2,077b,077,36,44,229,255,8,26,90,reliable
Hv,Hv07,3,570a,570,47,66,229,256,19,27,193,reliable
Hv,Hv07,4,055b,055,69,81,230,255,12,25,107,reliable
Hv,Hv07,5,045,045,83,91,230,255,8,25,87,reliable
Hv,Hv07,6,280,280,94,115,229,256,21,27,222,reliable
Hv,Hv07,7,604s.075,604,118,158,229,256,40,27,375,reliable
Hv,Hv07,8,025af,025,160,169,230,256,9,26,93,reliable
Hv,Hv07,9,280,280,172,194,229,256,22,27,216,reliable
Hv,Hv07,10,604.075,604,198,237,230,256,39,26,313,reliable
Hv,Hv07,11,005j,005,241,276,231,256,35,25,301,reliable
Hv,Hv07,12,280,280,279,371,228,256,92,28,723,reliable
Hv,Hv07,13,605s.009.549t,605,375,404,229,256,29,27,263,reliable
Hv,Hv07,14,466c.048,466,407,451,230,256,44,26,350,reliable
Hv,Hv07,15,044a.099.490x,044,454,463,229,255,9,26,86,reliable
Hv,Hv07,16,048.207o,048,466,475,230,255,9,25,100,reliable
Hv,Hv07,17,048a,048,479,509,229,256,30,27,239,reliable
Hv,Hv07,18,050,050,511,524,233,255,13,22,102,reliable
Hv,Hv07,19,504.003a,504,526,541,229,255,15,26,169,reliable
Hv,Hv07,20,144f,144,546,569,229,255,23,26,212,reliable
Hv,Hv07,21,020.003a,020,573,592,229,255,19,26,146,reliable
Hv,Hv07,22,200,200,601,629,227,253,28,26,249,reliable
Hv,Hv07,23,006x.003a,006,634,659,226,253,25,27,251,reliable
Hv,Hv07,24,180f,180,663,681,228,252,18,24,157,reliable
Hv,Hv07,25,309a,309,683,717,227,255,34,28,319,reliable
Hv,Hv07,26,006.003a,006,719,779,228,254,60,26,511,reliable
Hv,Hv07,27,360a.050,360,782,817,229,255,35,26,337,reliable
Hv,Hv07,28,360.244.711,360,821,832,229,255,11,26,93,reliable
Hv,Hv07,29,226.041,226,836,842,228,255,6,27,73,reliable
Hv,Hv07,30,095dj,095,846,863,229,254,17,25,151,reliable
Hv,Hv07,31,001,001,866,903,228,256,37,28,328,reliable
Hv,Hv07,32,290,290,906,920,228,254,14,26,118,reliable
Hv,Hv07,33,254,254,924,958,228,255,34,27,284,reliable
Hv,Hv07,34,450b,450,960,991,228,255,31,27,224,reliable
Hv,Hv07,35,450b.600,450,993,1003,228,255,10,27,82,reliable
Hv,Hv07,36,461b,461,1005,1033,228,255,28,27,265,reliable
Hv,Hv07,37,074,074,1035,1081,227,254,46,27,373,reliable
Hv,Hv07,38,209,209,1086,1091,236,252,5,16,26,reliable
Hv,Hv07,39,537.280,537,1094,1137,227,256,43,29,354,reliable
Hv,Hv07,40,003x,003,1141,1157,227,256,16,29,188,reliable
Hv,Hv07,41,254,254,1162,1195,226,254,33,28,277,reliable
Hv,Hv07,42,010y.001.244,010,1198,1207,226,254,9,28,84,reliable
Hv,Hv07,43,048a,048,1211,1217,226,255,6,29,98,reliable
Hv,Hv07,44,001,001,1220,1253,226,256,33,30,335,reliable
Hv,Hv07,45,370a.093h,370,1259,1268,227,255,9,28,89,reliable
Hv,Hv07,46,002,002,1274,1280,227,255,6,28,83,reliable
Hv,Hv07,47,001.244,001,1281,1318,227,256,37,29,338,reliable
Hv,Hv07,48,004,004,1322,1329,228,256,7,28,85,reliable
Hv,Hv07,49,279?.074,279,1331,1366,227,254,35,27,256,reliable
Hv,Hv07,50,279?.290,279,1369,1413,228,256,44,28,347,reliable
Hv,Hv08,0,079,079,7,20,264,292,13,28,131,reliable
Hv,Hv08,1,001.600,001,23,52,264,291,29,27,323,reliable
Hv,Hv08,2,002a.010,002,55,72,264,291,17,27,214,reliable
Hv,Hv08,3,254,254,74,108,264,292,34,28,351,reliable
Hv,Hv08,4,079,079,111,122,264,292,11,28,138,reliable
Hv,Hv08,5,001.600,001,127,158,264,292,31,28,318,reliable
Hv,Hv08,6,093f,093,162,178,267,292,16,25,131,reliable
Hv,Hv08,7,002a.010,002,182,199,266,292,17,26,183,reliable
Hv,Hv08,8,256,256,201,239,266,293,38,27,365,reliable
Hv,Hv08,9,004,004,244,251,266,293,7,27,97,reliable
Hv,Hv08,10,004,004,255,262,266,293,7,27,96,reliable
Hv,Hv08,11,079,079,266,277,266,294,11,28,119,reliable
Hv,Hv08,12,001.600,001,281,311,265,293,30,28,248,reliable
Hv,Hv08,13,379.061h,379,314,334,265,294,20,29,203,reliable
Hv,Hv08,14,020b.010,020,339,380,265,294,41,29,309,reliable
Hv,Hv08,15,2)!,2),382,389,267,293,7,26,83,reliable
Hv,Hv08,16,001a,001,392,404,265,293,12,28,90,reliable
Hv,Hv08,17,450,450,406,426,266,293,20,27,165,reliable
Hv,Hv08,18,126,126,428,441,265,292,13,27,84,reliable
Hv,Hv08,19,450,450,445,454,266,292,9,26,102,reliable
Hv,Hv08,20,002a,002,457,477,265,293,20,28,173,reliable
Hv,Hv08,21,300,300,480,491,266,292,11,26,73,reliable
Hv,Hv08,22,067,067,495,504,265,293,9,28,96,reliable
Hv,Hv08,23,700f,700,507,517,266,293,10,27,95,reliable
Hv,Hv08,24,700f,700,520,534,266,293,14,27,116,reliable
Hv,Hv08,25,084,084,537,543,267,293,6,26,66,reliable
Hv,Hv08,26,001,001,547,562,267,294,15,27,130,reliable
Hv,Hv08,27,084,084,566,596,264,291,30,27,224,reliable
Hv,Hv08,28,306s,306,596,632,265,291,36,26,267,reliable
Hv,Hv08,29,294a.074,294,634,677,265,292,43,27,346,reliable
Hv,Hv08,30,256a,256,679,700,265,291,21,26,197,reliable
Hv,Hv08,31,600,600,704,725,266,292,21,26,197,reliable
Hv,Hv08,32,280,280,730,741,267,292,11,25,95,reliable
Hv,Hv08,33,006,006,743,787,266,293,44,27,330,reliable
Hv,Hv08,34,683,683,789,801,268,293,12,25,81,reliable
Hv,Hv08,35,006,006,805,820,268,293,15,25,117,reliable
Hv,Hv08,36,027,027,823,827,270,293,4,23,35,reliable
Hv,Hv08,37,006,006,826,834,268,293,8,25,54,reliable
Hv,Hv08,38,027,027,839,852,267,293,13,26,116,reliable
Hv,Hv08,39,330.330.002a,330,855,913,267,294,58,27,428,reliable
Hv,Hv08,40,230.450,230,919,956,268,294,37,26,284,reliable
Hv,Hv08,41,230,230,958,981,267,294,23,27,198,reliable
Hv,Hv08,42,381y,381,982,1005,267,293,23,26,183,reliable
Hv,Hv08,43,030a,030,1008,1031,268,294,23,26,142,reliable
Hv,Hv08,44,235a,235,1035,1057,267,294,22,27,182,reliable
Hv,Hv08,45,010.700.061a,010,1063,1090,265,292,27,27,232,reliable
Hv,Hv08,46,061y.050,061,1094,1115,265,293,21,28,198,reliable
Hv,Hv08,47,061y.380a,061,1119,1152,265,293,33,28,280,reliable
Hv,Hv08,48,061tx.062y.001,061,1157,1173,265,293,16,28,200,reliable
Hv,Hv08,49,034d,034,1175,1197,266,293,22,27,212,reliable
Hv,Hv08,50,335,335,1201,1226,265,294,25,29,206,reliable
Hv,Hv08,51,290,290,1230,1253,266,293,23,27,185,reliable
Hv,Hv08,52,254,254,1256,1301,266,294,45,28,355,reliable
Hv,Hv08,53,200.093,200,1302,1345,267,294,43,27,368,reliable
Hv,Hv08,54,600,600,1350,1373,267,294,23,27,196,reliable
Hv,Hv09,0,290,290,3,24,302,330,21,28,174,reliable
Hv,Hv09,1,280,280,27,49,303,331,22,28,212,reliable
Hv,Hv09,2,093,093,53,73,303,331,20,28,163,reliable
Hv,Hv09,3,608,608,74,110,300,329,36,29,273,reliable
Hv,Hv09,4,022,022,112,120,301,328,8,27,74,reliable
Hv,Hv09,5,050,050,125,135,301,328,10,27,118,reliable
Hv,Hv09,6,430b,430,137,153,301,329,16,28,129,reliable
Hv,Hv09,7,022,022,154,161,301,329,7,28,70,reliable
Hv,Hv09,8,608,608,164,191,301,329,27,28,228,reliable
Hv,Hv09,9,430c,430,194,211,302,330,17,28,150,reliable
Hv,Hv09,10,022,022,215,222,302,329,7,27,71,reliable
Hv,Hv09,11,200.060x,200,227,261,301,329,34,28,310,reliable
Hv,Hv09,12,235y,235,267,293,302,330,26,28,221,reliable
Hv,Hv09,13,120,120,295,305,302,328,10,26,59,reliable
Hv,Hv09,14,120y,120,309,319,302,328,10,26,61,reliable
Hv,Hv09,15,005j,005,322,335,303,328,13,25,110,reliable
Hv,Hv09,16,011.010,011,339,355,302,330,16,28,177,reliable
Hv,Hv09,17,070,070,358,372,303,330,14,27,138,reliable
Hv,Hv09,18,066,066,376,387,303,331,11,28,86,reliable
Hv,Hv09,19,600,600,390,411,302,330,21,28,204,reliable
Hv,Hv09,20,670,670,415,441,301,329,26,28,188,reliable
Hv,Hv09,21,011.010,011,445,461,302,330,16,28,196,reliable
Hv,Hv09,22,790af,790,465,484,303,331,19,28,151,reliable
Hv,Hv09,23,001,001,488,494,303,328,6,25,60,reliable
Hv,Hv09,24,790af,790,497,515,302,329,18,27,128,reliable
Hv,Hv09,25,001,001,517,523,300,328,6,28,56,reliable
Hv,Hv09,26,040a,040,527,534,302,328,7,26,61,reliable
Hv,Hv09,27,048a,048,541,549,301,328,8,27,78,reliable
Hv,Hv09,28,005j,005,555,567,301,328,12,27,125,reliable
Hv,Hv09,29,011.010,011,572,585,300,329,13,29,174,reliable
Hv,Hv09,30,022bfy,022,593,602,300,327,9,27,83,reliable
Hv,Hv09,31,022bfy,022,608,616,300,328,8,28,83,reliable
Hv,Hv09,32,011.010,011,624,640,300,329,16,29,170,reliable
Hv,Hv09,33,301,301,646,671,300,329,25,29,222,reliable
Hv,Hv09,34,048a,048,676,683,300,329,7,29,84,reliable
Hv,Hv09,35,017,017,687,695,300,330,8,30,82,reliable
Hv,Hv09,36,048a,048,699,708,300,329,9,29,88,reliable
Hv,Hv09,37,019,019,714,722,300,329,8,29,115,reliable
Hv,Hv09,38,011.010,011,729,744,300,329,15,29,175,reliable
Hv,Hv09,39,381y!,381,750,770,302,330,20,28,177,reliable
Hv,Hv09,40,381,381,774,795,301,330,21,29,187,reliable
Hv,Hv09,41,309,309,796,822,302,330,26,28,201,reliable
Hv,Hv09,42,054a,054,828,841,304,329,13,25,96,reliable
Hv,Hv09,43,381,381,846,866,302,331,20,29,181,reliable
Hv,Hv09,44,068ay,068,871,884,303,329,13,26,104,reliable
Hv,Hv09,45,381,381,889,911,302,331,22,29,203,reliable
Hv,Hv09,46,600,600,915,938,302,331,23,29,209,reliable
Hv,Hv09,47,011.010,011,943,960,303,331,17,28,191,reliable
Hv,Hv09,48,048a,048,963,972,302,331,9,29,87,reliable
Hv,Hv09,49,021af,021,976,987,303,329,11,26,84,reliable
Hv,Hv09,50,011.010,011,993,1009,302,331,16,29,216,reliable
Hv,Hv09,51,230y,230,1011,1033,301,331,22,30,180,reliable
Hv,Hv09,52,324.711:711t,324,1039,1073,300,328,34,28,271,reliable
Hv,Hv09,53,034d,034,1077,1099,300,328,22,28,212,reliable
Hv,Hv09,54,046,046,1103,1114,300,329,11,29,134,reliable
Hv,Hv09,55,007,007,1117,1133,300,329,16,29,160,reliable
Hv,Hv09,56,001a,001,1139,1147,301,329,8,28,110,reliable
Hv,Hv09,57,600,600,1151,1173,301,330,22,29,229,reliable
Hv,Hv09,58,205y.571,205,1177,1221,301,330,44,29,396,reliable
Hv,Hv09,59,084a,084,1226,1240,303,330,14,27,133,reliable
Hv,Hv09,60,200.571,200,1243,1282,302,331,39,29,366,reliable
Hv,Hv09,61,084a,084,1288,1301,303,330,13,27,119,reliable
Hv,Hv09,62,730.069h,730,1304,1334,303,331,30,28,247,reliable
Hv,Hv09,63,084a,084,1338,1352,306,331,14,25,107,reliable
Hv,Hv09,64,200.000!,200,1356,1401,303,331,45,28,293,reliable
Hv,Hv10,0,001!,001,7,10,344,358,3,14,25,reliable
Hv,Hv10,1,065,065,11,13,345,357,2,12,18,reliable
Hv,Hv10,2,073f,073,16,25,340,363,9,23,82,reliable
Hv,Hv10,3,090f,090,30,37,339,364,7,25,91,reliable
Hv,Hv10,4,005j,005,42,58,339,365,16,26,135,reliable
Hv,Hv10,5,571.010,571,61,74,340,365,13,25,107,reliable
Hv,Hv10,6,002a.069,002,78,98,340,367,20,27,191,reliable
Hv,Hv10,7,739,739,103,125,340,366,22,26,195,reliable
Hv,Hv10,8,022bfy,022,127,142,340,365,15,25,129,reliable
Hv,Hv10,9,022bfy,022,146,154,341,366,8,25,82,reliable
Hv,Hv10,10,022bfy,022,159,167,341,367,8,26,86,reliable
Hv,Hv10,11,600,600,174,181,340,366,7,26,78,reliable
Hv,Hv10,12,072b,072,186,207,340,368,21,28,210,reliable
Hv,Hv10,13,002a,002,209,227,341,368,18,27,152,reliable
Hv,Hv10,14,002a,002,232,241,341,367,9,26,93,reliable
Hv,Hv10,15,505,505,245,254,341,366,9,25,102,reliable
Hv,Hv10,16,500,500,257,281,341,368,24,27,184,reliable
Hv,Hv10,17,116b,116,285,304,341,367,19,26,152,reliable
Hv,Hv10,18,400,400,309,322,342,368,13,26,97,reliable
Hv,Hv10,19,116a,116,324,358,342,368,34,26,242,reliable
Hv,Hv10,20,400a,400,363,379,342,368,16,26,130,reliable
Hv,Hv10,21,200.044ax,200,385,417,342,368,32,26,266,reliable
Hv,Hv10,22,067,067,423,434,342,368,11,26,91,reliable
Hv,Hv10,23,375a,375,439,465,341,368,26,27,219,reliable
Hv,Hv10,24,041,041,469,488,342,367,19,25,124,reliable
Hv,Hv10,25,041,041,490,498,340,366,8,26,60,reliable
Hv,Hv10,26,040,040,499,506,340,366,7,26,58,reliable
Hv,Hv10,27,040,040,510,528,339,364,18,25,140,reliable
Hv,Hv10,28,630c.076,630,532,539,340,365,7,25,60,reliable
Hv,Hv10,29,117a,117,544,559,338,365,15,27,107,reliable
Hv,Hv10,30,430b,430,562,570,338,366,8,28,74,reliable
Hv,Hv10,31,025af,025,574,581,338,364,7,26,67,reliable
Hv,Hv10,32,022,022,589,596,338,365,7,27,67,reliable
Hv,Hv10,33,045a,045,600,607,338,364,7,26,67,reliable
Hv,Hv10,34,022,022,614,622,338,365,8,27,92,reliable
Hv,Hv10,35,002a,002,626,632,338,365,6,27,54,reliable
Hv,Hv10,36,022,022,637,645,339,365,8,26,68,reliable
Hv,Hv10,37,050a,050,649,664,338,365,15,27,146,reliable
Hv,Hv10,38,007,007,671,689,340,364,18,24,125,reliable
Hv,Hv10,39,144f,144,692,719,338,367,27,29,211,reliable
Hv,Hv10,40,733a,733,721,758,338,366,37,28,291,reliable
Hv,Hv10,41,384.074f,384,762,790,339,367,28,28,222,reliable
Hv,Hv10,42,224,224,795,825,340,367,30,27,262,reliable
Hv,Hv10,43,600.078x,600,827,847,341,368,20,27,155,reliable
Hv,Hv10,44,381y,381,852,871,340,368,19,28,166,reliable
Hv,Hv10,45,381.078x,381,871,883,341,367,12,26,88,reliable
Hv,Hv10,46,729,729,890,924,341,368,34,27,227,reliable
Hv,Hv10,47,381,381,926,947,341,368,21,27,181,reliable
Hv,Hv10,48,007,007,949,965,341,368,16,27,145,reliable
Hv,Hv10,49,200.077c,200,969,1002,341,368,33,27,286,reliable
Hv,Hv10,50,005j,005,1005,1018,341,367,13,26,129,reliable
Hv,Hv10,51,117cy,117,1018,1032,339,368,14,29,116,reliable
Hv,Hv10,52,559,559,1032,1059,339,368,27,29,156,reliable
Hv,Hv10,53,117c,117,1059,1069,338,365,10,27,88,reliable
Hv,Hv10,54,739,739,1073,1085,339,366,12,27,107,reliable
Hv,Hv10,55,117cy.061,117,1088,1108,339,366,20,27,181,reliable
Hv,Hv10,56,522y,522,1110,1126,339,366,16,27,148,reliable
Hv,Hv10,57,117cy.061,117,1131,1152,338,365,21,27,192,reliable
Hv,Hv10,58,132.074af,132,1159,1178,339,366,19,27,157,reliable
Hv,Hv10,59,207,207,1183,1212,339,367,29,28,246,reliable
Hv,Hv10,60,117c!,117,1215,1228,340,366,13,26,105,reliable
Hv,Hv10,61,022bfy,022,1233,1241,340,366,8,26,94,reliable
Hv,Hv10,62,117c,117,1246,1258,340,368,12,28,116,reliable
Hv,Hv10,63,029,029,1262,1275,339,367,13,28,145,reliable
Hv,Hv10,64,027,027,1278,1293,340,367,15,27,141,reliable
Hv,Hv10,65,029.061,029,1296,1321,340,368,25,28,255,reliable
Hv,Hv10,66,022bf,022,1325,1335,341,368,10,27,92,reliable
Hv,Hv11,0,2)!,2),6,22,376,403,16,27,73,reliable
Hv,Hv11,1,022bf,022,25,33,376,402,8,26,53,reliable
Hv,Hv11,2,054b,054,41,53,379,402,12,23,63,reliable
Hv,Hv11,3,215js,215,59,92,375,403,33,28,175,reliable
Hv,Hv11,4,260.001,260,95,124,375,402,29,27,193,reliable
Hv,Hv11,5,204s,204,129,162,375,404,33,29,216,reliable
Hv,Hv11,6,290a,290,164,187,376,404,23,28,170,reliable
Hv,Hv11,7,260.001d,260,191,223,376,404,32,28,208,reliable
Hv,Hv11,8,098,098,225,241,376,403,16,27,97,reliable
Hv,Hv11,9,007,007,244,258,376,403,14,27,113,reliable
Hv,Hv11,10,360.001d,360,265,293,376,403,28,27,200,reliable
Hv,Hv11,11,007,007,299,315,376,404,16,28,139,reliable
Hv,Hv11,12,600,600,320,342,376,404,22,28,166,reliable
Hv,Hv11,13,007,007,345,362,376,404,17,28,134,reliable
Hv,Hv11,14,040,040,364,373,377,403,9,26,70,reliable
Hv,Hv11,15,700,700,376,386,377,404,10,27,72,reliable
Hv,Hv11,16,093,093,390,409,376,404,19,28,141,reliable
Hv,Hv11,17,022,022,412,418,376,403,6,27,55,reliable
Hv,Hv11,18,093,093,423,439,376,404,16,28,106,reliable
Hv,Hv11,19,081,081,443,460,376,403,17,27,135,reliable
Hv,Hv11,20,068ay,068,466,479,377,401,13,24,84,reliable
Hv,Hv11,21,030dx.068ay,030,482,504,379,404,22,25,105,reliable
Hv,Hv11,22,035c:043t,035,508,521,376,402,13,26,90,reliable
Hv,Hv11,23,068ay,068,523,541,378,404,18,26,107,reliable
Hv,Hv11,24,144f,144,546,559,375,401,13,26,95,reliable
Hv,Hv11,25,068b,068,565,583,376,401,18,25,98,reliable
Hv,Hv11,26,059:005,059,589,601,377,403,12,26,96,reliable
Hv,Hv11,27,010.067,010,603,623,375,402,20,27,124,reliable
Hv,Hv11,28,010.067,010,627,645,375,402,18,27,130,reliable
Hv,Hv11,29,062y.067,062,652,670,376,402,18,26,133,reliable
Hv,Hv11,30,022bf,022,675,697,376,402,22,26,149,reliable
Hv,Hv11,31,022bf,022,701,708,376,401,7,25,64,reliable
Hv,Hv11,32,607o,607,714,721,376,402,7,26,66,reliable
Hv,Hv11,33,607,607,725,756,376,403,31,27,236,reliable
Hv,Hv11,34,001,001,761,788,376,404,27,28,208,reliable
Hv,Hv11,35,605as,605,791,798,376,403,7,27,63,reliable
Hv,Hv11,36,605as,605,802,831,376,403,29,27,227,reliable
Hv,Hv11,37,073.064a,073,832,859,376,402,27,26,217,reliable
Hv,Hv11,38,048f:042,048,863,883,377,403,20,26,136,reliable
Hv,Hv11,39,011b;042,011,885,898,377,403,13,26,103,reliable
Hv,Hv11,40,041.074bf,041,903,916,376,403,13,27,90,reliable
Hv,Hv11,41,040.062,040,920,940,375,402,20,27,138,reliable
Hv,Hv11,42,040,040,944,962,375,404,18,29,141,reliable
Hv,Hv11,43,700.009,700,966,974,375,403,8,28,53,reliable
Hv,Hv11,44,602,602,977,1037,375,403,60,28,385,reliable
Hv,Hv11,45,074y,074,1037,1047,376,403,10,27,65,reliable
Hv,Hv11,46,774,774,1051,1071,376,402,20,26,147,reliable
Hv,Hv11,47,004.090ft,004,1076,1098,376,403,22,27,151,reliable
Hv,Hv11,48,430d,430,1104,1123,375,401,19,26,109,reliable
Hv,Hv11,49,260.036,260,1128,1167,376,404,39,28,296,reliable
Hv,Hv11,50,204.074af,204,1169,1210,375,404,41,29,334,reliable
Hv,Hv11,51,470;050bt,470,1215,1245,377,404,30,27,203,reliable
Hv,Hv11,52,050.061,050,1251,1271,377,404,20,27,169,reliable
Hv,Hv11,53,003x!,003,1278,1282,381,389,4,8,9,reliable
Hv,Hv12,0,004.064a,004,7,26,414,441,19,27,125,unreliable
Hv,Hv12,1,050,050,29,38,414,441,9,27,87,unreliable
Hv,Hv12,2,700,700,42,51,414,441,9,27,73,unreliable
Hv,Hv12,3,064.074f,064,54,77,414,438,23,24,129,unreliable
Hv,Hv12,4,004.064a,004,81,98,414,440,17,26,107,unreliable
Hv,Hv12,5,005j,005,103,116,414,439,13,25,84,unreliable
Hv,Hv12,6,670,670,118,146,414,441,28,27,179,unreliable
Hv,Hv12,7,004.064a,004,149,166,414,441,17,27,142,unreliable
Hv,Hv12,8,670,670,170,200,415,441,30,26,174,unreliable
Hv,Hv12,9,004.064a,004,204,222,414,441,18,27,153,unreliable
Hv,Hv12,10,578.028,578,226,275,414,441,49,27,351,unreliable
Hv,Hv12,11,760!,760,280,311,415,441,31,26,199,unreliable
Hv,Hv12,12,002,002,314,322,415,441,8,26,85,unreliable
Hv,Hv12,13,760,760,324,353,415,441,29,26,218,unreliable
Hv,Hv12,14,005j,005,357,371,415,441,14,26,116,unreliable
Hv,Hv12,15,020,020,376,386,415,441,10,26,98,unreliable
Hv,Hv12,16,003a!,003,391,394,419,435,3,16,24,unreliable
Hv,Hv12,17,020!,020,399,409,415,437,10,22,78,unreliable
Hv,Hv12,18,003a!,003,415,419,418,437,4,19,28,unreliable
Hv,Hv12,19,017,017,423,432,414,440,9,26,68,unreliable
Hv,Hv12,20,073.064a,073,435,454,414,440,19,26,152,unreliable
Hv,Hv12,21,017.009,017,458,482,414,441,24,27,170,unreliable
Hv,Hv12,22,670,670,483,510,414,441,27,27,162,unreliable
Hv,Hv12,23,053ay,053,512,523,414,440,11,26,88,unreliable
Hv,Hv12,24,208.001,208,526,558,414,440,32,26,232,unreliable
Hv,Hv12,25,001.003a,001,563,578,414,441,15,27,91,unreliable
Hv,Hv12,26,007,007,582,596,414,441,14,27,99,unreliable
Hv,Hv12,27,067,067,602,614,414,440,12,26,72,unreliable
Hv,Hv12,28,022bfy,022,619,627,414,439,8,25,55,unreliable
Hv,Hv12,29,004!,004,634,635,426,431,1,5,5,unreliable
Hv,Hv12,30,254.071d,254,638,640,419,433,2,14,16,unreliable
Hv,Hv12,31,027,027,643,690,414,441,47,27,349,unreliable
Hv,Hv12,32,077,077,698,713,414,440,15,26,90,unreliable
Hv,Hv12,33,034!,034,717,726,414,438,9,24,57,unreliable
Hv,Hv12,34,004,004,727,750,414,437,23,23,142,unreliable
Hv,Hv12,35,522y,522,756,762,414,440,6,26,66,unreliable
Hv,Hv12,36,700,700,766,784,414,440,18,26,150,unreliable
Hv,Hv12,37,600,600,788,796,415,439,8,24,68,unreliable
Hv,Hv12,38,059f,059,803,826,414,440,23,26,188,unreliable
Hv,Hv12,39,220.004.064a,220,833,851,415,440,18,25,146,unreliable
Hv,Hv12,40,220.132,220,856,904,415,441,48,26,376,unreliable
Hv,Hv12,41,144f,144,908,944,415,441,36,26,263,unreliable
Hv,Hv12,42,004,004,949,970,416,440,21,24,132,unreliable
Hv,Hv12,43,095dfj,095,975,983,414,440,8,26,71,unreliable
Hv,Hv12,44,450,450,986,1007,414,440,21,26,146,unreliable
Hv,Hv12,45,033dx,033,1011,1023,414,440,12,26,96,unreliable
Hv,Hv12,46,204s,204,1026,1035,419,439,9,20,50,unreliable
Hv,Hv12,47,064.090j,064,1040,1072,414,440,32,26,232,unreliable
Hv,Hv12,48,002a!,002,1075,1099,414,439,24,25,170,unreliable
Hv,Hv12,49,022bfy,022,1106,1114,414,432,8,18,47,unreliable
Hv,Hv12,50,068!,068,1121,1129,414,439,8,25,57,unreliable
Hv,Hv12,51,022bfy!,022,1134,1146,414,440,12,26,57,unreliable
Hv,Hv12,52,2)!,2),1150,1179,414,440,29,26,133,unreliable
I,Ia01,0,602s?,602,7,43,10,37,36,27,253,reliable
I,Ia01,1,090.076,090,48,66,10,37,18,27,184,reliable
I,Ia01,2,012.076,012,67,90,11,38,23,27,244,reliable
I,Ia01,3,606?,606,91,134,10,38,43,28,301,reliable
I,Ia01,4,064.700.071,064,135,178,10,39,43,29,432,reliable
I,Ia01,5,600,600,182,200,10,37,18,27,197,reliable
I,Ia01,6,022f.076,022,202,219,11,37,17,26,142,reliable
I,Ia01,7,093?,093,221,229,10,38,8,28,93,reliable
I,Ia01,8,045,045,233,252,11,37,19,26,180,reliable
I,Ia01,9,090.076,090,256,273,11,38,17,27,179,reliable
I,Ia01,10,175,175,280,288,11,38,8,27,97,reliable
I,Ia01,11,002,002,293,302,11,38,9,27,107,reliable
I,Ia01,12,002,002,306,321,10,36,15,26,184,reliable
I,Ia01,13,002,002,323,354,10,37,31,27,271,reliable
I,Ia01,14,020.010,020,355,373,11,37,18,26,161,reliable
I,Ia01,15,522f.076,522,376,386,10,37,10,27,89,reliable
I,Ia01,16,027V,027,390,408,10,38,18,28,164,reliable
I,Ia01,17,048,048,413,428,10,37,15,27,137,reliable
I,Ia01,18,090.076,090,432,453,10,37,21,27,168,reliable
I,Ia01,19,755,755,456,489,10,37,33,27,272,reliable
I,Ia01,20,509a,509,491,520,10,39,29,29,221,reliable
I,Ia01,21,604.076,604,522,531,11,38,9,27,83,reliable
I,Ia01,22,022h,022,533,541,12,39,8,27,77,reliable
I,Ia01,23,532a,532,545,571,11,39,26,28,279,reliable
I,Ia01,24,700,700,576,620,10,36,44,26,372,reliable
I,Ia01,25,076,076,621,626,10,36,5,26,31,reliable
I,Ia01,26,320.071,320,627,647,10,37,20,27,134,reliable
I,Ia01,27,308.006,308,649,658,11,36,9,25,54,reliable
I,Ia01,28,022h?,022,663,678,10,37,15,27,186,reliable
I,Ia01,29,697,697,679,701,10,37,22,27,194,reliable
I,Ia01,30,022h?,022,705,713,10,36,8,26,74,reliable
I,Ia01,31,020.010,020,718,730,10,37,12,27,130,reliable
I,Ia01,32,200,200,735,745,10,36,10,26,79,reliable
I,Ia01,33,076,076,748,764,10,38,16,28,170,reliable
I,Ia01,34,072?,072,767,793,10,37,26,27,259,reliable
I,Ia01,35,090,090,796,820,10,37,24,27,208,reliable
I,Ia01,36,128,128,822,853,10,37,31,27,302,reliable
I,Ia01,37,021t,021,857,864,11,36,7,25,90,reliable
I,Ia01,38,532,532,868,893,12,39,25,27,247,reliable
I,Ia01,39,698,698,898,916,12,39,18,27,160,reliable
I,Ia01,40,298.076,298,919,943,12,39,24,27,187,reliable
I,Ia01,41,023,023,947,962,12,39,15,27,145,reliable
I,Ia01,42,380.380y,380,967,969,14,37,2,23,30,reliable
I,Ia01,43,090.076,090,971,998,11,39,27,28,274,reliable
I,Ia01,44,470?,470,1001,1028,10,38,27,28,267,reliable
I,Ia01,45,700t?,700,1032,1041,13,38,9,25,91,reliable
I,Ia01,46,071,071,1044,1067,12,38,23,26,166,reliable
I,Ia01,47,604.076,604,1073,1097,12,39,24,27,224,reliable
I,Ia01,48,460y,460,1102,1120,12,39,18,27,148,reliable
I,Ia01,49,050,050,1123,1146,11,39,23,28,198,reliable
I,Ia01,50,498,498,1151,1174,10,38,23,28,198,reliable
I,Ia01,51,027.076,027,1176,1200,10,38,24,28,200,reliable
I,Ia01,52,093,093,1203,1209,11,37,6,26,89,reliable
I,Ia01,53,726,726,1214,1232,10,38,18,28,154,reliable
I,Ia01,54,087.076,087,1237,1259,10,39,22,29,204,reliable
I,Ia01,55,011,011,1263,1275,10,37,12,27,131,reliable
I,Ia01,56,099,099,1278,1291,10,38,13,28,131,reliable
I,Ia01,57,571.076,571,1294,1305,10,37,11,27,128,reliable
I,Ia01,58,070,070,1309,1318,10,37,9,27,88,reliable
I,Ia01,59,449,449,1321,1335,10,38,14,28,136,reliable
I,Ia01,60,449,449,1338,1357,10,38,19,28,164,reliable
I,Ia01,61,076,076,1362,1372,10,37,10,27,88,reliable
I,Ia01,62,027,027,1376,1389,10,38,13,28,130,reliable
I,Ia01,63,200,200,1393,1402,10,38,9,28,90,reliable
I,Ia01,64,076,076,1404,1436,10,37,32,27,308,reliable
I,Ia01,65,071,071,1438,1460,10,38,22,28,211,reliable
I,Ia01,66,090,090,1461,1479,11,38,18,27,175,reliable
I,Ia01,67,606.076,606,1483,1500,11,38,17,27,177,reliable
I,Ia01,68,600,600,1504,1510,11,38,6,27,99,reliable
I,Ia01,69,071,071,1513,1530,11,38,17,27,138,reliable
I,Ia01,70,001V.076,001,1533,1546,10,37,13,27,113,reliable
I,Ia01,71,011,011,1550,1559,10,36,9,26,83,reliable
I,Ia01,72,090.076,090,1562,1573,10,38,11,28,88,reliable
I,Ia01,73,430,430,1576,1603,10,37,27,27,219,reliable
I,Ia01,74,076,076,1607,1613,10,38,6,28,69,reliable
I,Ia01,75,090,090,1614,1617,27,37,3,10,18,reliable
I,Ia01,76,071.065.076,071,1617,1634,10,39,17,29,152,reliable
I,Ia01,77,011,011,1641,1661,10,38,20,28,216,reliable
I,Ia01,78,600V,600,1661,1676,11,37,15,26,113,reliable
I,Ia01,79,046.076,046,1679,1688,12,37,9,25,95,reliable
I,Ia01,80,089,089,1692,1694,12,38,2,26,28,reliable
I,Ia01,81,002,002,1697,1725,11,39,28,28,253,reliable
I,Ia01,82,390.076,390,1727,1749,11,36,22,25,179,reliable
I,Ia01,83,532a,532,1750,1773,11,36,23,25,164,reliable
I,Ia01,84,205,205,1774,1804,11,37,30,26,273,reliable
I,Ia01,85,320.009.076,320,1807,1827,11,37,20,26,192,reliable
I,Ia01,86,600,600,1829,1835,11,36,6,25,88,reliable
I,Ia01,87,011,011,1837,1862,10,38,25,28,252,reliable
I,Ia01,88,386.076,386,1865,1871,11,36,6,25,84,reliable
I,Ia01,89,011,011,1873,1898,10,37,25,27,226,reliable
I,Ia01,90,300.071,300,1900,1924,12,38,24,26,237,reliable
I,Ia01,91,027V.076,027,1927,1945,12,38,18,26,158,reliable
I,Ia01,92,093,093,1949,1959,12,38,10,26,97,reliable
I,Ia01,93,090,090,1961,1985,11,38,24,27,200,reliable
I,Ia01,94,430.076,430,1987,1997,13,37,10,24,91,reliable
I,Ia01,95,006,006,1999,2008,15,38,9,23,69,reliable
I,Ia01,96,076,076,2012,2022,12,38,10,26,85,reliable
I,Ia01,97,011,011,2025,2032,13,39,7,26,98,reliable
I,Ia01,98,430,430,2034,2047,12,39,13,27,118,reliable
I,Ia01,99,028.076,028,2051,2075,12,39,24,27,223,reliable
I,Ia01,100,011,011,2079,2085,13,38,6,25,93,reliable
I,Ia01,101,076,076,2089,2097,12,39,8,27,69,reliable
I,Ia01,102,295s.076,295,2100,2123,12,38,23,26,190,reliable
I,Ia01,103,070,070,2124,2137,12,37,13,25,129,reliable
I,Ia01,104,560,560,2139,2156,12,37,17,25,137,reliable
I,Ia01,105,072.076,072,2156,2175,12,38,19,26,180,reliable
I,Ia01,106,010.044f,010,2181,2198,12,37,17,25,159,reliable
I,Ia01,107,027,027,2202,2216,12,37,14,25,116,reliable
I,Ia01,108,604?.076,604,2216,2249,12,37,33,25,273,reliable
I,Ia01,109,600,600,2251,2272,12,37,21,25,183,reliable
I,Ia01,110,090,090,2274,2285,12,38,11,26,79,reliable
I,Ia01,111,294.076,294,2285,2313,12,38,28,26,258,reliable
I,Ia01,112,430,430,2316,2333,13,38,17,25,131,reliable
I,Ia01,113,522V,522,2337,2359,13,37,22,24,185,reliable
I,Ia01,114,633.062.076?,633,2360,2388,13,39,28,26,261,reliable
I,Ia01,115,530,530,2390,2415,13,38,25,25,223,reliable
I,Ia01,116,090,090,2415,2431,13,38,16,25,108,reliable
I,Ia01,117,700.076,700,2433,2453,13,39,20,26,171,reliable
I,Ia01,118,071,071,2454,2470,14,39,16,25,129,reliable
I,Ia01,119,700,700,2472,2481,14,38,9,24,102,reliable
I,Ia01,120,076,076,2485,2493,13,38,8,25,65,reliable
I,Ia01,121,532,532,2494,2523,12,38,29,26,265,reliable
I,Ia01,122,014,014,2526,2573,13,39,47,26,451,reliable
I,Ia01,123,698.076,698,2576,2598,13,39,22,26,183,reliable
I,Ia01,124,386,386,2599,2611,13,38,12,25,141,reliable
I,Ia01,125,028,028,2616,2619,12,35,3,23,32,reliable
I,Ia01,126,571.076,571,2622,2643,11,37,21,26,170,reliable
I,Ia01,127,022h?,022,2643,2647,11,20,4,9,19,reliable
I,Ia01,128,181,181,2647,2666,10,37,19,27,168,reliable
I,Ia01,129,130,130,2670,2683,10,35,13,25,109,reliable
I,Ia02,0,017,017,9,37,55,82,28,27,233,reliable
I,Ia02,1,076,076,40,48,55,82,8,27,73,reliable
I,Ia02,2,073.064.076,073,53,62,56,83,9,27,80,reliable
I,Ia02,3,381,381,66,98,55,83,32,28,274,reliable
I,Ia02,4,070,070,102,120,54,83,18,29,193,reliable
I,Ia02,5,090.076,090,124,137,55,83,13,28,120,reliable
I,Ia02,6,070,070,141,143,56,82,2,26,35,reliable
I,Ia02,7,499,499,147,165,55,83,18,28,164,reliable
I,Ia02,8,090.076,090,168,181,56,82,13,26,125,reliable
I,Ia02,9,600,600,185,207,56,82,22,26,169,reliable
I,Ia02,10,002V?,002,209,236,56,83,27,27,213,reliable
I,Ia02,11,530,530,237,262,55,82,25,27,238,reliable
I,Ia02,12,202.076,202,262,292,56,83,30,27,242,reliable
I,Ia02,13,598x,598,295,325,54,82,30,28,259,reliable
I,Ia02,14,301y,301,329,359,56,82,30,26,257,reliable
I,Ia02,15,382.076,382,361,385,55,82,24,27,203,reliable
I,Ia02,16,049f,049,387,413,55,83,26,28,219,reliable
I,Ia02,17,090,090,417,428,56,78,11,22,74,reliable
I,Ia02,18,440.076,440,430,440,56,82,10,26,69,reliable
I,Ia02,19,004f?,004,443,464,55,83,21,28,153,reliable
I,Ia02,20,449,449,467,475,55,82,8,27,91,reliable
I,Ia02,21,073.006.076,073,479,502,55,81,23,26,134,reliable
I,Ia02,22,430.061,430,504,531,54,82,27,28,196,reliable
I,Ia02,23,045f?,045,538,561,54,81,23,27,224,reliable
I,Ia02,24,090.076,090,564,574,54,81,10,27,99,reliable
I,Ia02,25,011.678,011,577,596,55,82,19,27,176,reliable
I,Ia02,26,430,430,600,643,55,83,43,28,422,reliable
I,Ia02,27,071:076,071,644,659,55,81,15,26,140,reliable
I,Ia02,28,071,071,662,670,55,80,8,25,84,reliable
I,Ia02,29,076,076,672,694,55,82,22,27,166,reliable
I,Ia02,30,021h,021,695,713,55,81,18,26,180,reliable
I,Ia02,31,530,530,718,720,59,77,2,18,28,reliable
I,Ia02,32,002V,002,723,745,55,82,22,27,168,reliable
I,Ia02,33,700.076,700,747,771,55,82,24,27,208,reliable
I,Ia02,34,071.010,071,772,804,55,81,32,26,276,reliable
I,Ia02,35,660,660,808,827,55,82,19,27,174,reliable
I,Ia02,36,045.076,045,830,849,55,83,19,28,182,reliable
I,Ia02,37,011.076,011,852,877,56,84,25,28,211,reliable
I,Ia02,38,006.076,006,878,901,56,82,23,26,183,reliable
I,Ia02,39,532a,532,901,911,56,83,10,27,90,reliable
I,Ia02,40,021:049f,021,914,938,56,82,24,26,184,reliable
I,Ia02,41,451.076,451,940,964,56,84,24,28,236,reliable
I,Ia02,42,770,770,966,975,56,81,9,25,71,reliable
I,Ia02,43,023,023,978,1006,56,82,28,26,217,reliable
I,Ia02,44,384.076,384,1009,1015,55,81,6,26,65,reliable
I,Ia02,45,011,011,1017,1045,54,82,28,28,232,reliable
I,Ia02,46,202s,202,1047,1055,55,82,8,27,74,reliable
I,Ia02,47,076,076,1058,1080,55,81,22,26,194,reliable
I,Ia02,48,220.071,220,1084,1112,54,81,28,27,264,reliable
I,Ia02,49,072.062,072,1114,1143,55,82,29,27,292,reliable
I,Ia02,50,205.076,205,1147,1159,55,83,12,28,100,reliable
I,Ia02,51,087,087,1160,1186,56,82,26,26,223,reliable
I,Ia02,52,633,633,1187,1213,55,83,26,28,263,reliable
I,Ia02,53,567.076,567,1215,1223,56,82,8,26,86,reliable
I,Ia02,54,023,023,1226,1238,56,83,12,27,108,reliable
I,Ia02,55,089,089,1241,1276,56,83,35,27,313,reliable
I,Ia02,56,178.076,178,1280,1302,56,83,22,27,203,reliable
I,Ia02,57,386,386,1303,1320,56,83,17,27,194,reliable
I,Ia02,58,020.010,020,1324,1344,57,84,20,27,150,reliable
I,Ia02,59,067.076,067,1347,1356,57,81,9,24,101,reliable
I,Ia02,60,004f?,004,1360,1387,57,82,27,25,198,reliable
I,Ia02,61,670,670,1392,1427,57,84,35,27,315,reliable
I,Ia02,62,205s.076,205,1431,1447,58,83,16,25,184,reliable
I,Ia02,63,008,008,1451,1463,57,83,12,26,88,reliable
I,Ia02,64,074,074,1468,1470,60,82,2,22,26,reliable
I,Ia02,65,099.076,099,1475,1503,57,83,28,26,202,reliable
I,Ia02,66,724,724,1507,1521,56,84,14,28,115,reliable
I,Ia02,67,005,005,1521,1574,55,83,53,28,402,reliable
I,Ia02,68,633.076,633,1576,1588,56,82,12,26,99,reliable
I,Ia02,69,071,071,1589,1608,55,82,19,27,150,reliable
I,Ia02,70,600,600,1609,1627,55,81,18,26,140,reliable
I,Ia02,71,090.076,090,1639,1646,54,80,7,26,92,reliable
I,Ia02,72,011,011,1650,1665,54,80,15,26,133,reliable
I,Ia02,73,027,027,1665,1698,54,81,33,27,333,reliable
I,Ia02,74,606.076,606,1701,1723,54,80,22,26,198,reliable
I,Ia02,75,600,600,1725,1741,55,82,16,27,112,reliable
I,Ia02,76,090,090,1745,1756,56,82,11,26,96,reliable
I,Ia02,77,076,076,1760,1782,55,84,22,29,206,reliable
I,Ia02,78,384y,384,1783,1820,55,82,37,27,331,reliable
I,Ia02,79,570.591,570,1822,1840,55,82,18,27,155,reliable
I,Ia02,80,090.076,090,1843,1860,56,82,17,26,177,reliable
I,Ia02,81,020.010,020,1862,1871,56,81,9,25,91,reliable
I,Ia02,82,050,050,1875,1898,56,83,23,27,194,reliable
I,Ia02,83,048.076,048,1900,1912,56,83,12,27,124,reliable
I,Ia02,84,070,070,1915,1938,55,83,23,28,208,reliable
I,Ia02,85,600,600,1939,1965,56,83,26,27,176,reliable
I,Ia02,86,090.076,090,1967,1995,56,83,28,27,262,reliable
I,Ia02,87,535s,535,1998,2006,55,82,8,27,82,reliable
I,Ia02,88,076,076,2010,2013,59,81,3,22,38,reliable
I,Ia02,89,604.076,604,2017,2048,57,84,31,27,283,reliable
I,Ia02,90,012,012,2049,2064,57,84,15,27,147,reliable
I,Ia02,91,090,090,2068,2081,57,84,13,27,99,reliable
I,Ia02,92,382.076,382,2084,2107,56,83,23,27,201,reliable
I,Ia02,93,004f?,004,2109,2118,57,83,9,26,85,reliable
I,Ia02,94,384,384,2122,2142,57,83,20,26,170,reliable
I,Ia02,95,200.076,200,2142,2173,56,84,31,28,250,reliable
I,Ia02,96,160,160,2174,2182,58,82,8,24,89,reliable
I,Ia02,97,690,690,2189,2211,55,83,22,28,218,reliable
I,Ia02,98,076,076,2213,2222,55,81,9,26,80,reliable
I,Ia02,99,157,157,2225,2238,55,82,13,27,155,reliable
I,Ia02,100,045f?,045,2241,2249,56,81,8,25,90,reliable
I,Ia02,101,045f?,045,2254,2262,56,82,8,26,94,reliable
I,Ia02,102,092.076,092,2267,2291,56,83,24,27,228,reliable
I,Ia02,103,069,069,2294,2303,56,81,9,25,77,reliable
I,Ia02,104,455f,455,2307,2320,57,84,13,27,127,reliable
I,Ia02,105,600:090.076,600,2321,2348,57,83,27,26,219,reliable
I,Ia02,106,050h,050,2351,2362,56,82,11,26,134,reliable
I,Ia02,107,050,050,2362,2393,55,83,31,28,262,reliable
I,Ia02,108,497,497,2396,2414,57,83,18,26,153,reliable
I,Ia02,109,090.076,090,2415,2425,57,82,10,25,90,reliable
I,Ia02,110,700,700,2427,2434,57,82,7,25,88,reliable
I,Ia02,111,011,011,2437,2446,57,82,9,25,73,reliable
I,Ia02,112,076,076,2449,2457,57,83,8,26,71,reliable
I,Ia02,113,076,076,2459,2478,58,84,19,26,155,reliable
I,Ia02,114,090.076,090,2479,2489,58,83,10,25,107,reliable
I,Ia02,115,147,147,2492,2502,57,84,10,27,81,reliable
I,Ia02,116,076,076,2505,2515,58,84,10,26,83,reliable
I,Ia02,117,076,076,2516,2530,58,84,14,26,132,reliable
I,Ia02,118,071,071,2533,2553,57,81,20,24,122,reliable
I,Ia02,119,600,600,2554,2565,58,82,11,24,85,reliable
I,Ia02,120,009,009,2569,2580,58,81,11,23,104,reliable
I,Ia02,121,009,009,2588,2606,55,81,18,26,132,reliable
I,Ia02,122,090.076,090,2608,2619,59,80,11,21,69,reliable
I,Ia03,0,061.022.061,061,12,14,105,110,2,5,6,reliable
I,Ia03,1,036,036,15,17,105,112,2,7,8,reliable
I,Ia03,2,090.076,090,22,44,99,127,22,28,219,reliable
I,Ia03,3,070,070,46,64,99,126,18,27,140,reliable
I,Ia03,4,200,200,68,88,99,126,20,27,183,reliable
I,Ia03,5,069.076,069,89,102,99,126,13,27,132,reliable
I,Ia03,6,530,530,105,125,99,126,20,27,204,reliable
I,Ia03,7,205s,205,127,201,98,126,74,28,618,reliable
I,Ia03,8,225.076,225,203,239,99,126,36,27,314,reliable
I,Ia03,9,071,071,242,256,99,127,14,28,138,reliable
I,Ia03,10,274,274,257,285,99,126,28,27,233,reliable
I,Ia03,11,604.076,604,290,321,101,128,31,27,322,reliable
I,Ia03,12,532a,532,322,348,101,127,26,26,209,reliable
I,Ia03,13,700,700,349,359,101,127,10,26,102,reliable
I,Ia03,14,700.076,700,362,384,100,127,22,27,193,reliable
I,Ia03,15,430y,430,385,406,101,127,21,26,163,reliable
I,Ia03,16,002,002,407,421,101,128,14,27,145,reliable
I,Ia03,17,606.076,606,424,426,104,125,2,21,27,reliable
I,Ia03,18,530,530,427,460,101,127,33,26,293,reliable
I,Ia03,19,072,072,462,508,99,126,46,27,392,reliable
I,Ia03,20,067.076,067,510,531,100,125,21,25,138,reliable
I,Ia03,21,004f?,004,532,540,99,122,8,23,58,reliable
I,Ia03,22,451,451,543,556,99,124,13,25,88,reliable
I,Ia03,23,128,128,564,581,98,125,17,27,139,reliable
I,Ia03,24,530,530,582,612,100,129,30,29,302,reliable
I,Ia03,25,090.076,090,613,631,100,129,18,29,181,reliable
I,Ia03,26,013,013,635,637,103,128,2,25,44,reliable
I,Ia03,27,073.006,073,641,660,101,129,19,28,191,reliable
I,Ia03,28,027.076,027,663,675,101,129,12,28,136,reliable
I,Ia03,29,530,530,677,697,100,129,20,29,201,reliable
I,Ia03,30,076,076,700,702,104,128,2,24,43,reliable
I,Ia03,31,067.076,067,706,731,101,129,25,28,272,reliable
I,Ia03,32,004f?,004,733,763,100,128,30,28,256,reliable
I,Ia03,33,038,038,764,775,101,127,11,26,94,reliable
I,Ia03,34,205.076,205,778,797,101,129,19,28,167,reliable
I,Ia03,35,071,071,800,831,99,128,31,29,310,reliable
I,Ia03,36,205,205,834,837,104,127,3,23,34,reliable
I,Ia03,37,604.076,604,838,869,101,129,31,28,300,reliable
I,Ia03,38,006.072.006,006,874,890,100,128,16,28,141,reliable
I,Ia03,39,095:011,095,891,948,100,129,57,29,524,reliable
I,Ia03,40,200,200,952,983,101,129,31,28,292,reliable
I,Ia03,41,690.090,690,985,1052,101,128,67,27,559,reliable
I,Ia03,42,129.076,129,1053,1061,101,128,8,27,73,reliable
I,Ia03,43,049f,049,1062,1074,99,123,12,24,76,reliable
I,Ia03,44,499,499,1077,1111,98,126,34,28,257,reliable
I,Ia03,45,090.076,090,1112,1113,100,124,1,24,22,reliable
I,Ia03,46,005,005,1117,1151,99,125,34,26,337,reliable
I,Ia03,47,406s,406,1154,1185,98,126,31,28,256,reliable
I,Ia03,48,011.076,011,1188,1207,98,125,19,27,181,reliable
I,Ia03,49,011,011,1211,1217,98,125,6,27,98,reliable
I,Ia03,50,049!,049,1221,1234,98,125,13,27,110,reliable
I,Ia03,51,205.076,205,1237,1240,99,125,3,26,31,reliable
I,Ia03,52,071,071,1241,1271,99,126,30,27,284,reliable
I,Ia03,53,076,076,1273,1287,99,126,14,27,134,reliable
I,Ia03,54,385.076,385,1290,1300,99,125,10,26,88,reliable
I,Ia03,55,071,071,1305,1334,98,125,29,27,267,reliable
I,Ia03,56,090.076,090,1335,1350,99,125,15,26,137,reliable
I,Ia03,57,087,087,1354,1374,99,125,20,26,158,reliable
I,Ia03,58,499,499,1378,1388,99,125,10,26,80,reliable
I,Ia03,59,023.076,023,1390,1409,100,124,19,24,137,reliable
I,Ia03,60,146f,146,1412,1415,100,123,3,23,30,reliable
I,Ia03,61,001V.069,001,1420,1437,100,125,17,25,159,reliable
I,Ia03,62,280.076,280,1441,1454,101,127,13,26,98,reliable
I,Ia03,63,160,160,1458,1477,101,128,19,27,142,reliable
I,Ia03,64,676,676,1479,1513,100,128,34,28,242,reliable
I,Ia03,65,023.076,023,1517,1528,101,127,11,26,105,reliable
I,Ia03,66,022h,022,1530,1547,101,126,17,25,147,reliable
I,Ia03,67,530,530,1551,1576,100,127,25,27,186,reliable
I,Ia03,68,451,451,1577,1599,100,125,22,25,155,reliable
I,Ia03,69,430.076,430,1601,1637,98,126,36,28,285,reliable
I,Ia03,70,530,530,1639,1661,99,124,22,25,153,reliable
I,Ia03,71,298,298,1667,1690,99,125,23,26,202,reliable
I,Ia03,72,076,076,1693,1702,99,126,9,27,81,reliable
I,Ia03,73,071,071,1705,1718,100,126,13,26,120,reliable
I,Ia03,74,018,018,1722,1737,99,126,15,27,136,reliable
I,Ia03,75,049f.071,049,1738,1766,99,126,28,27,226,reliable
I,Ia03,76,208.076,208,1768,1803,99,126,35,27,294,reliable
I,Ia03,77,460,460,1805,1839,100,126,34,26,302,reliable
I,Ia03,78,051.076,051,1841,1872,99,126,31,27,222,reliable
I,Ia03,79,011,011,1877,1884,99,125,7,26,108,reliable
I,Ia03,80,093f,093,1887,1905,99,126,18,27,138,reliable
I,Ia03,81,205.076,205,1909,1949,99,127,40,28,335,reliable
I,Ia03,82,070,070,1950,1964,100,126,14,26,116,reliable
I,Ia03,83,430.061,430,1965,1988,100,127,23,27,167,reliable
I,Ia03,84,200.076,200,1990,1991,101,126,1,25,21,reliable
I,Ia03,85,160,160,1994,2028,99,125,34,26,253,reliable
I,Ia03,86,070,070,2031,2040,98,126,9,28,127,reliable
I,Ia03,87,205.076,205,2042,2054,98,124,12,26,122,reliable
I,Ia03,88,071,071,2057,2089,98,125,32,27,261,reliable
I,Ia03,89,202s,202,2090,2106,98,124,16,26,133,reliable
I,Ia03,90,604.076,604,2108,2171,98,124,63,26,506,reliable
I,Ia03,91,530,530,2173,2195,99,124,22,25,129,reliable
I,Ia03,92,099.071,099,2198,2204,101,122,6,21,24,reliable
I,Ia03,93,146f.076,146,2204,2220,99,124,16,25,106,reliable
I,Ia03,94,420,420,2226,2249,98,125,23,27,214,reliable
I,Ia03,95,021h,021,2254,2276,98,124,22,26,179,reliable
I,Ia03,96,600,600,2281,2302,99,127,21,28,214,reliable
I,Ia03,97,604.076,604,2305,2336,100,127,31,27,288,reliable
I,Ia03,98,071.061,071,2339,2359,100,126,20,26,164,reliable
I,Ia03,99,011,011,2362,2369,100,126,7,26,88,reliable
I,Ia03,100,600.000!,600,2371,2408,100,127,37,27,304,reliable
I,Ia03,101,066.076,066,2411,2433,100,126,22,26,169,reliable
I,Ia03,102,245,245,2436,2467,99,127,31,28,251,reliable
I,Ia04,0,003.001V,003,12,28,143,171,16,28,151,reliable
I,Ia04,1,430.076,430,30,55,143,171,25,28,201,reliable
I,Ia04,2,006,006,59,70,143,170,11,27,101,reliable
I,Ia04,3,700,700,73,83,143,170,10,27,79,reliable
I,Ia04,4,071.076,071,87,89,144,169,2,25,29,reliable
I,Ia04,5,010.079f,010,91,120,143,170,29,27,229,reliable
I,Ia04,6,071,071,123,143,143,170,20,27,198,reliable
I,Ia04,7,604.076?,604,146,162,143,170,16,27,132,reliable
I,Ia04,8,148,148,164,194,143,170,30,27,275,reliable
I,Ia04,9,090.003,090,197,210,143,170,13,27,142,reliable
I,Ia04,10,009.076,009,214,223,144,169,9,25,78,reliable
I,Ia04,11,002,002,224,228,153,164,4,11,14,reliable
I,Ia04,12,499,499,231,256,143,169,25,26,192,reliable
I,Ia04,13,606.076,606,259,269,144,171,10,27,94,reliable
I,Ia04,14,146,146,272,292,145,172,20,27,159,reliable
I,Ia04,15,027,027,297,331,143,170,34,27,290,reliable
I,Ia04,16,071.076,071,332,344,143,170,12,27,108,reliable
I,Ia04,17,010.079f,010,348,361,143,171,13,28,126,reliable
I,Ia04,18,522f,522,366,368,144,170,2,26,35,reliable
I,Ia04,19,002,002,373,402,143,171,29,28,212,reliable
I,Ia04,20,726.076,726,406,425,143,169,19,26,179,reliable
I,Ia04,21,531a,531,427,445,143,169,18,26,148,reliable
I,Ia04,22,002.076,002,449,458,143,171,9,28,107,reliable
I,Ia04,23,532a,532,461,488,143,171,27,28,219,reliable
I,Ia04,24,726.076,726,490,515,143,170,25,27,200,reliable
I,Ia04,25,244.076,244,514,541,143,170,27,27,225,reliable
I,Ia04,26,073.006.071,073,543,569,143,170,26,27,242,reliable
I,Ia04,27,071,071,571,592,143,170,21,27,189,reliable
I,Ia04,28,129,129,591,632,144,171,41,27,326,reliable
I,Ia04,29,129,129,633,657,144,170,24,26,189,reliable
I,Ia04,30,071,071,659,676,144,171,17,27,152,reliable
I,Ia04,31,381.052hx,381,681,696,144,170,15,26,143,reliable
I,Ia04,32,200.076,200,698,713,145,170,15,25,145,reliable
I,Ia04,33,532a,532,717,744,144,171,27,27,233,reliable
I,Ia04,34,005,005,747,750,145,170,3,25,42,reliable
I,Ia04,35,076f,076,752,787,145,172,35,27,312,reliable
I,Ia04,36,200,200,789,828,145,172,39,27,356,reliable
I,Ia04,37,049f,049,829,843,144,170,14,26,113,reliable
I,Ia04,38,076.006,076,848,868,145,172,20,27,193,reliable
I,Ia04,39,490.022,490,871,882,147,172,11,25,103,reliable
I,Ia04,40,320.071,320,885,915,145,172,30,27,268,reliable
I,Ia04,41,020.052hx.076,020,917,949,145,171,32,26,292,reliable
I,Ia04,42,037?,037,952,988,145,172,36,27,311,reliable
I,Ia04,43,037?,037,990,1017,146,171,27,25,223,reliable
I,Ia04,44,097,097,1016,1055,146,172,39,26,320,reliable
I,Ia04,45,451.003.076,451,1056,1071,145,172,15,27,114,reliable
I,Ia04,46,254,254,1075,1113,144,172,38,28,367,reliable
I,Ia04,47,600:090,600,1116,1132,144,172,16,28,159,reliable
I,Ia04,48,208.076,208,1135,1145,144,172,10,28,107,reliable
I,Ia04,49,007,007,1149,1172,144,172,23,28,216,reliable
I,Ia04,50,146,146,1178,1205,143,171,27,28,209,reliable
I,Ia04,51,384,384,1208,1228,144,171,20,27,160,reliable
I,Ia04,52,090.092,090,1229,1252,144,170,23,26,176,reliable
I,Ia04,53,090.076,090,1255,1274,143,172,19,29,199,reliable
I,Ia04,54,090.076,090,1279,1291,144,172,12,28,99,reliable
I,Ia04,55,020.010,020,1290,1329,144,172,39,28,295,reliable
I,Ia04,56,087,087,1332,1346,145,170,14,25,122,reliable
I,Ia04,57,529a,529,1351,1364,144,171,13,27,118,reliable
I,Ia04,58,005,005,1368,1381,144,171,13,27,123,reliable
I,Ia04,59,005,005,1383,1419,144,172,36,28,352,reliable
I,Ia04,60,005,005,1419,1423,144,155,4,11,26,reliable
I,Ia04,61,204.076,204,1424,1461,144,172,37,28,369,reliable
I,Ia04,62,022h,022,1465,1478,143,170,13,27,128,reliable
I,Ia04,63,536s,536,1482,1501,143,171,19,28,173,reliable
I,Ia04,64,005,005,1503,1521,143,171,18,28,169,reliable
I,Ia04,65,128,128,1525,1545,143,170,20,27,184,reliable
I,Ia04,66,071,071,1548,1579,143,171,31,28,303,reliable
I,Ia04,67,599b,599,1582,1595,144,172,13,28,121,reliable
I,Ia04,68,606.076,606,1603,1629,146,171,26,25,226,reliable
I,Ia04,69,571,571,1628,1654,145,172,26,27,258,reliable
I,Ia04,70,027.076,027,1655,1674,145,171,19,26,190,reliable
I,Ia04,71,530,530,1678,1686,144,171,8,27,92,reliable
I,Ia04,72,600,600,1691,1693,145,169,2,24,35,reliable
I,Ia04,73,060,060,1697,1715,144,171,18,27,155,reliable
I,Ia04,74,090.076,090,1717,1729,145,171,12,26,135,reliable
I,Ia04,75,070,070,1732,1754,144,171,22,27,205,reliable
I,Ia04,76,600,600,1756,1781,143,170,25,27,195,reliable
I,Ia04,77,021:090.076,021,1785,1795,144,170,10,26,87,reliable
I,Ia04,78,087,087,1801,1824,144,171,23,27,207,reliable
I,Ia04,79,291,291,1826,1847,144,171,21,27,164,reliable
I,Ia04,80,090.076,090,1851,1874,144,171,23,27,202,reliable
I,Ia04,81,386,386,1875,1907,144,171,32,27,273,reliable
I,Ia04,82,202s,202,1910,1938,144,171,28,27,255,reliable
I,Ia04,83,028.076,028,1941,1960,145,171,19,26,194,reliable
I,Ia04,84,011.076,011,1962,1987,145,172,25,27,209,reliable
I,Ia04,85,002.076,002,1989,2021,145,171,32,26,286,reliable
I,Ia04,86,021h,021,2023,2040,144,172,17,28,167,reliable
I,Ia04,87,460,460,2045,2065,144,170,20,26,183,reliable
I,Ia04,88,522f,522,2067,2075,145,170,8,25,90,reliable
I,Ia04,89,090.076,090,2079,2087,145,172,8,27,93,reliable
I,Ia04,90,001V,001,2091,2099,145,172,8,27,99,reliable
I,Ia04,91,048,048,2100,2124,145,172,24,27,208,reliable
I,Ia04,92,048,048,2125,2141,145,171,16,26,152,reliable
I,Ia04,93,430.076,430,2146,2165,144,171,19,27,165,reliable
I,Ia04,94,006,006,2165,2185,144,171,20,27,188,reliable
I,Ia04,95,129.076,129,2185,2220,143,170,35,27,244,reliable
I,Ia04,96,190,190,2224,2235,146,169,11,23,90,reliable
I,Ia04,97,445,445,2236,2268,144,171,32,27,205,reliable
I,Ia04,98,009.076,009,2271,2279,143,169,8,26,104,reliable
I,Ia04,99,002,002,2280,2316,144,170,36,26,336,reliable
I,Ia04,100,254,254,2319,2321,145,169,2,24,31,reliable
I,Ia04,101,090.076,090,2325,2347,144,170,22,26,211,reliable
I,Ia04,102,071,071,2349,2363,145,170,14,25,118,reliable
I,Ia04,103,633.076,633,2364,2398,145,171,34,26,307,reliable
I,Ia04,104,020.010,020,2401,2418,145,171,17,26,198,reliable
I,Ia04,105,150,150,2421,2434,145,170,13,25,137,reliable
I,Ia04,106,090.076,090,2438,2456,145,170,18,25,171,reliable
I,Ia04,107,087.078,087,2459,2481,145,170,22,25,199,reliable
I,Ia04,108,090.076,090,2485,2503,146,170,18,24,160,reliable
I,Ia05,0,090.076,090,12,22,204,214,10,10,25,reliable
I,Ia05,1,071,071,25,35,200,214,10,14,42,reliable
I,Ia05,2,295s,295,37,44,186,213,7,27,51,reliable
I,Ia05,3,090.076,090,46,83,186,214,37,28,324,reliable
I,Ia05,4,013,013,87,151,186,214,64,28,569,reliable
I,Ia05,5,291,291,154,182,186,214,28,28,239,reliable
I,Ia05,6,755,755,186,202,186,214,16,28,174,reliable
I,Ia05,7,755,755,206,209,187,214,3,27,39,reliable
I,Ia05,8,606.076,606,211,242,187,214,31,27,312,reliable
I,Ia05,9,004f?,004,245,254,187,214,9,27,102,reliable
I,Ia05,10,185,185,256,279,187,214,23,27,203,reliable
I,Ia05,11,430.076,430,282,284,188,214,2,26,30,reliable
I,Ia05,12,530,530,288,340,187,215,52,28,458,reliable
I,Ia05,13,381,381,344,366,187,214,22,27,214,reliable
I,Ia05,14,090.076,090,370,372,188,214,2,26,33,reliable
I,Ia05,15,071,071,376,428,187,215,52,28,464,reliable
I,Ia05,16,007,007,431,455,187,214,24,27,202,reliable
I,Ia05,17,021:090.076,021,460,472,187,213,12,26,89,reliable
I,Ia05,18,087,087,475,537,186,214,62,28,541,reliable
I,Ia05,19,224,224,541,577,186,214,36,28,324,reliable
I,Ia05,20,222.076,222,579,630,187,215,51,28,509,reliable
I,Ia05,21,532,532,633,648,187,214,15,27,132,reliable
I,Ia05,22,606.076.000!,606,650,666,187,213,16,26,134,reliable
I,Ia05,23,050,050,668,683,188,215,15,27,142,reliable
I,Ia05,24,128,128,686,696,188,214,10,26,84,reliable
I,Ia05,25,071,071,699,727,188,215,28,27,261,reliable
I,Ia05,26,090,090,729,747,188,215,18,27,162,reliable
I,Ia05,27,099.076,099,750,757,189,213,7,24,103,reliable
I,Ia05,28,522f,522,760,781,188,215,21,27,185,reliable
I,Ia05,29,011,011,783,792,190,215,9,25,92,reliable
I,Ia05,30,004f?,004,794,808,188,214,14,26,150,reliable
I,Ia05,31,028,028,811,813,189,214,2,25,28,reliable
I,Ia05,32,208.076,208,816,852,188,215,36,27,307,reliable
I,Ia05,33,020.010,020,856,874,189,216,18,27,191,reliable
I,Ia05,34,090,090,878,917,188,216,39,28,323,reliable
I,Ia05,35,099.076,099,920,933,189,215,13,26,118,reliable
I,Ia05,36,070,070,935,958,188,214,23,26,225,reliable
I,Ia05,37,146.490.000!,146,961,993,188,215,32,27,286,reliable
I,Ia05,38,090.076,090,996,1006,188,213,10,25,90,reliable
I,Ia05,39,071,071,1009,1018,188,212,9,24,93,reliable
I,Ia05,40,004f?,004,1022,1024,189,213,2,24,44,reliable
I,Ia05,41,004f?,004,1025,1055,188,214,30,26,252,reliable
I,Ia05,42,021:290.076,021,1057,1068,189,214,11,25,98,reliable
I,Ia05,43,057,057,1074,1082,189,215,8,26,108,reliable
I,Ia05,44,002,002,1085,1087,190,215,2,25,43,reliable
I,Ia05,45,406.076?,406,1088,1116,188,216,28,28,268,reliable
I,Ia05,46,071.078,071,1118,1143,188,215,25,27,207,reliable
I,Ia05,47,604.076,604,1145,1147,190,213,2,23,24,reliable
I,Ia05,48,076,076,1151,1181,188,215,30,27,260,reliable
I,Ia05,49,206.076,206,1183,1195,188,215,12,27,85,reliable
I,Ia05,50,460,460,1197,1232,188,215,35,27,313,reliable
I,Ia05,51,600,600,1234,1262,188,214,28,26,234,reliable
I,Ia05,52,720.076,720,1263,1316,188,216,53,28,428,reliable
I,Ia05,53,076,076,1317,1327,189,215,10,26,85,reliable
I,Ia05,54,007,007,1328,1342,189,215,14,26,134,reliable
I,Ia05,55,004.076,004,1346,1348,190,214,2,24,31,reliable
I,Ia05,56,004f?,004,1351,1369,190,215,18,25,140,reliable
I,Ia05,57,220.071,220,1371,1380,190,216,9,26,101,reliable
I,Ia05,58,530.022f,530,1383,1414,189,215,31,26,247,reliable
I,Ia05,59,040,040,1416,1438,189,216,22,27,188,reliable
I,Ia05,60,076,076,1442,1475,190,216,33,26,312,reliable
I,Ia05,61,700,700,1478,1486,190,216,8,26,93,reliable
I,Ia05,62,298,298,1490,1500,190,216,10,26,86,reliable
I,Ia05,63,071.076,071,1503,1512,190,216,9,26,96,reliable
I,Ia05,64,010.079,010,1514,1537,189,216,23,27,194,reliable
I,Ia05,65,090,090,1540,1543,193,213,3,20,26,reliable
I,Ia05,66,178.076,178,1545,1575,189,213,30,24,202,reliable
I,Ia05,67,728,728,1578,1596,190,215,18,25,176,reliable
I,Ia05,68,146.053,146,1600,1610,190,215,10,25,84,reliable
I,Ia05,69,208.076,208,1617,1656,187,216,39,29,357,reliable
I,Ia05,70,148,148,1659,1686,189,215,27,26,190,reliable
I,Ia05,71,200,200,1688,1708,187,214,20,27,202,reliable
I,Ia05,72,366.076,366,1714,1754,188,216,40,28,351,reliable
I,Ia05,73,090f.109,090,1756,1772,188,215,16,27,188,reliable
I,Ia05,74,090.076,090,1774,1799,188,215,25,27,229,reliable
I,Ia05,75,505f,505,1802,1828,188,216,26,28,267,reliable
I,Ia05,76,633.062,633,1832,1941,189,216,109,27,995,reliable
I,Ia05,77,071.072.076,071,1942,1972,188,216,30,28,278,reliable
I,Ia05,78,071,071,1975,1988,188,216,13,28,145,reliable
I,Ia05,79,496,496,1993,2018,187,214,25,27,231,reliable
I,Ia05,80,072.076,072,2022,2024,189,213,2,24,40,reliable
I,Ia05,81,010.079f,010,2026,2062,186,215,36,29,336,reliable
I,Ia05,82,090,090,2065,2087,186,215,22,29,229,reliable
I,Ia05,83,090.076,090,2090,2101,187,214,11,27,96,reliable
I,Ia05,84,020.010,020,2104,2122,187,214,18,27,171,reliable
I,Ia05,85,690.076,690,2124,2142,187,216,18,29,200,reliable
I,Ia05,86,062.047,062,2145,2179,188,215,34,27,324,reliable
I,Ia05,87,513,513,2181,2223,187,214,42,27,343,reliable
I,Ia05,88,049f.076,049,2225,2250,187,214,25,27,224,reliable
I,Ia05,89,739,739,2252,2268,187,214,16,27,141,reliable
I,Ia05,90,208,208,2272,2298,186,214,26,28,247,reliable
I,Ia05,91,200.076,200,2301,2333,186,214,32,28,286,reliable
I,Ia05,92,534.064,534,2335,2398,186,214,63,28,502,reliable
I,Ia05,93,723.076,723,2400,2417,187,213,17,26,135,reliable
I,Ia05,94,071,071,2418,2434,188,211,16,23,112,reliable
I,Ia05,95,009,009,2438,2461,188,214,23,26,191,reliable
I,Ia05,96,090.076,090,2464,2479,188,213,15,25,127,reliable
I,Ia05,97,013,013,2484,2495,187,212,11,25,87,reliable
I,Ia05,98,076,076,2499,2512,189,213,13,24,81,reliable
I,Ia05,99,006?.010,006,2513,2516,196,204,3,8,12,reliable
I,Ia06,0,755.076.075,755,12,51,232,259,39,27,356,reliable
I,Ia06,1,400,400,53,73,232,257,20,25,176,reliable
I,Ia06,2,001V.076,001,75,96,231,257,21,26,173,reliable
I,Ia06,3,021h,021,96,102,231,239,6,8,26,reliable
I,Ia06,4,530,530,103,125,231,255,22,24,177,reliable
I,Ia06,5,061.048.061,061,127,150,232,257,23,25,226,reliable
I,Ia06,6,048.076,048,153,155,235,255,2,20,37,reliable
I,Ia06,7,006.010,006,160,183,232,259,23,27,197,reliable
I,Ia06,8,076f.678,076,184,208,232,258,24,26,201,reliable
I,Ia06,9,630.076,630,212,234,232,259,22,27,197,reliable
I,Ia06,10,010.079f,010,235,269,232,259,34,27,284,reliable
I,Ia06,11,006,006,271,289,232,258,18,26,189,reliable
I,Ia06,12,700?.076,700,293,304,232,258,11,26,103,reliable
I,Ia06,13,537,537,310,334,232,259,24,27,235,reliable
I,Ia06,14,099,099,334,367,232,259,33,27,266,reliable
I,Ia06,15,755.076.075,755,367,385,233,260,18,27,161,reliable
I,Ia06,16,073?.066,073,388,426,232,259,38,27,369,reliable
I,Ia06,17,076,076,427,473,232,259,46,27,447,reliable
I,Ia06,18,168,168,473,531,232,259,58,27,578,reliable
I,Ia06,19,701,701,534,548,232,257,14,25,124,reliable
I,Ia06,20,302,302,554,565,230,257,11,27,105,reliable
I,Ia06,21,002.076,002,568,589,230,257,21,27,203,reliable
I,Ia06,22,430,430,593,616,231,258,23,27,210,reliable
I,Ia06,23,090,090,618,639,230,258,21,28,211,reliable
I,Ia06,24,091.076,091,643,646,233,257,3,24,41,reliable
I,Ia06,25,298,298,647,697,230,258,50,28,494,reliable
I,Ia06,26,726,726,700,730,230,259,30,29,315,reliable
I,Ia06,27,430,430,733,746,231,258,13,27,115,reliable
I,Ia06,28,006.022f.076,006,746,775,231,258,29,27,244,reliable
I,Ia06,29,202.076,202,776,800,230,258,24,28,238,reliable
I,Ia06,30,006,006,802,808,230,258,6,28,92,reliable
I,Ia06,31,055a.076,055,812,822,231,259,10,28,100,reliable
I,Ia06,32,600,600,824,853,230,259,29,29,281,reliable
I,Ia06,33,001V,001,855,882,231,259,27,28,269,reliable
I,Ia06,34,076,076,884,886,235,259,2,24,31,reliable
I,Ia06,35,534b,534,887,920,232,260,33,28,344,reliable
I,Ia06,36,300.032,300,923,942,231,259,19,28,191,reliable
I,Ia06,37,606,606,943,958,231,259,15,28,121,reliable
I,Ia06,38,010.079f,010,959,985,231,259,26,28,265,reliable
I,Ia06,39,634,634,988,998,231,259,10,28,87,reliable
I,Ia06,40,148.076,148,1002,1016,231,260,14,29,142,reliable
I,Ia06,41,069,069,1020,1041,231,260,21,29,204,reliable
I,Ia06,42,027,027,1044,1059,231,260,15,29,208,reliable
I,Ia06,43,067.076,067,1060,1083,230,259,23,29,219,reliable
I,Ia06,44,149,149,1084,1086,233,258,2,25,30,reliable
I,Ia06,45,593,593,1090,1129,233,260,39,27,383,reliable
I,Ia06,46,755.076.075,755,1130,1143,233,260,13,27,175,reliable
I,Ia06,47,150,150,1148,1169,234,260,21,26,198,reliable
I,Ia06,48,021:090.076,021,1173,1187,232,258,14,26,96,reliable
I,Ia06,49,087,087,1191,1208,232,257,17,25,169,reliable
I,Ia06,50,755,755,1209,1243,231,258,34,27,328,reliable
I,Ia06,51,404.076,404,1244,1257,232,259,13,27,110,reliable
I,Ia06,52,076,076,1258,1266,232,259,8,27,96,reliable
I,Ia06,53,001V,001,1268,1289,232,259,21,27,221,reliable
I,Ia06,54,700.076,700,1291,1313,232,258,22,26,222,reliable
I,Ia06,55,381,381,1316,1324,232,258,8,26,103,reliable
I,Ia06,56,023,023,1327,1334,232,258,7,26,99,reliable
I,Ia06,57,023,023,1340,1342,235,257,2,22,23,reliable
I,Ia06,58,090.076,090,1345,1367,232,258,22,26,185,reliable
I,Ia06,59,013,013,1369,1382,232,258,13,26,133,reliable
I,Ia06,60,070,070,1384,1398,232,258,14,26,146,reliable
I,Ia06,61,202.076,202,1402,1404,232,258,2,26,33,reliable
I,Ia06,62,073f,073,1407,1436,231,258,29,27,292,reliable
I,Ia06,63,639,639,1440,1448,232,257,8,25,95,reliable
I,Ia06,64,005.076,005,1453,1470,232,259,17,27,148,reliable
I,Ia06,65,020.010,020,1473,1496,232,259,23,27,221,reliable
I,Ia06,66,146.010,146,1498,1514,232,259,16,27,200,reliable
I,Ia06,67,129,129,1517,1534,232,259,17,27,169,reliable
I,Ia06,68,129.076,129,1538,1540,233,258,2,25,27,reliable
I,Ia06,69,530,530,1543,1600,232,259,57,27,474,reliable
I,Ia06,70,376,376,1600,1625,233,259,25,26,212,reliable
I,Ia06,71,499.076,499,1628,1657,234,260,29,26,274,reliable
I,Ia06,72,430,430,1660,1674,233,259,14,26,140,reliable
I,Ia06,73,099.076,099,1676,1704,233,260,28,27,262,reliable
I,Ia06,74,071,071,1705,1721,233,260,16,27,165,reliable
I,Ia06,75,632,632,1721,1745,232,259,24,27,218,reliable
I,Ia06,76,670?,670,1751,1775,232,259,24,27,213,reliable
I,Ia06,77,404.076,404,1776,1808,232,259,32,27,302,reliable
I,Ia06,78,158,158,1810,1821,232,258,11,26,115,reliable
I,Ia06,79,008:007,008,1824,1844,233,258,20,25,165,reliable
I,Ia06,80,720V?.076,720,1846,1879,232,259,33,27,315,reliable
I,Ia06,81,530.109,530,1880,1952,230,260,72,30,685,reliable
I,Ia06,82,076,076,1955,1977,232,258,22,26,236,reliable
I,Ia06,83,055a,055,1979,2004,232,259,25,27,239,reliable
I,Ia06,84,052x,052,2006,2035,232,259,29,27,262,reliable
I,Ia06,85,090.076,090,2037,2040,235,260,3,25,44,reliable
I,Ia06,86,001V,001,2042,2075,234,260,33,26,280,reliable
I,Ia06,87,224,224,2076,2100,233,260,24,27,227,reliable
I,Ia06,88,607.000!,607,2101,2117,234,260,16,26,139,reliable
I,Ia06,89,600,600,2118,2157,234,260,39,26,398,reliable
I,Ia06,90,053,053,2162,2184,231,260,22,29,218,reliable
I,Ia06,91,029y.076,029,2187,2188,236,256,1,20,20,reliable
I,Ia06,92,070,070,2191,2220,231,260,29,29,293,reliable
I,Ia06,93,305,305,2224,2238,232,258,14,26,154,reliable
I,Ia06,94,404.076,404,2239,2255,231,259,16,28,144,reliable
I,Ia06,95,712,712,2257,2281,231,258,24,27,205,reliable
I,Ia06,96,400,400,2284,2290,231,258,6,27,67,reliable
I,Ia06,97,430.076,430,2289,2298,232,259,9,27,81,reliable
I,Ia06,98,055a,055,2301,2319,231,259,18,28,180,reliable
I,Ia06,99,300,300,2325,2347,231,258,22,27,185,reliable
I,Ia06,100,067.076,067,2350,2367,231,257,17,26,208,reliable
I,Ia06,101,149,149,2368,2380,231,258,12,27,96,reliable
I,Ia06,102,090,090,2384,2396,231,258,12,27,97,reliable
I,Ia06,103,090,090,2400,2428,231,258,28,27,210,reliable
I,Ia06,104,090,090,2430,2432,232,257,2,25,31,reliable
I,Ia06,105,090,090,2435,2460,231,259,25,28,225,reliable
I,Ia06,106,009.076,009,2463,2488,230,258,25,28,237,reliable
I,Ia06,107,600,600,2490,2498,230,257,8,27,90,reliable
I,Ia06,108,023,023,2501,2513,239,257,12,18,41,reliable
I,Ia07,0,099,099,12,24,277,303,12,26,74,reliable
I,Ia07,1,090.076,090,25,40,277,302,15,25,130,reliable
I,Ia07,2,280,280,43,64,276,302,21,26,213,reliable
I,Ia07,3,139,139,67,87,276,302,20,26,181,reliable
I,Ia07,4,049.076,049,89,110,276,301,21,25,168,reliable
I,Ia07,5,451,451,113,139,276,303,26,27,246,reliable
I,Ia07,6,458,458,141,156,276,301,15,25,110,reliable
I,Ia07,7,604.076?,604,158,224,276,302,66,26,579,reliable
I,Ia07,8,075,075,226,246,276,303,20,27,195,reliable
I,Ia07,9,076.006x,076,247,281,276,303,34,27,306,reliable
I,Ia07,10,600.076,600,283,296,276,302,13,26,115,reliable
I,Ia07,11,161,161,298,311,277,303,13,26,109,reliable
I,Ia07,12,076,076,314,337,277,303,23,26,237,reliable
I,Ia07,13,002.076,002,339,369,276,303,30,27,261,reliable
I,Ia07,14,430,430,372,382,276,304,10,28,87,reliable
I,Ia07,15,076,076,384,392,276,304,8,28,90,reliable
I,Ia07,16,044,044,393,441,276,303,48,27,435,reliable
I,Ia07,17,095f,095,442,451,276,302,9,26,93,reliable
I,Ia07,18,240.076,240,454,462,276,303,8,27,91,reliable
I,Ia07,19,001V,001,465,467,277,302,2,25,28,reliable
I,Ia07,20,076,076,470,478,276,302,8,26,88,reliable
I,Ia07,21,076,076,479,542,276,304,63,28,611,reliable
I,Ia07,22,071.183,071,544,558,277,303,14,26,157,reliable
I,Ia07,23,430.076,430,565,574,276,303,9,27,82,reliable
I,Ia07,24,001.061,001,578,622,276,302,44,26,423,reliable
I,Ia07,25,076,076,626,637,276,301,11,25,91,reliable
I,Ia07,26,604.076?.075,604,638,702,276,303,64,27,592,reliable
I,Ia07,27,048,048,706,746,276,302,40,26,335,reliable
I,Ia07,28,600.530,600,748,774,276,301,26,25,245,reliable
I,Ia07,29,400,400,777,799,276,302,22,26,169,reliable
I,Ia07,30,222.076,222,802,805,277,302,3,25,35,reliable
I,Ia07,31,071.071,071,806,829,276,303,23,27,195,reliable
I,Ia07,32,076.073?,076,830,845,276,302,15,26,137,reliable
I,Ia07,33,069.076,069,848,869,277,302,21,25,185,reliable
I,Ia07,34,095f,095,873,924,276,304,51,28,437,reliable
I,Ia07,35,001V.076,001,925,960,277,304,35,27,290,reliable
I,Ia07,36,069,069,963,976,278,303,13,25,132,reliable
I,Ia07,37,570.069,570,979,998,278,303,19,25,157,reliable
I,Ia07,38,720.076,720,1001,1003,279,301,2,22,28,reliable
I,Ia07,39,070,070,1005,1026,279,303,21,24,170,reliable
I,Ia07,40,073.064,073,1032,1045,277,304,13,27,130,reliable
I,Ia07,41,090.076,090,1048,1062,277,304,14,27,131,reliable
I,Ia07,42,070,070,1064,1094,277,304,30,27,235,reliable
I,Ia07,43,027,027,1096,1122,277,304,26,27,221,reliable
I,Ia07,44,141.076,141,1125,1139,276,304,14,28,108,reliable
I,Ia07,45,729,729,1141,1142,278,302,1,24,24,reliable
I,Ia07,46,021:095,021,1147,1192,276,304,45,28,427,reliable
I,Ia07,47,604.076?.075,604,1194,1236,276,303,42,27,367,reliable
I,Ia07,48,090,090,1238,1263,277,304,25,27,190,reliable
I,Ia07,49,220?.076,220,1264,1291,277,303,27,26,230,reliable
I,Ia07,50,670,670,1294,1316,277,304,22,27,178,reliable
I,Ia07,51,021:092.071,021,1318,1328,277,304,10,27,92,reliable
I,Ia07,52,090.076,090,1330,1345,277,304,15,27,147,reliable
I,Ia07,53,001V,001,1349,1409,276,304,60,28,520,reliable
I,Ia07,54,071,071,1411,1422,277,303,11,26,130,reliable
I,Ia07,55,099.076,099,1426,1434,277,299,8,22,66,reliable
I,Ia07,56,532a,532,1438,1445,276,302,7,26,75,reliable
I,Ia07,57,700,700,1445,1465,276,302,20,26,159,reliable
I,Ia07,58,076,076,1466,1494,276,303,28,27,193,reliable
I,Ia07,59,168,168,1497,1523,276,295,26,19,132,reliable
I,Ia07,60,472,472,1525,1547,276,303,22,27,178,reliable
I,Ia07,61,470.076?,470,1553,1579,278,304,26,26,230,reliable
I,Ia07,62,533a,533,1583,1584,283,303,1,20,20,reliable
I,Ia07,63,538,538,1586,1611,278,303,25,25,249,reliable
I,Ia07,64,008.076,008,1614,1629,278,303,15,25,184,reliable
I,Ia07,65,142,142,1634,1690,277,304,56,27,488,reliable
I,Ia07,66,461,461,1690,1698,278,302,8,24,56,reliable
I,Ia07,67,076.490,076,1699,1721,276,304,22,28,231,reliable
I,Ia07,68,168,168,1724,1747,278,303,23,25,187,reliable
I,Ia07,69,600,600,1749,1771,278,304,22,26,210,reliable
I,Ia07,70,090.076,090,1774,1786,279,304,12,25,105,reliable
I,Ia07,71,280,280,1790,1792,279,303,2,24,31,reliable
I,Ia07,72,067,067,1795,1820,278,304,25,26,232,reliable
I,Ia07,73,194.076,194,1822,1832,279,304,10,25,101,reliable
I,Ia07,74,700,700,1834,1837,281,304,3,23,30,reliable
I,Ia07,75,001,001,1837,1855,279,304,18,25,173,reliable
I,Ia07,76,001,001,1856,1881,278,304,25,26,207,reliable
I,Ia07,77,074f,074,1882,1897,279,304,15,25,164,reliable
I,Ia07,78,049f.076,049,1899,1917,278,304,18,26,210,reliable
I,Ia07,79,149,149,1920,1922,279,303,2,24,36,reliable
I,Ia07,80,518,518,1924,1947,278,304,23,26,178,reliable
I,Ia07,81,090.076,090,1950,1964,279,304,14,25,125,reliable
I,Ia07,82,070,070,1966,1992,276,303,26,27,224,reliable
I,Ia07,83,532a,532,1994,2018,278,303,24,25,195,reliable
I,Ia07,84,084.076,084,2019,2046,278,304,27,26,234,reliable
I,Ia07,85,670,670,2046,2054,279,304,8,25,99,reliable
I,Ia07,86,700,700,2061,2081,279,303,20,24,184,reliable
I,Ia07,87,090.076,090,2083,2109,278,303,26,25,226,reliable
I,Ia07,88,607,607,2111,2120,277,302,9,25,97,reliable
I,Ia07,89,073f:490,073,2120,2156,278,302,36,24,308,reliable
I,Ia07,90,240.076,240,2159,2168,278,304,9,26,119,reliable
I,Ia07,91,700,700,2170,2197,278,304,27,26,255,reliable
I,Ia07,92,535s,535,2198,2221,278,303,23,25,191,reliable
I,Ia07,93,440.076,440,2223,2232,279,302,9,23,88,reliable
I,Ia07,94,073f,073,2235,2255,278,304,20,26,167,reliable
I,Ia07,95,631,631,2257,2281,278,304,24,26,228,reliable
I,Ia07,96,024.076,024,2282,2303,279,303,21,24,178,reliable
I,Ia07,97,384,384,2307,2335,277,302,28,25,273,reliable
I,Ia07,98,372,372,2337,2339,280,301,2,21,28,reliable
I,Ia07,99,090,090,2341,2349,279,301,8,22,76,reliable
I,Ia07,100,002,002,2354,2361,278,302,7,24,98,reliable
I,Ia07,101,010.700,010,2363,2377,278,300,14,22,147,reliable
I,Ia07,102,076.076t,076,2379,2381,280,301,2,21,28,reliable
I,Ia07,103,068,068,2383,2398,278,301,15,23,125,reliable
I,Ia07,104,430,430,2399,2411,278,301,12,23,105,reliable
I,Ia07,105,522?.076,522,2414,2425,278,301,11,23,116,reliable
I,Ia07,106,071,071,2426,2463,277,302,37,25,320,reliable
I,Ia07,107,090,090,2465,2475,277,300,10,23,87,reliable
I,Ia07,108,451.076,451,2477,2480,278,299,3,21,25,reliable
I,Ia07,109,027,027,2481,2502,276,300,21,24,193,reliable
I,Ia07,110,430,430,2503,2515,276,299,12,23,121,reliable
I,Ia07,111,071.076,071,2515,2536,276,300,21,24,185,reliable
I,Ia07,112,500,500,2536,2571,276,300,35,24,279,reliable
I,Ia07,113,041.062,041,2572,2585,277,299,13,22,127,reliable
I,Ia08,0,420y.006x,420,13,36,318,345,23,27,209,reliable
I,Ia08,1,430,430,38,54,318,344,16,26,115,reliable
I,Ia08,2,069.076,069,55,57,325,339,2,14,19,reliable
I,Ia08,3,280,280,59,77,318,344,18,26,197,reliable
I,Ia08,4,050:042,050,79,112,318,344,33,26,290,reliable
I,Ia08,5,445.076,445,114,143,318,344,29,26,276,reliable
I,Ia08,6,430.076,430,145,169,318,345,24,27,209,reliable
I,Ia08,7,630.076?,630,170,192,318,345,22,27,192,reliable
I,Ia08,8,386f,386,194,233,318,345,39,27,398,reliable
I,Ia08,9,700,700,236,263,318,344,27,26,273,reliable
I,Ia08,10,280.076,280,268,283,318,345,15,27,114,reliable
I,Ia08,11,420y,420,284,292,319,345,8,26,86,reliable
I,Ia08,12,065,065,296,314,320,346,18,26,189,reliable
I,Ia08,13,381f,381,315,344,319,347,29,28,193,reliable
I,Ia08,14,006x,006,345,353,320,347,8,27,100,reliable
I,Ia08,15,002,002,355,390,320,346,35,26,347,reliable
I,Ia08,16,514.076,514,392,414,319,346,22,27,226,reliable
I,Ia08,17,071.070,071,416,434,320,346,18,26,146,reliable
I,Ia08,18,076f,076,436,459,319,345,23,26,232,reliable
I,Ia08,19,029y.076,029,460,468,319,345,8,26,93,reliable
I,Ia08,20,022f,022,469,490,319,345,21,26,194,reliable
I,Ia08,21,280,280,492,512,319,345,20,26,177,reliable
I,Ia08,22,280,280,515,538,319,344,23,25,206,reliable
I,Ia08,23,326.076,326,541,575,319,346,34,27,353,reliable
I,Ia08,24,532.070,532,579,597,320,346,18,26,170,reliable
I,Ia08,25,631,631,598,628,320,347,30,27,264,reliable
I,Ia08,26,499.076,499,629,653,318,345,24,27,193,reliable
I,Ia08,27,532a,532,655,693,319,345,38,26,311,reliable
I,Ia08,28,631,631,694,697,324,344,3,20,30,reliable
I,Ia08,29,631,631,698,754,319,346,56,27,428,reliable
I,Ia08,30,499.076,499,755,774,320,346,19,26,191,reliable
I,Ia08,31,532a,532,777,779,323,344,2,21,36,reliable
I,Ia08,32,501,501,780,814,321,346,34,25,286,reliable
I,Ia08,33,499.062.076,499,817,831,321,345,14,24,109,reliable
I,Ia08,34,053,053,832,852,319,346,20,27,172,reliable
I,Ia08,35,200f,200,855,948,322,347,93,25,699,reliable
I,Ia08,36,070.076,070,951,956,327,345,5,18,37,reliable
I,Ia08,37,472,472,958,964,324,343,6,19,37,reliable
I,Ia08,38,729,729,967,984,321,345,17,24,149,reliable
I,Ia08,39,071.076,071,987,990,322,345,3,23,26,reliable
I,Ia08,40,037?,037,993,1010,321,347,17,26,132,reliable
I,Ia08,41,037?,037,1012,1024,321,343,12,22,83,reliable
I,Ia08,42,073.006,073,1025,1050,322,345,25,23,181,reliable
I,Ia08,43,048.076,048,1053,1083,321,346,30,25,268,reliable
I,Ia08,44,069,069,1085,1101,321,347,16,26,130,reliable
I,Ia08,45,499.006,499,1105,1112,321,346,7,25,93,reliable
I,Ia08,46,071.065.076,071,1114,1136,320,346,22,26,172,reliable
I,Ia08,47,400V,400,1140,1163,321,346,23,25,182,reliable
I,Ia08,48,002,002,1165,1196,320,346,31,26,243,reliable
I,Ia08,49,430.076,430,1198,1218,319,345,20,26,176,reliable
I,Ia08,50,168,168,1220,1231,321,345,11,24,82,reliable
I,Ia08,51,090,090,1234,1249,320,345,15,25,134,reliable
I,Ia08,52,470.076,470,1253,1286,321,346,33,25,265,reliable
I,Ia08,53,533a,533,1288,1290,323,344,2,21,23,reliable
I,Ia08,54,001V,001,1291,1312,321,346,21,25,164,reliable
I,Ia08,55,022.076,022,1314,1323,321,344,9,23,63,reliable
I,Ia08,56,074,074,1325,1333,321,345,8,24,70,reliable
I,Ia08,57,282,282,1335,1358,321,346,23,25,190,reliable
I,Ia08,58,630.076?,630,1359,1373,321,346,14,25,151,reliable
I,Ia08,59,001V.076,001,1375,1400,320,346,25,26,196,reliable
I,Ia08,60,024.076,024,1403,1426,321,347,23,26,192,reliable
I,Ia08,61,480,480,1430,1452,321,346,22,25,157,reliable
I,Ia08,62,730,730,1452,1475,321,346,23,25,173,reliable
I,Ia08,63,095f.076,095,1476,1478,321,345,2,24,26,reliable
I,Ia08,64,670,670,1481,1499,320,346,18,26,163,reliable
I,Ia08,65,720,720,1501,1527,320,346,26,26,182,reliable
I,Ia08,66,021:090.076,021,1527,1557,319,345,30,26,188,reliable
I,Ia08,67,607,607,1557,1560,324,341,3,17,17,reliable
I,Ia08,68,755.076.075,755,1564,1581,321,345,17,24,116,reliable
I,Ia08,69,607,607,1590,1608,322,347,18,25,147,reliable
I,Ia08,70,090.076,090,1610,1620,322,347,10,25,90,reliable
I,Ia08,71,057,057,1621,1652,321,347,31,26,253,reliable
I,Ia08,72,600.076,600,1654,1665,322,347,11,25,95,reliable
I,Ia08,73,161,161,1668,1686,322,347,18,25,153,reliable
I,Ia08,74,090.076,090,1690,1703,322,347,13,25,122,reliable
I,Ia08,75,070,070,1703,1718,321,347,15,26,131,reliable
I,Ia08,76,071,071,1724,1746,320,346,22,26,185,reliable
I,Ia08,77,600,600,1748,1787,320,346,39,26,318,reliable
I,Ia08,78,205,205,1792,1805,320,345,13,25,101,reliable
I,Ia08,79,076.076?,076,1808,1811,322,345,3,23,30,reliable
I,Ia08,80,092,092,1811,1814,321,345,3,24,34,reliable
I,Ia08,81,052,052,1814,1822,321,345,8,24,54,reliable
I,Ia08,82,069.076,069,1823,1845,321,345,22,24,183,reliable
I,Ia08,83,200f,200,1847,1867,319,345,20,26,174,reliable
I,Ia08,84,023,023,1869,1876,321,345,7,24,77,reliable
I,Ia08,85,440.076,440,1878,1897,320,346,19,26,170,reliable
I,Ia08,86,532a,532,1897,1920,320,345,23,25,181,reliable
I,Ia08,87,100,100,1922,1938,320,345,16,25,174,reliable
I,Ia08,88,004.064.076,004,1940,1968,320,346,28,26,237,reliable
I,Ia08,89,290,290,1971,1988,320,345,17,25,160,reliable
I,Ia08,90,062.076,062,1990,2005,320,346,15,26,154,reliable
I,Ia08,91,076.076?,076,2008,2024,320,346,16,26,115,reliable
I,Ia08,92,099,099,2024,2042,320,346,18,26,156,reliable
I,Ia08,93,204,204,2045,2097,318,345,52,27,421,reliable
I,Ia08,94,503?.076,503,2100,2109,318,344,9,26,84,reliable
I,Ia08,95,057,057,2114,2123,320,346,9,26,96,reliable
I,Ia08,96,700,700,2126,2128,321,345,2,24,35,reliable
I,Ia08,97,472.076,472,2128,2160,320,346,32,26,256,reliable
I,Ia08,98,075,075,2163,2178,320,345,15,25,153,reliable
I,Ia08,99,440,440,2180,2190,320,347,10,27,84,reliable
I,Ia08,100,024.076,024,2193,2217,320,346,24,26,217,reliable
I,Ia08,101,090f,090,2219,2234,320,345,15,25,110,reliable
I,Ia08,102,050,050,2238,2246,320,345,8,25,94,reliable
I,Ia08,103,045.076,045,2250,2253,321,344,3,23,42,reliable
I,Ia08,104,600,600,2256,2274,320,347,18,27,175,reliable
I,Ia08,105,087,087,2276,2298,319,347,22,28,205,reliable
I,Ia08,106,700.076?,700,2304,2316,319,346,12,27,100,reliable
I,Ia08,107,076.053h,076,2320,2343,319,346,23,27,174,reliable
I,Ia08,108,720.076,720,2343,2358,319,345,15,26,116,reliable
I,Ia08,109,070,070,2359,2387,319,346,28,27,263,reliable
I,Ia08,110,701,701,2388,2420,320,345,32,25,275,reliable
I,Ia08,111,214.076,214,2421,2455,320,346,34,26,286,reliable
I,Ia08,112,298,298,2455,2477,320,345,22,25,190,reliable
I,Ia09,0,700,700,13,23,364,391,10,27,106,reliable
I,Ia09,1,071.065.071,071,24,56,365,390,32,25,314,reliable
I,Ia09,2,604?.076?,604,58,159,364,392,101,28,790,reliable
I,Ia09,3,700?,700,166,186,364,391,20,27,182,reliable
I,Ia09,4,604?.076,604,187,189,377,389,2,12,23,reliable
I,Ia09,5,071,071,191,208,366,390,17,24,170,reliable
I,Ia09,6,600,600,210,217,378,390,7,12,37,reliable
I,Ia09,7,050.076,050,219,238,365,390,19,25,163,reliable
I,Ia09,8,002V,002,240,242,368,389,2,21,35,reliable
I,Ia09,9,076,076,245,254,365,390,9,25,87,reliable
I,Ia09,10,092f,092,258,273,365,390,15,25,128,reliable
I,Ia09,11,535s,535,274,300,365,391,26,26,231,reliable
I,Ia09,12,208.076,208,301,304,368,390,3,22,39,reliable
I,Ia09,13,532a,532,305,362,365,392,57,27,496,reliable
I,Ia09,14,244,244,363,395,367,391,32,24,249,reliable
I,Ia09,15,090.076,090,396,414,366,391,18,25,174,reliable
I,Ia09,16,057,057,415,428,365,391,13,26,96,reliable
I,Ia09,17,600,600,429,449,365,391,20,26,159,reliable
I,Ia09,18,700.076,700,452,470,365,392,18,27,166,reliable
I,Ia09,19,076.053h,076,472,481,366,391,9,25,74,reliable
I,Ia09,20,177,177,482,485,367,375,3,8,10,reliable
I,Ia09,21,700.076,700,486,507,365,391,21,26,127,reliable
I,Ia09,22,057,057,508,526,364,390,18,26,151,reliable
I,Ia09,23,741,741,530,548,365,391,18,26,116,reliable
I,Ia09,24,430.076,430,549,594,365,391,45,26,380,reliable
I,Ia09,25,532,532,598,621,365,392,23,27,204,reliable
I,Ia09,26,200,200,623,643,366,392,20,26,173,reliable
I,Ia09,27,059f.076,059,645,674,366,392,29,26,240,reliable
I,Ia09,28,074,074,677,693,365,391,16,26,111,reliable
I,Ia09,29,379,379,695,723,365,392,28,27,234,reliable
I,Ia09,30,002.076,002,727,748,365,392,21,27,179,reliable
I,Ia09,31,244,244,750,804,365,392,54,27,434,reliable
I,Ia09,32,280,280,807,828,365,392,21,27,187,reliable
I,Ia09,33,001V.076,001,831,854,365,392,23,27,173,reliable
I,Ia09,34,532a,532,855,886,365,392,31,27,289,reliable
I,Ia09,35,071:065.071,071,889,892,368,388,3,20,24,reliable
I,Ia09,36,700.076,700,894,914,366,392,20,26,173,reliable
I,Ia09,37,480,480,917,936,366,392,19,26,157,reliable
I,Ia09,38,600,600,939,960,365,392,21,27,181,reliable
I,Ia09,39,005.076,005,963,986,365,392,23,27,190,reliable
I,Ia09,40,420,420,988,1002,364,392,14,28,111,reliable
I,Ia09,41,519,519,1003,1017,364,391,14,27,106,reliable
I,Ia09,42,006.076,006,1018,1021,368,387,3,19,19,reliable
I,Ia09,43,073Vf?,073,1022,1043,364,390,21,26,153,reliable
I,Ia09,44,430.076,430,1046,1062,364,390,16,26,94,reliable
I,Ia09,45,006.006,006,1064,1089,364,390,25,26,191,reliable
I,Ia09,46,040,040,1091,1116,365,390,25,25,183,reliable
I,Ia09,47,002.076,002,1117,1127,365,390,10,25,75,reliable
I,Ia09,48,240,240,1128,1130,370,381,2,11,12,reliable
I,Ia09,49,382,382,1134,1154,365,390,20,25,161,reliable
I,Ia09,50,076,076,1155,1178,364,390,23,26,196,reliable
I,Ia09,51,053,053,1180,1200,364,389,20,25,165,reliable
I,Ia09,52,472,472,1203,1205,368,385,2,17,18,reliable
I,Ia09,53,021t,021,1208,1215,365,389,7,24,62,reliable
I,Ia09,54,386.076,386,1218,1230,365,389,12,24,110,reliable
I,Ia09,55,001V.037,001,1232,1259,365,391,27,26,187,reliable
I,Ia09,56,150.076,150,1262,1285,364,391,23,27,208,reliable
I,Ia09,57,001,001,1288,1303,364,390,15,26,111,reliable
I,Ia09,58,526fs,526,1306,1325,365,390,19,25,175,reliable
I,Ia09,59,383.076?,383,1329,1334,366,390,5,24,77,reliable
I,Ia09,60,280,280,1336,1366,365,391,30,26,248,reliable
I,Ia09,61,472,472,1369,1389,366,391,20,25,174,reliable
I,Ia09,62,790f.076,790,1391,1408,366,389,17,23,141,reliable
I,Ia09,63,445,445,1412,1432,365,390,20,25,139,reliable
I,Ia09,64,027,027,1433,1456,365,389,23,24,165,reliable
I,Ia09,65,061.000!.076,061,1460,1476,366,390,16,24,118,reliable
I,Ia09,66,193,193,1478,1490,366,391,12,25,100,reliable
I,Ia09,67,006:700,006,1492,1516,366,392,24,26,160,reliable
I,Ia09,68,406.076?,406,1518,1538,366,391,20,25,125,reliable
I,Ia09,69,076,076,1541,1549,366,390,8,24,61,reliable
I,Ia09,70,755.076.075,755,1552,1554,367,387,2,20,19,reliable
I,Ia09,71,090,090,1559,1586,364,391,27,27,223,reliable
I,Ia09,72,090,090,1589,1597,366,390,8,24,64,reliable
I,Ia09,73,720V.076,720,1600,1641,365,392,41,27,319,reliable
I,Ia09,74,070,070,1644,1655,366,391,11,25,85,reliable
I,Ia09,75,091,091,1658,1670,366,391,12,25,85,reliable
I,Ia09,76,430.076,430,1673,1710,365,391,37,26,272,reliable
I,Ia09,77,053,053,1711,1724,366,391,13,25,114,reliable
I,Ia09,78,600.075,600,1728,1739,366,392,11,26,74,reliable
I,Ia09,79,090.076,090,1743,1766,365,390,23,25,172,reliable
I,Ia09,80,057,057,1769,1782,366,390,13,24,106,reliable
I,Ia09,81,240.240.244,240,1783,1816,364,391,33,27,249,reliable
I,Ia09,82,059f.076,059,1818,1819,376,380,1,4,4,reliable
I,Ia09,83,001V,001,1819,1843,365,391,24,26,185,reliable
I,Ia09,84,176,176,1844,1859,365,390,15,25,105,reliable
I,Ia09,85,504.076,504,1859,1932,365,392,73,27,568,reliable
I,Ia09,86,430,430,1935,1961,365,390,26,25,182,reliable
I,Ia09,87,060.069,060,1964,1973,364,390,9,26,88,reliable
I,Ia09,88,379,379,1976,2002,365,390,26,25,165,reliable
I,Ia09,89,064,064,2003,2031,364,390,28,26,222,reliable
I,Ia09,90,379,379,2034,2047,366,391,13,25,91,reliable
I,Ia09,91,064,064,2049,2062,365,391,13,26,89,reliable
I,Ia09,92,002Vh,002,2065,2084,365,390,19,25,133,reliable
I,Ia09,93,048.076,048,2089,2110,364,390,21,26,197,reliable
I,Ia09,94,019f?,019,2110,2130,364,391,20,27,165,reliable
I,Ia09,95,440,440,2132,2147,364,391,15,27,142,reliable
I,Ia09,96,741.076,741,2149,2159,364,389,10,25,99,reliable
I,Ia09,97,009,009,2159,2160,371,381,1,10,10,reliable
I,Ia09,98,076,076,2161,2186,364,389,25,25,208,reliable
I,Ia09,99,304,304,2188,2209,364,389,21,25,189,reliable
I,Ia09,100,006.048f.006,006,2212,2232,364,390,20,26,164,reliable
I,Ia09,101,070,070,2232,2256,364,389,24,25,229,reliable
I,Ia09,102,024,024,2258,2269,364,389,11,25,108,reliable
I,Ia09,103,631,631,2271,2283,364,390,12,26,122,reliable
I,Ia09,104,048,048,2284,2301,364,390,17,26,148,reliable
I,Ia09,105,690.076,690,2304,2312,364,391,8,27,80,reliable
I,Ia09,106,670,670,2317,2318,375,383,1,8,8,reliable
I,Ia09,107,206,206,2321,2344,367,392,23,25,194,reliable
I,Ia09,108,383.076,383,2344,2391,367,392,47,25,360,reliable
I,Ia09,109,280,280,2391,2418,367,392,27,25,245,reliable
I,Ia09,110,700,700,2419,2437,366,391,18,25,154,reliable
I,Ia09,111,224,224,2438,2470,366,392,32,26,291,reliable
I,Ia09,112,600y,600,2470,2484,365,391,14,26,119,reliable
I,Ia09,113,069.074f,069,2487,2495,366,390,8,24,64,reliable
I,Ia09,114,047.010f.076,047,2495,2502,367,392,7,25,80,reliable
I,Ia09,115,024,024,2505,2530,366,391,25,25,231,reliable
I,Ia09,116,021:095.076,021,2532,2543,365,391,11,26,125,reliable
I,Ia09,117,760?,760,2545,2565,365,391,20,26,157,reliable
I,Ia09,118,048,048,2565,2587,365,390,22,25,178,reliable
I,Ia09,119,004.076,004,2587,2613,364,389,26,25,185,reliable
I,Ia10,0,006.048.010,006,13,35,408,434,22,26,238,reliable
I,Ia10,1,430.076,430,36,77,408,435,41,27,407,reliable
I,Ia10,2,769a,769,79,103,408,434,24,26,230,reliable
I,Ia10,3,381.076,381,104,145,407,434,41,27,365,reliable
I,Ia10,4,734,734,145,170,407,434,25,27,246,reliable
I,Ia10,5,503,503,172,189,409,435,17,26,166,reliable
I,Ia10,6,381.076,381,190,201,408,434,11,26,109,reliable
I,Ia10,7,006.074f,006,204,248,408,436,44,28,418,reliable
I,Ia10,8,070,070,250,263,409,436,13,27,116,reliable
I,Ia10,9,023.076,023,266,283,408,435,17,27,191,reliable
I,Ia10,10,760?,760,288,308,408,436,20,28,183,reliable
I,Ia10,11,571,571,310,325,409,436,15,27,103,reliable
I,Ia10,12,005.076,005,326,345,409,436,19,27,190,reliable
I,Ia10,13,600,600,346,369,409,436,23,27,176,reliable
I,Ia10,14,090,090,369,422,409,436,53,27,438,reliable
I,Ia10,15,700.076,700,423,440,408,435,17,27,134,reliable
I,Ia10,16,726,726,442,461,409,436,19,27,165,reliable
I,Ia10,17,499.006,499,461,482,409,436,21,27,150,reliable
I,Ia10,18,200.076,200,481,496,409,435,15,26,119,reliable
I,Ia10,19,420y,420,496,515,409,436,19,27,133,reliable
I,Ia10,20,700.076,700,515,531,410,435,16,25,130,reliable
I,Ia10,21,726,726,533,546,409,436,13,27,110,reliable
I,Ia10,22,130,130,551,566,409,435,15,26,187,reliable
I,Ia10,23,430.076,430,570,616,407,435,46,28,441,reliable
I,Ia10,24,774,774,616,654,407,435,38,28,360,reliable
I,Ia10,25,144,144,657,673,407,433,16,26,163,reliable
I,Ia10,26,001V.076,001,676,699,407,432,23,25,207,reliable
I,Ia10,27,760,760,702,732,407,434,30,27,282,reliable
I,Ia10,28,306,306,732,756,407,434,24,27,214,reliable
I,Ia10,29,606.076,606,758,789,407,434,31,27,219,reliable
I,Ia10,30,026,026,788,792,407,412,4,5,9,reliable
I,Ia10,31,600f,600,792,801,408,433,9,25,76,reliable
I,Ia10,32,200.076,200,804,810,408,434,6,26,80,reliable
I,Ia10,33,530,530,813,829,408,434,16,26,161,reliable
I,Ia10,34,320.076,320,830,836,409,433,6,24,73,reliable
I,Ia10,35,022,022,836,851,408,434,15,26,160,reliable
I,Ia10,36,074.076,074,855,876,408,435,21,27,180,reliable
I,Ia10,37,053,053,876,886,409,435,10,26,104,reliable
I,Ia10,38,050V,050,890,943,409,436,53,27,452,reliable
I,Ia10,39,700.076,700,944,971,409,436,27,27,267,reliable
I,Ia10,40,700f,700,972,986,409,434,14,25,97,reliable
I,Ia10,41,746,746,988,1021,409,435,33,26,280,reliable
I,Ia10,42,600.076,600,1020,1087,408,435,67,27,535,reliable
I,Ia10,43,211s,211,1091,1122,407,436,31,29,287,reliable
I,Ia10,44,049f,049,1123,1142,407,435,19,28,173,reliable
I,Ia10,45,280.076,280,1142,1157,407,433,15,26,149,reliable
I,Ia10,46,376,376,1157,1162,407,429,5,22,50,reliable
I,Ia10,47,376y,376,1163,1175,407,433,12,26,100,reliable
I,Ia10,48,023.076,023,1177,1206,407,434,29,27,252,reliable
I,Ia10,49,760?,760,1206,1226,407,434,20,27,166,reliable
I,Ia10,50,386,386,1226,1236,407,434,10,27,82,reliable
I,Ia10,51,700.076,700,1238,1261,407,435,23,28,198,reliable
I,Ia10,52,571,571,1262,1291,407,435,29,28,238,reliable
I,Ia10,53,075.076,075,1291,1328,408,436,37,28,292,reliable
I,Ia10,54,191,191,1329,1343,408,435,14,27,107,reliable
I,Ia10,55,076,076,1344,1354,408,435,10,27,82,reliable
I,Ia10,56,049f.076,049,1356,1396,408,436,40,28,350,reliable
I,Ia10,57,179,179,1396,1419,408,435,23,27,181,reliable
I,Ia10,58,598a,598,1423,1443,408,436,20,28,208,reliable
I,Ia10,59,430.076,430,1444,1453,408,436,9,28,93,reliable
I,Ia10,60,005,005,1455,1469,408,435,14,27,132,reliable
I,Ia10,61,090,090,1470,1489,407,436,19,29,184,reliable
I,Ia10,62,073.006.076.075,073,1490,1501,409,436,11,27,97,reliable
I,Ia10,63,720,720,1500,1513,409,436,13,27,131,reliable
I,Ia10,64,020f.076,020,1514,1537,408,436,23,28,220,reliable
I,Ia10,65,700,700,1539,1561,408,436,22,28,202,reliable
I,Ia10,66,071,071,1564,1571,409,435,7,26,93,reliable
I,Ia10,67,700.076,700,1573,1587,409,436,14,27,93,reliable
I,Ia10,68,006,006,1587,1616,409,436,29,27,258,reliable
I,Ia10,69,700,700,1621,1666,408,436,45,28,376,reliable
I,Ia10,70,208,208,1667,1699,408,436,32,28,275,reliable
I,Ia10,71,430.076,430,1705,1726,407,434,21,27,209,reliable
I,Ia10,72,001V,001,1726,1751,407,435,25,28,220,reliable
I,Ia10,73,076,076,1751,1777,407,434,26,27,238,reliable
I,Ia10,74,280.076,280,1779,1801,409,433,22,24,185,reliable
I,Ia10,75,340.027.075,340,1802,1826,407,434,24,27,204,reliable
I,Ia10,76,600f.076,600,1826,1852,407,435,26,28,223,reliable
I,Ia10,77,061.700.061,061,1853,1865,408,434,12,26,105,reliable
I,Ia10,78,600,600,1864,1878,408,434,14,26,104,reliable
I,Ia10,79,059f.076,059,1881,1889,408,434,8,26,81,reliable
I,Ia10,80,781,781,1892,1908,408,435,16,27,181,reliable
I,Ia10,81,503,503,1909,1916,408,434,7,26,78,reliable
I,Ia10,82,430.076,430,1917,1926,408,435,9,27,91,reliable
I,Ia10,83,005,005,1928,1943,408,435,15,27,143,reliable
I,Ia10,84,076,076,1944,1954,408,434,10,26,97,reliable
I,Ia10,85,090,090,1954,1983,408,435,29,27,248,reliable
I,Ia10,86,700.076,700,1986,2039,408,434,53,26,466,reliable
I,Ia10,87,021:069,021,2038,2054,409,436,16,27,152,reliable
I,Ia10,88,451?.076?,451,2054,2056,415,422,2,7,8,reliable
I,Ia10,89,006,006,2059,2080,408,434,21,26,230,reliable
I,Ia10,90,208.010f?,208,2082,2090,408,434,8,26,84,reliable
I,Ia10,91,090.076,090,2092,2101,408,434,9,26,101,reliable
I,Ia10,92,072,072,2102,2104,411,429,2,18,22,reliable
I,Ia10,93,205,205,2106,2131,408,434,25,26,264,reliable
I,Ia10,94,090.076:000!.076,090,2132,2149,408,434,17,26,156,reliable
I,Ia10,95,029y.076,029,2150,2171,409,435,21,26,168,reliable
I,Ia10,96,048,048,2173,2175,413,431,2,18,24,reliable
I,Ia10,97,700,700,2176,2199,408,434,23,26,200,reliable
I,Ia10,98,073.064.076,073,2201,2215,408,434,14,26,131,reliable
I,Ia10,99,075,075,2214,2232,409,434,18,25,165,reliable
I,Ia10,100,720,720,2234,2236,413,428,2,15,23,reliable
I,Ia10,101,059f.076,059,2237,2256,409,434,19,25,155,reliable
I,Ia10,102,400V,400,2257,2293,407,434,36,27,298,reliable
I,Ia10,103,280,280,2295,2297,412,431,2,19,25,reliable
I,Ia10,104,379.076,379,2298,2324,408,434,26,26,256,reliable
I,Ia10,105,200f,200,2324,2343,409,434,19,25,154,reliable
I,Ia10,106,059f,059,2344,2352,410,434,8,24,91,reliable
I,Ia10,107,280.076,280,2355,2357,412,431,2,19,28,reliable
I,Ia10,108,391,391,2359,2383,409,435,24,26,226,reliable
I,Ia10,109,002,002,2384,2399,408,435,15,27,125,reliable
I,Ia10,110,200.076,200,2398,2420,408,435,22,27,169,reliable
I,Ia10,111,445,445,2420,2441,409,434,21,25,181,reliable
I,Ia10,112,499,499,2442,2491,409,435,49,26,445,reliable
I,Ia10,113,049f.076,049,2492,2494,412,430,2,18,28,reliable
I,Ia10,114,509f.009,509,2495,2517,408,435,22,27,205,reliable
I,Ia10,115,600f,600,2518,2522,410,434,4,24,45,reliable
I,Ia10,116,430.076,430,2521,2525,410,434,4,24,36,reliable
I,Ia10,117,168,168,2525,2538,409,434,13,25,132,reliable
I,Ia10,118,076,076,2539,2548,409,434,9,25,87,reliable
I,Ia10,119,059f.076,059,2549,2575,408,434,26,26,226,reliable
I,Ia10,120,532,532,2575,2599,408,435,24,27,230,reliable
I,Ia10,121,204,204,2600,2626,409,435,26,26,214,reliable
I,Ia10,122,048f,048,2629,2638,409,433,9,24,89,reliable
I,Ia10,123,076,076,2641,2650,408,434,9,26,90,reliable
I,Ia11,0,430.076,430,12,37,451,479,25,28,210,reliable
I,Ia11,1,021t,021,38,62,451,478,24,27,213,reliable
I,Ia11,2,326,326,61,64,451,479,3,28,16,reliable
I,Ia11,3,276,276,64,70,451,479,6,28,58,reliable
I,Ia11,4,200,200,70,108,451,479,38,28,341,reliable
I,Ia11,5,076,076,108,117,451,479,9,28,80,reliable
I,Ia11,6,021t,021,116,127,451,479,11,28,83,reliable
I,Ia11,7,506,506,127,155,451,479,28,28,271,reliable
I,Ia11,8,205s,205,155,169,451,479,14,28,146,reliable
I,Ia11,9,700.076,700,171,189,451,478,18,27,184,reliable
I,Ia11,10,066.009x,066,190,211,451,478,21,27,198,reliable
I,Ia11,11,029,029,212,223,451,477,11,26,126,reliable
I,Ia11,12,582.076,582,225,252,451,479,27,28,275,reliable
I,Ia11,13,207,207,253,277,451,478,24,27,234,reliable
I,Ia11,14,060,060,278,285,451,478,7,27,82,reliable
I,Ia11,15,002V.076,002,289,311,453,481,22,28,224,reliable
I,Ia11,16,184,184,312,335,452,480,23,28,205,reliable
I,Ia11,17,006,006,335,345,453,481,10,28,113,reliable
I,Ia11,18,396.076,396,344,368,453,481,24,28,242,reliable
I,Ia11,19,736s,736,370,396,453,481,26,28,274,reliable
I,Ia11,20,356?,356,397,432,452,480,35,28,364,reliable
I,Ia11,21,306.076,306,432,458,452,480,26,28,273,reliable
I,Ia11,22,161,161,458,467,453,481,9,28,109,reliable
I,Ia11,23,470?,470,469,486,452,481,17,29,189,reliable
I,Ia11,24,001.076,001,487,493,452,480,6,28,92,reliable
I,Ia11,25,530,530,493,529,452,480,36,28,343,reliable
I,Ia11,26,002,002,528,538,453,479,10,26,93,reliable
I,Ia11,27,736.076,736,538,560,453,478,22,25,210,reliable
I,Ia11,28,532a:042,532,566,583,452,479,17,27,199,reliable
I,Ia11,29,314,314,583,588,452,479,5,27,39,reliable
I,Ia11,30,526.076,526,588,597,452,479,9,27,66,reliable
I,Ia11,31,320.069,320,597,609,452,479,12,27,122,reliable
I,Ia11,32,376,376,609,649,452,479,40,27,377,reliable
I,Ia11,33,021:700.076,021,651,677,452,479,26,27,230,reliable
I,Ia11,34,001.009,001,676,702,452,478,26,26,213,reliable
I,Ia11,35,381,381,704,723,452,479,19,27,186,reliable
I,Ia11,36,755,755,723,739,453,479,16,26,166,reliable
I,Ia11,37,406s,406,741,760,452,479,19,27,184,reliable
I,Ia11,38,290:042,290,761,775,453,479,14,26,152,reliable
I,Ia11,39,386.076,386,778,806,452,479,28,27,258,reliable
I,Ia11,40,189,189,805,826,453,479,21,26,184,reliable
I,Ia11,41,002V,002,825,846,453,479,21,26,211,reliable
I,Ia11,42,095x.037?.076,095,846,886,454,480,40,26,383,reliable
I,Ia11,43,155,155,888,910,454,479,22,25,187,reliable
I,Ia11,44,500,500,911,922,454,480,11,26,145,reliable
I,Ia11,45,205.076,205,923,940,453,480,17,27,159,reliable
I,Ia11,46,700f.010,700,940,969,453,480,29,27,257,reliable
I,Ia11,47,670,670,970,985,453,480,15,27,139,reliable
I,Ia11,48,195.076,195,987,1008,453,481,21,28,194,reliable
I,Ia11,49,002,002,1007,1030,454,480,23,26,214,reliable
I,Ia11,50,700f,700,1031,1040,454,479,9,25,98,reliable
I,Ia11,51,386Vy.076,386,1041,1050,453,479,9,26,89,reliable
I,Ia11,52,053,053,1051,1073,452,479,22,27,246,reliable
I,Ia11,53,700.061,700,1074,1087,453,479,13,26,122,reliable
I,Ia11,54,466.076,466,1086,1105,453,480,19,27,178,reliable
I,Ia11,55,600,600,1106,1135,452,480,29,28,271,reliable
I,Ia11,56,517,517,1135,1157,453,480,22,27,180,reliable
I,Ia11,57,065.076?,065,1157,1174,453,480,17,27,159,reliable
I,Ia11,58,600,600,1175,1189,453,479,14,26,109,reliable
I,Ia11,59,276,276,1188,1208,452,479,20,27,194,reliable
I,Ia11,60,040?.076,040,1210,1249,452,480,39,28,360,reliable
I,Ia11,61,534,534,1249,1278,452,480,29,28,290,reliable
I,Ia11,62,600,600,1278,1299,453,480,21,27,193,reliable
I,Ia11,63,386y.076,386,1301,1324,453,480,23,27,228,reliable
I,Ia11,64,600,600,1325,1346,453,480,21,27,198,reliable
I,Ia11,65,591,591,1348,1360,454,480,12,26,119,reliable
I,Ia11,66,081.076,081,1361,1388,454,480,27,26,233,reliable
I,Ia11,67,386,386,1389,1408,454,480,19,26,176,reliable
I,Ia11,68,305s.076,305,1411,1441,453,480,30,27,289,reliable
I,Ia11,69,043h?,043,1441,1466,453,480,25,27,199,reliable
I,Ia11,70,300y,300,1467,1489,453,480,22,27,197,reliable
I,Ia11,71,385,385,1489,1514,453,480,25,27,253,reliable
I,Ia11,72,204.076,204,1513,1547,454,480,34,26,290,reliable
I,Ia11,73,254,254,1546,1578,454,479,32,25,280,reliable
I,Ia11,74,499.076,499,1580,1596,452,479,16,27,122,reliable
I,Ia11,75,539b,539,1597,1620,453,480,23,27,213,reliable
I,Ia11,76,205s,205,1621,1656,452,480,35,28,314,reliable
I,Ia11,77,074f.000!.074f.076,074,1659,1685,451,478,26,27,227,reliable
I,Ia11,78,530,530,1689,1717,451,479,28,28,270,reliable
I,Ia11,79,326.076,326,1718,1740,451,479,22,28,198,reliable
I,Ia11,80,600,600,1741,1759,451,479,18,28,205,reliable
I,Ia11,81,510,510,1760,1783,451,478,23,27,217,reliable
I,Ia11,82,092:005.076,092,1782,1800,451,479,18,28,184,reliable
I,Ia11,83,522,522,1804,1831,451,478,27,27,294,reliable
I,Ia11,84,010.005.076,010,1832,1845,451,479,13,28,134,reliable
I,Ia11,85,079f,079,1847,1855,451,478,8,27,114,reliable
I,Ia11,86,004f?,004,1858,1895,452,480,37,28,387,reliable
I,Ia11,87,680,680,1897,1904,454,479,7,25,83,reliable
I,Ia11,88,001V,001,1905,1935,452,480,30,28,185,reliable
I,Ia11,89,306?.076,306,1935,1950,452,480,15,28,99,reliable
I,Ia11,90,305,305,1950,1962,452,480,12,28,126,reliable
I,Ia11,91,306s,306,1965,1988,452,481,23,29,229,reliable
I,Ia11,92,540s.076,540,1990,2015,452,480,25,28,244,reliable
I,Ia11,93,510,510,2015,2047,453,480,32,27,308,reliable
I,Ia11,94,002.076,002,2049,2067,452,480,18,28,201,reliable
I,Ia11,95,600,600,2069,2087,453,480,18,27,176,reliable
I,Ia11,96,776,776,2090,2108,452,480,18,28,198,reliable
I,Ia11,97,002V.076.077?,002,2109,2135,453,480,26,27,271,reliable
I,Ia11,98,326,326,2137,2175,452,481,38,29,416,reliable
I,Ia11,99,004.076,004,2177,2204,452,481,27,29,265,reliable
I,Ia11,100,021t,021,2209,2226,451,480,17,29,203,reliable
I,Ia11,101,291,291,2227,2245,451,478,18,27,178,reliable
I,Ia11,102,020.007,020,2248,2276,452,480,28,28,265,reliable
I,Ia11,103,010.047.076,010,2277,2307,452,478,30,26,271,reliable
I,Ia11,104,047,047,2310,2324,452,480,14,28,107,reliable
I,Ia11,105,063,063,2324,2335,453,478,11,25,95,reliable
I,Ia11,106,522f.071,522,2334,2360,452,481,26,29,275,reliable
I,Ia11,107,760,760,2361,2391,453,480,30,27,261,reliable
I,Ia11,108,290:042,290,2391,2407,453,479,16,26,167,reliable
I,Ia11,109,206.076,206,2408,2437,453,479,29,26,281,reliable
I,Ia11,110,510,510,2438,2458,452,480,20,28,216,reliable
I,Ia11,111,092f,092,2459,2474,454,479,15,25,134,reliable
I,Ia11,112,202.076,202,2473,2504,454,480,31,26,305,reliable
I,Ia11,113,726,726,2505,2523,454,480,18,26,170,reliable
I,Ia11,114,002V,002,2524,2543,454,480,19,26,179,reliable
I,Ia11,115,001V.076,001,2544,2563,453,479,19,26,197,reliable
I,Ia11,116,200,200,2562,2582,453,479,20,26,190,reliable
I,Ia11,117,726,726,2583,2604,453,480,21,27,195,reliable
I,Ia11,118,571.076,571,2606,2627,453,480,21,27,189,reliable
I,Ia11,119,005,005,2627,2643,454,479,16,25,127,reliable
I,Ia11,120,023,023,2645,2652,454,480,7,26,81,reliable
I,Ia11,121,092f.076,092,2655,2678,454,480,23,26,227,reliable
I,Ia11,122,090f,090,2679,2692,454,479,13,25,115,reliable
I,Ia12,0,053.076,053,655,658,497,524,3,27,36,reliable
I,Ia12,1,020.010,020,658,661,497,523,3,26,42,reliable
I,Ia12,2,019,019,661,678,496,524,17,28,154,reliable
I,Ia12,3,099.076,099,681,698,496,523,17,27,185,reliable
I,Ia12,4,071,071,701,708,496,522,7,26,96,reliable
I,Ia12,5,513a,513,710,739,495,523,29,28,238,reliable
I,Ia12,6,001V.076,001,739,754,495,520,15,25,119,reliable
I,Ia12,7,069,069,756,775,495,521,19,26,150,reliable
I,Ia12,8,051,051,778,797,496,521,19,25,171,reliable
I,Ia12,9,547.076,547,797,808,495,521,11,26,92,reliable
I,Ia12,10,670,670,809,823,496,522,14,26,118,reliable
I,Ia12,11,055b.490,055,826,857,498,524,31,26,249,reliable
I,Ia12,12,440.076,440,859,884,499,523,25,24,177,reliable
I,Ia12,13,071,071,887,910,498,523,23,25,168,reliable
I,Ia12,14,090,090,911,933,495,522,22,27,190,reliable
I,Ia12,15,047.076,047,939,951,497,522,12,25,130,reliable
I,Ia12,16,076,076,953,970,497,523,17,26,111,reliable
I,Ia12,17,290,290,972,992,497,524,20,27,187,reliable
I,Ia12,18,071.076,071,993,1004,497,524,11,27,92,reliable
I,Ia12,19,406.076,406,1006,1028,497,524,22,27,226,reliable
I,Ia12,20,011.069,011,1029,1055,496,524,26,28,239,reliable
I,Ia12,21,200,200,1056,1091,496,523,35,27,316,reliable
I,Ia12,22,071.076,071,1092,1136,496,522,44,26,407,reliable
I,Ia12,23,010.079f,010,1137,1165,496,524,28,28,259,reliable
I,Ia12,24,029y,029,1167,1183,496,523,16,27,176,reliable
I,Ia12,25,633.076,633,1185,1197,495,523,12,28,140,reliable
I,Ia12,26,011,011,1200,1227,495,524,27,29,240,reliable
I,Ia12,27,090,090,1233,1238,495,524,5,29,94,reliable
I,Ia12,28,090.076,090,1241,1252,495,523,11,28,88,reliable
I,Ia12,29,530,530,1257,1304,495,524,47,29,406,reliable
I,Ia12,30,090f,090,1305,1319,495,522,14,27,119,reliable
I,Ia12,31,090.076,090,1322,1324,497,521,2,24,26,reliable
I,Ia12,32,011,011,1326,1344,496,523,18,27,146,reliable
I,Ia12,33,130,130,1346,1352,495,522,6,27,101,reliable
I,Ia12,34,693.076,693,1354,1370,495,522,16,27,162,reliable
I,Ia12,35,529,529,1370,1392,496,523,22,27,192,reliable
I,Ia12,36,090,090,1392,1421,495,524,29,29,262,reliable
I,Ia12,37,023,023,1421,1439,495,524,18,29,125,reliable
I,Ia12,38,050t,050,1439,1467,495,524,28,29,227,reliable
I,Ia12,39,606.076,606,1469,1525,495,524,56,29,500,reliable
I,Ia12,40,071.061,071,1526,1546,496,523,20,27,209,reliable
I,Ia12,41,290,290,1548,1556,495,523,8,28,83,reliable
I,Ia12,42,076,076,1557,1571,495,523,14,28,121,reliable
I,Ia12,43,071,071,1573,1599,495,522,26,27,229,reliable
I,Ia12,44,607,607,1600,1641,495,523,41,28,374,reliable
I,Ia12,45,208.076?,208,1643,1681,495,523,38,28,342,reliable
I,Ia12,46,090,090,1682,1696,495,523,14,28,132,reliable
I,Ia12,47,305.076,305,1697,1709,495,523,12,28,119,reliable
I,Ia12,48,071,071,1711,1744,496,523,33,27,280,reliable
I,Ia12,49,009:090,009,1747,1760,497,524,13,27,106,reliable
I,Ia12,50,008:007.076,008,1760,1793,496,524,33,28,297,reliable
I,Ia12,51,049f,049,1795,1804,497,523,9,26,89,reliable
I,Ia12,52,606.076,606,1806,1821,497,522,15,25,157,reliable
I,Ia12,53,700,700,1824,1842,496,522,18,26,147,reliable
I,Ia12,54,008,008,1844,1860,496,522,16,26,175,reliable
I,Ia12,55,090.076,090,1862,1882,497,523,20,26,198,reliable
I,Ia12,56,020.010,020,1886,1909,497,523,23,26,231,reliable
I,Ia12,57,600,600,1910,1928,496,522,18,26,168,reliable
I,Ia12,58,379.051,379,1930,1939,496,522,9,26,98,reliable
I,Ia12,59,001V.076,001,1943,1962,497,522,19,25,183,reliable
I,Ia12,60,029y:069,029,1963,1969,497,523,6,26,94,reliable
I,Ia12,61,700.076,700,1972,2021,497,524,49,27,478,reliable
I,Ia12,62,011,011,2021,2035,497,523,14,26,139,reliable
I,Ia12,63,091,091,2035,2050,499,522,15,23,138,reliable
I,Ia12,64,430.076,430,2052,2064,498,522,12,24,112,reliable
I,Ia12,65,200?,200,2064,2099,496,522,35,26,350,reliable
I,Ia12,66,380.061x,380,2099,2107,497,522,8,25,81,reliable
I,Ia12,67,002V:076,002,2109,2136,496,522,27,26,248,reliable
I,Ia12,68,055a,055,2138,2146,496,521,8,25,72,reliable
I,Ia12,69,209.209,209,2147,2181,495,522,34,27,294,reliable
I,Ia12,70,076:011,076,2183,2185,497,521,2,24,36,reliable
I,Ia12,71,209,209,2186,2210,495,522,24,27,217,reliable
I,Ia12,72,076,076,2212,2230,496,522,18,26,187,reliable
I,Ia12,73,600V.009,600,2233,2245,496,523,12,27,152,reliable
I,Ia12,74,633.076,633,2246,2274,496,523,28,27,267,reliable
I,Ia12,75,690,690,2276,2280,497,522,4,25,35,reliable
I,Ia12,76,150,150,2280,2287,496,522,7,26,54,reliable
I,Ia12,77,202.076,202,2287,2304,498,523,17,25,121,reliable
I,Ia12,78,006,006,2305,2332,497,524,27,27,243,reliable
I,Ia12,79,055a,055,2335,2352,496,523,17,27,141,reliable
I,Ia12,80,760,760,2355,2383,495,523,28,28,257,reliable
I,Ia12,81,036,036,2385,2397,497,522,12,25,100,reliable
I,Ia12,82,026.076,026,2398,2416,496,524,18,28,178,reliable
I,Ia12,83,055a,055,2419,2425,496,522,6,26,80,reliable
I,Ia12,84,006:700.076,006,2429,2438,496,523,9,27,92,reliable
I,Ia12,85,073f,073,2440,2452,496,523,12,27,106,reliable
I,Ia12,86,050,050,2453,2493,497,524,40,27,369,reliable
I,Ia12,87,050:090,050,2496,2507,498,524,11,26,96,reliable
I,Ia12,88,055a.076,055,2506,2522,496,524,16,28,142,reliable
I,Ia12,89,536,536,2524,2540,496,524,16,28,129,reliable
I,Ia12,90,006:700,006,2540,2559,497,524,19,27,146,reliable
I,Ia12,91,011:440.076,011,2560,2567,498,522,7,24,47,reliable
I,Ia12,92,670?:000!,670,2566,2567,497,502,1,5,5,reliable
I,Ia12,93,430.076,430,2568,2574,498,522,6,24,67,reliable
I,Ia12,94,006.071,006,2577,2597,497,523,20,26,178,reliable
I,Ia12,95,382,382,2600,2617,497,522,17,25,153,reliable
I,Ia12,96,090.076,090,2618,2635,498,523,17,25,124,reliable
I,Ia12,97,300?,300,2640,2656,496,521,16,25,145,reliable
I,Ia12,98,070h,070,2658,2684,495,521,26,26,243,reliable
I,Ia12,99,099:090?,099,2687,2704,495,522,17,27,144,reliable
I,Ia13,0,606.076,606,9,32,539,568,23,29,182,reliable
I,Ia13,1,406s.009x,406,32,123,539,568,91,29,912,reliable
I,Ia13,2,064.700.071.076,064,123,136,541,567,13,26,138,reliable
I,Ia13,3,055a,055,136,153,540,567,17,27,175,reliable
I,Ia13,4,280,280,155,164,540,566,9,26,95,reliable
I,Ia13,5,065,065,166,188,540,567,22,27,237,reliable
I,Ia13,6,591.076,591,189,195,540,567,6,27,121,reliable
I,Ia13,7,011,011,197,208,540,567,11,27,112,reliable
I,Ia13,8,076?,076,211,213,542,566,2,24,38,reliable
I,Ia13,9,021:090V.076,021,214,234,539,567,20,28,204,reliable
I,Ia13,10,021h,021,236,251,540,566,15,26,180,reliable
I,Ia13,11,020.010,020,252,262,540,567,10,27,104,reliable
I,Ia13,12,069,069,263,289,540,567,26,27,241,reliable
I,Ia13,13,071.076,071,293,320,539,566,27,27,245,reliable
I,Ia13,14,126,126,320,332,539,566,12,27,112,reliable
I,Ia13,15,161,161,334,348,539,566,14,27,178,reliable
I,Ia13,16,150,150,349,364,541,565,15,24,129,reliable
I,Ia13,17,005,005,364,390,539,566,26,27,268,reliable
I,Ia13,18,619,619,391,411,539,566,20,27,176,reliable
I,Ia13,19,430.076,430,413,424,539,565,11,26,114,reliable
I,Ia13,20,055a,055,425,473,539,566,48,27,442,reliable
I,Ia13,21,168,168,475,481,539,565,6,26,114,reliable
I,Ia13,22,072.076,072,485,494,539,565,9,26,88,reliable
I,Ia13,23,011,011,497,517,539,566,20,27,220,reliable
I,Ia13,24,073f,073,520,547,540,567,27,27,159,reliable
I,Ia13,25,027.076,027,551,559,540,567,8,27,94,reliable
I,Ia13,26,002,002,564,582,541,568,18,27,176,reliable
I,Ia13,27,009.076,009,583,596,539,566,13,27,126,reliable
I,Ia13,28,071,071,598,606,539,565,8,26,86,reliable
I,Ia13,29,002,002,607,640,539,566,33,27,286,reliable
I,Ia13,30,536.076,536,642,667,539,566,25,27,273,reliable
I,Ia13,31,020.010.076,020,670,672,540,565,2,25,34,reliable
I,Ia13,32,007.076,007,675,700,539,566,25,27,230,reliable
I,Ia13,33,071,071,700,714,539,566,14,27,136,reliable
I,Ia13,34,700,700,716,734,539,565,18,26,178,reliable
I,Ia13,35,430.076,430,736,757,539,566,21,27,215,reliable
I,Ia13,36,022h,022,758,783,539,566,25,27,237,reliable
I,Ia13,37,530,530,783,800,539,565,17,26,169,reliable
I,Ia13,38,062.050,062,803,826,539,566,23,27,234,reliable
I,Ia13,39,726.076,726,829,835,539,566,6,27,98,reliable
I,Ia13,40,011,011,836,859,539,566,23,27,203,reliable
I,Ia13,41,386V,386,863,878,541,567,15,26,148,reliable
I,Ia13,42,090.076,090,879,890,540,566,11,26,124,reliable
I,Ia13,43,013,013,892,908,539,568,16,29,161,reliable
I,Ia13,44,755,755,910,934,540,567,24,27,222,reliable
I,Ia13,45,072.076,072,935,952,539,567,17,28,182,reliable
I,Ia13,46,010.079f,010,954,978,540,567,24,27,219,reliable
I,Ia13,47,006x.700.006x,006,980,989,539,565,9,26,79,reliable
I,Ia13,48,076,076,991,1010,539,566,19,27,189,reliable
I,Ia13,49,600,600,1012,1026,539,565,14,26,128,reliable
I,Ia13,50,071,071,1028,1039,539,564,11,25,103,reliable
I,Ia13,51,049f,049,1041,1065,540,566,24,26,255,reliable
I,Ia13,52,280.076,280,1067,1073,541,566,6,25,73,reliable
I,Ia13,53,023,023,1075,1089,541,568,14,27,174,reliable
I,Ia13,54,400,400,1095,1117,540,568,22,28,219,reliable
I,Ia13,55,070.076,070,1118,1134,540,567,16,27,190,reliable
I,Ia13,56,020.010,020,1136,1156,540,567,20,27,179,reliable
I,Ia13,57,073.006,073,1156,1167,540,567,11,27,98,reliable
I,Ia13,58,076,076,1169,1182,540,568,13,28,145,reliable
I,Ia13,59,071,071,1186,1196,540,568,10,28,106,reliable
I,Ia13,60,700,700,1200,1218,540,567,18,27,148,reliable
I,Ia13,61,128,128,1220,1238,540,568,18,28,171,reliable
I,Ia13,62,071,071,1238,1284,539,567,46,28,430,reliable
I,Ia13,63,530,530,1286,1311,540,567,25,27,207,reliable
I,Ia13,64,700:042,700,1313,1329,540,567,16,27,147,reliable
I,Ia13,65,730.076,730,1332,1351,541,568,19,27,196,reliable
I,Ia13,66,071,071,1353,1373,540,568,20,28,177,reliable
I,Ia13,67,729,729,1374,1392,540,568,18,28,170,reliable
I,Ia13,68,073.076,073,1395,1406,540,568,11,28,110,reliable
I,Ia13,69,381,381,1409,1411,541,567,2,26,31,reliable
I,Ia13,70,700f,700,1413,1431,541,568,18,27,145,reliable
I,Ia13,71,090.076,090,1431,1446,540,566,15,26,127,reliable
I,Ia13,72,005,005,1448,1462,540,567,14,27,137,reliable
I,Ia13,73,084,084,1462,1497,539,567,35,28,282,reliable
I,Ia13,74,600y.076,600,1499,1512,539,563,13,24,112,reliable
I,Ia13,75,071,071,1513,1520,539,547,7,8,26,reliable
I,Ia13,76,021h,021,1522,1533,539,566,11,27,91,reliable
I,Ia13,77,090,090,1534,1553,539,566,19,27,200,reliable
I,Ia13,78,600,600,1555,1584,539,566,29,27,244,reliable
I,Ia13,79,604.076,604,1586,1599,539,566,13,27,109,reliable
I,Ia13,80,070,070,1602,1613,540,566,11,26,77,reliable
I,Ia13,81,076,076,1616,1638,543,568,22,25,164,reliable
I,Ia13,82,670.076,670,1644,1665,540,567,21,27,205,reliable
I,Ia13,83,532,532,1667,1674,541,567,7,26,77,reliable
I,Ia13,84,040f,040,1678,1700,541,568,22,27,205,reliable
I,Ia13,85,700.076,700,1701,1715,541,567,14,26,141,reliable
I,Ia13,86,071,071,1720,1753,544,568,33,24,233,reliable
I,Ia13,87,670,670,1756,1780,543,568,24,25,188,reliable
I,Ia13,88,009.076,009,1782,1806,545,567,24,22,186,reliable
I,Ia13,89,727,727,1809,1824,546,567,15,21,147,reliable
I,Ia13,90,008,008,1827,1848,545,567,21,22,155,reliable
I,Ia13,91,090.076,090,1849,1879,545,567,30,22,217,reliable
I,Ia13,92,255,255,1882,1892,540,568,10,28,98,reliable
I,Ia13,93,067,067,1894,1927,540,568,33,28,322,reliable
I,Ia13,94,606.076,606,1927,1941,541,568,14,27,130,reliable
I,Ia13,95,070,070,1943,1957,542,568,14,26,131,reliable
I,Ia13,96,027,027,1959,1978,541,568,19,27,162,reliable
I,Ia13,97,090.076,090,1980,1989,541,567,9,26,109,reliable
I,Ia13,98,700,700,1992,2001,541,568,9,27,90,reliable
I,Ia13,99,076,076,2003,2033,542,568,30,26,248,reliable
I,Ia13,100,006.048.076,006,2033,2049,542,568,16,26,159,reliable
I,Ia13,101,071.076,071,2053,2061,542,568,8,26,74,reliable
I,Ia13,102,090.076,090,2063,2082,543,568,19,25,152,reliable
I,Ia13,103,071,071,2083,2097,542,568,14,26,125,reliable
I,Ia13,104,076,076,2098,2107,541,567,9,26,74,reliable
I,Ia13,105,430.076?,430,2108,2132,540,568,24,28,205,reliable
I,Ia13,106,001V,001,2133,2141,542,567,8,25,75,reliable
I,Ia13,107,076,076,2144,2152,541,568,8,27,75,reliable
I,Ia13,108,076,076,2154,2186,542,568,32,26,314,reliable
I,Ia13,109,002V.076,002,2190,2202,541,566,12,25,126,reliable
I,Ia13,110,055a,055,2204,2226,541,567,22,26,195,reliable
I,Ia13,111,072.006,072,2228,2231,543,566,3,23,37,reliable
I,Ia13,112,161,161,2231,2244,541,567,13,26,121,reliable
I,Ia13,113,071,071,2246,2260,541,568,14,27,141,reliable
I,Ia13,114,498V,498,2264,2288,542,567,24,25,196,reliable
I,Ia13,115,430.076,430,2290,2310,539,566,20,27,197,reliable
I,Ia13,116,049f,049,2312,2325,539,564,13,25,111,reliable
I,Ia13,117,400V,400,2327,2343,539,565,16,26,129,reliable
I,Ia13,118,294.076,294,2344,2373,540,566,29,26,256,reliable
I,Ia13,119,006,006,2375,2385,540,565,10,25,98,reliable
I,Ia13,120,010.511,010,2388,2412,540,566,24,26,263,reliable
I,Ia13,121,099.076,099,2413,2439,540,566,26,26,260,reliable
I,Ia13,122,530,530,2440,2465,539,566,25,27,244,reliable
I,Ia13,123,600.071,600,2466,2499,539,566,33,27,315,reliable
I,Ia13,124,021t,021,2502,2506,541,565,4,24,47,reliable
I,Ia13,125,006.074.076,006,2505,2531,540,566,26,26,234,reliable
I,Ia13,126,537,537,2531,2554,539,566,23,27,205,reliable
I,Ia13,127,001V,001,2556,2565,540,565,9,25,109,reliable
I,Ia13,128,696.076,696,2568,2597,541,568,29,27,296,reliable
I,Ia13,129,013?,013,2602,2608,542,565,6,23,89,reliable
I,Ia13,130,504,504,2610,2637,540,566,27,26,222,reliable
I,Ia14,0,070.062.071,070,10,36,584,612,26,28,256,reliable
I,Ia14,1,026,026,37,56,584,612,19,28,182,reliable
I,Ia14,2,386y.076,386,58,82,583,612,24,29,231,reliable
I,Ia14,3,590,590,83,105,584,612,22,28,242,reliable
I,Ia14,4,724,724,107,114,584,612,7,28,85,reliable
I,Ia14,5,724,724,116,173,583,612,57,29,533,reliable
I,Ia14,6,090.076,090,175,232,585,612,57,27,463,reliable
I,Ia14,7,530,530,232,252,584,612,20,28,204,reliable
I,Ia14,8,499,499,254,275,585,612,21,27,182,reliable
I,Ia14,9,178?.071,178,277,303,584,612,26,28,243,reliable
I,Ia14,10,291,291,304,328,583,611,24,28,215,reliable
I,Ia14,11,499,499,329,373,583,612,44,29,452,reliable
I,Ia14,12,027V.076,027,374,382,583,612,8,29,128,reliable
I,Ia14,13,386,386,384,400,584,612,16,28,177,reliable
I,Ia14,14,440,440,403,430,582,611,27,29,270,reliable
I,Ia14,15,606.076,606,433,464,582,611,31,29,249,reliable
I,Ia14,16,011,011,465,492,582,611,27,29,252,reliable
I,Ia14,17,082b,082,492,527,582,610,35,28,303,reliable
I,Ia14,18,386.076,386,529,551,582,611,22,29,225,reliable
I,Ia14,19,531,531,553,585,583,611,32,28,315,reliable
I,Ia14,20,072.076,072,588,595,583,609,7,26,71,reliable
I,Ia14,21,006,006,598,607,584,611,9,27,97,reliable
I,Ia14,22,600,600,609,635,584,612,26,28,249,reliable
I,Ia14,23,376.076,376,637,660,584,611,23,27,225,reliable
I,Ia14,24,211s,211,663,692,583,610,29,27,229,reliable
I,Ia14,25,048,048,692,723,583,612,31,29,289,reliable
I,Ia14,26,048,048,723,732,584,611,9,27,117,reliable
I,Ia14,27,633.076,633,737,764,583,610,27,27,234,reliable
I,Ia14,28,690,690,766,776,584,611,10,27,100,reliable
I,Ia14,29,700.490,700,778,787,584,611,9,27,83,reliable
I,Ia14,30,400.076,400,790,813,583,612,23,29,229,reliable
I,Ia14,31,012,012,814,843,584,610,29,26,247,reliable
I,Ia14,32,700.490,700,844,871,584,611,27,27,231,reliable
I,Ia14,33,076,076,873,898,585,612,25,27,208,reliable
I,Ia14,34,017,017,899,921,585,612,22,27,189,reliable
I,Ia14,35,600,600,924,930,585,611,6,26,93,reliable
I,Ia14,36,071.076,071,933,958,584,612,25,28,209,reliable
I,Ia14,37,175,175,960,989,583,612,29,29,261,reliable
I,Ia14,38,600,600,992,1014,584,610,22,26,184,reliable
I,Ia14,39,090.076,090,1015,1026,583,611,11,28,85,reliable
I,Ia14,40,011,011,1029,1031,585,609,2,24,30,reliable
I,Ia14,41,400,400,1032,1056,583,610,24,27,209,reliable
I,Ia14,42,600Vy.076,600,1058,1071,583,609,13,26,100,reliable
I,Ia14,43,384,384,1072,1118,583,612,46,29,392,reliable
I,Ia14,44,076,076,1121,1149,583,610,28,27,248,reliable
I,Ia14,45,430.076,430,1153,1164,585,610,11,25,98,reliable
I,Ia14,46,049f,049,1166,1185,583,612,19,29,205,reliable
I,Ia14,47,400.600y,400,1187,1226,584,612,39,28,350,reliable
I,Ia14,48,027x.076,027,1229,1249,583,610,20,27,165,reliable
I,Ia14,49,006V,006,1251,1266,582,610,15,28,152,reliable
I,Ia14,50,020.010,020,1268,1295,582,610,27,28,265,reliable
I,Ia14,51,207?.076,207,1298,1304,584,609,6,25,103,reliable
I,Ia14,52,380.061x,380,1309,1319,583,612,10,29,97,reliable
I,Ia14,53,027,027,1319,1345,584,612,26,28,231,reliable
I,Ia14,54,028.076,028,1347,1366,583,611,19,28,196,reliable
I,Ia14,55,011,011,1372,1378,584,610,6,26,70,reliable
I,Ia14,56,076,076,1378,1418,583,611,40,28,348,reliable
I,Ia14,57,071.076,071,1419,1424,585,609,5,24,47,reliable
I,Ia14,58,010.079f,010,1424,1456,583,611,32,28,253,reliable
I,Ia14,59,053,053,1461,1463,589,612,2,23,28,reliable
I,Ia14,60,002V.076,002,1467,1486,586,612,19,26,162,reliable
I,Ia14,61,006V,006,1489,1513,586,612,24,26,206,reliable
I,Ia14,62,499,499,1517,1563,585,612,46,27,379,reliable
I,Ia14,63,107a.076,107,1564,1582,585,611,18,26,135,reliable
I,Ia14,64,010.007,010,1583,1609,584,612,26,28,214,reliable
I,Ia14,65,400,400,1615,1620,583,610,5,27,99,reliable
I,Ia14,66,090.076,090,1623,1634,583,610,11,27,95,reliable
I,Ia14,67,070,070,1638,1658,583,610,20,27,177,reliable
I,Ia14,68,073.006.076,073,1659,1677,583,611,18,28,162,reliable
I,Ia14,69,011,011,1679,1703,582,611,24,29,244,reliable
I,Ia14,70,090,090,1706,1713,583,610,7,27,80,reliable
I,Ia14,71,090.076,090,1713,1731,582,610,18,28,159,reliable
I,Ia14,72,071,071,1734,1751,582,610,17,28,197,reliable
I,Ia14,73,600,600,1756,1765,583,610,9,27,104,reliable
I,Ia14,74,053.076,053,1768,1798,582,611,30,29,245,reliable
I,Ia14,75,020.010,020,1801,1807,583,609,6,26,100,reliable
I,Ia14,76,050,050,1810,1818,582,610,8,28,85,reliable
I,Ia14,77,071.076,071,1822,1834,582,601,12,19,85,reliable
I,Ia14,78,011,011,1835,1855,583,609,20,26,167,reliable
I,Ia14,79,001V,001,1859,1879,583,611,20,28,166,reliable
I,Ia14,80,005,005,1882,1919,583,611,37,28,345,reliable
I,Ia14,81,006.074f,006,1923,1958,582,610,35,28,327,reliable
I,Ia14,82,596.076,596,1960,1978,582,610,18,28,141,reliable
I,Ia14,83,726.077?,726,1979,2000,583,610,21,27,217,reliable
I,Ia14,84,400V,400,2004,2025,582,611,21,29,217,reliable
I,Ia14,85,070.076,070,2025,2039,584,611,14,27,134,reliable
I,Ia14,86,020.010,020,2042,2056,583,612,14,29,134,reliable
I,Ia14,87,070,070,2058,2090,583,611,32,28,310,reliable
I,Ia14,88,128,128,2093,2104,582,609,11,27,111,reliable
I,Ia14,89,200,200,2104,2130,582,608,26,26,221,reliable
I,Ia14,90,700,700,2131,2155,582,609,24,27,184,reliable
I,Ia14,91,071.076,071,2162,2179,582,609,17,27,125,reliable
I,Ia14,92,071?,071,2180,2182,584,609,2,25,48,reliable
I,Ia14,93,090,090,2188,2211,582,609,23,27,196,reliable
I,Ia14,94,090.076,090,2214,2228,582,610,14,28,149,reliable
I,Ia14,95,070,070,2229,2234,582,607,5,25,34,reliable
I,Ia14,96,205,205,2234,2276,582,609,42,27,317,reliable
I,Ia14,97,430.076,430,2277,2304,582,610,27,28,232,reliable
I,Ia14,98,010.007,010,2309,2332,584,612,23,28,217,reliable
I,Ia14,99,090,090,2334,2353,584,611,19,27,137,reliable
I,Ia14,100,700,700,2355,2365,584,612,10,28,112,reliable
I,Ia14,101,021h?,021,2368,2375,584,596,7,12,43,reliable
I,Ia14,102,066,066,2378,2389,585,612,11,27,115,reliable
I,Ia14,103,400V?,400,2393,2417,583,612,24,29,244,reliable
I,Ia14,104,071.076,071,2421,2450,585,612,29,27,251,reliable
I,Ia14,105,072,072,2452,2477,583,612,25,29,218,reliable
I,Ia14,106,161,161,2480,2492,584,612,12,28,124,reliable
I,Ia14,107,007.076,007,2493,2557,584,612,64,28,620,reliable
I,Ia14,108,536s,536,2559,2569,585,612,10,27,117,reliable
I,Ia14,109,700,700,2570,2593,584,612,23,28,208,reliable
I,Ia14,110,430.076,430,2595,2629,583,611,34,28,264,reliable
I,Ia14,111,006,006,2631,2658,583,610,27,27,223,reliable
I,Ia14,112,071.076,071,2661,2668,583,610,7,27,99,reliable
I,Ia14,113,011,011,2671,2685,582,609,14,27,152,reliable
I,Ia14,114,020.010,020,2690,2706,582,608,16,26,137,reliable
I,Ia14,115,045.076,045,2710,2716,582,608,6,26,53,reliable
I,Ia14,116,055a,055,2715,2723,582,608,8,26,65,reliable
I,Ia14,117,600.326,600,2725,2778,582,610,53,28,457,reliable
I,Ia14,118,090.076,090,2781,2803,582,609,22,27,214,reliable
I,Ia14,119,670.700,670,2805,2832,582,608,27,26,238,reliable
Ja,Ja01,0,522.088,522,7,58,16,46,51,30,203,unreliable
Kr,Kr01,0,522,522,6,28,9,28,22,19,138,unreliable
Kr,Kr01,1,045.061.009,045,31,40,8,29,9,21,73,unreliable
Kr,Kr01,2,260.001,260,45,48,9,29,3,20,39,unreliable
Kr,Kr01,3,004.711,004,50,52,9,29,2,20,35,unreliable
Kr,Kr01,4,260.001,260,59,79,5,29,20,24,168,unreliable
Kr,Kr01,5,004.711,004,83,161,5,35,78,30,570,unreliable
Kr,Kr01,6,099,099,163,165,6,33,2,27,50,unreliable
Kr,Kr01,7,153,153,170,446,4,36,276,32,1918,unreliable
Kr,Kr01,8,001.003,001,447,489,4,35,42,31,394,unreliable
Kr,Kr01,9,039,039,492,504,4,34,12,30,125,unreliable
Kr,Kr01,10,040,040,505,528,9,34,23,25,115,unreliable
Kr,Kr01,11,002,002,529,544,4,33,15,29,134,unreliable
Kr,Kr02,0,022,022,8,16,50,78,8,28,87,reliable
Kr,Kr02,1,062.001,062,19,35,50,78,16,28,178,reliable
Kr,Kr02,2,099,099,39,63,49,78,24,29,222,reliable
Kr,Kr02,3,146,146,67,78,49,77,11,28,137,reliable
Kr,Kr02,4,079,079,81,93,49,79,12,30,122,reliable
Kr,Kr02,5,431,431,97,117,49,77,20,28,184,reliable
Kr,Kr02,6,001,001,123,126,50,77,3,27,40,reliable
Kr,Kr02,7,001.010,001,127,130,50,77,3,27,42,reliable
Kr,Kr02,8,200,200,133,136,51,77,3,26,45,reliable
Kr,Kr02,9,007,007,138,147,49,77,9,28,123,reliable
Kr,Kr02,10,203,203,151,176,49,78,25,29,233,reliable
Kr,Kr02,11,013.006,013,179,196,50,78,17,28,173,reliable
Kr,Kr02,12,666,666,198,235,50,79,37,29,299,reliable
Kr,Kr02,13,073.006,073,237,288,50,79,51,29,423,reliable
Kr,Kr02,14,206s,206,294,316,50,79,22,29,191,reliable
Kr,Kr02,15,073.006,073,317,379,51,79,62,28,495,reliable
Kr,Kr02,16,200,200,382,408,50,79,26,29,256,reliable
Kr,Kr02,17,073.006,073,410,431,50,79,21,29,193,reliable
Kr,Kr02,18,222,222,432,462,50,78,30,28,275,reliable
Kr,Kr02,19,073V.006,073,465,480,50,75,15,25,170,reliable
Kr,Kr02,20,451,451,485,501,50,79,16,29,137,reliable
Kr,Kr02,21,073.006,073,503,516,50,78,13,28,99,reliable
Kr,Kr03,0,700,700,6,46,91,120,40,29,307,reliable
Kr,Kr03,1,720,720,47,74,90,120,27,30,234,reliable
Kr,Kr03,2,376,376,75,98,90,118,23,28,200,reliable
Kr,Kr03,3,073.006,073,100,114,90,118,14,28,161,reliable
Kr,Kr03,4,700x,700,118,152,90,120,34,30,306,reliable
Kr,Kr03,5,400.004,400,156,185,90,120,29,30,265,reliable
Kr,Kr03,6,405s,405,188,191,93,119,3,26,41,reliable
Kr,Kr03,7,004,004,191,195,92,118,4,26,44,reliable
Kr,Kr03,8,522,522,198,218,91,120,20,29,189,reliable
Kr,Kr03,9,700.400,700,221,254,91,120,33,29,274,reliable
Kr,Kr03,10,059,059,256,297,92,120,41,28,359,reliable
Kr,Kr03,11,004.064,004,301,307,92,120,6,28,61,reliable
Kr,Kr03,12,132,132,308,311,93,119,3,26,39,reliable
Kr,Kr03,13,056,056,316,330,92,120,14,28,126,reliable
Kr,Kr03,14,007,007,334,349,92,120,15,28,164,reliable
Kr,Kr03,15,067.010f,067,354,376,93,120,22,27,220,reliable
Kr,Kr03,16,400,400,380,404,92,120,24,28,197,reliable
Kr,Kr03,17,470,470,406,431,93,120,25,27,195,reliable
Kr,Kr03,18,001t,001,434,451,91,120,17,29,144,reliable
Kr,Kr03,19,430,430,457,469,91,119,12,28,100,reliable
Kr,Kr03,20,580c,580,469,474,112,119,5,7,11,reliable
Kr,Kr03,21,380.001.003,380,477,509,91,120,32,29,204,reliable
Kr,Kr04,0,402,402,5,32,134,162,27,28,218,reliable
Kr,Kr04,1,009,009,35,50,134,160,15,26,133,reliable
Kr,Kr04,2,380.001,380,55,80,132,162,25,30,284,reliable
Kr,Kr04,3,595.005,595,84,149,132,162,65,30,517,reliable
Kr,Kr04,4,122,122,149,173,133,161,24,28,223,reliable
Kr,Kr04,5,280,280,177,204,133,161,27,28,289,reliable
Kr,Kr04,6,380.001,380,211,222,133,162,11,29,148,reliable
Kr,Kr04,7,002,002,225,262,132,162,37,30,342,reliable
Kr,Kr04,8,409,409,266,298,133,162,32,29,323,reliable
Kr,Kr04,9,380.001.003,380,303,328,134,162,25,28,229,reliable
Kr,Kr04,10,597,597,330,352,133,162,22,29,206,reliable
Kr,Kr04,11,380.001.003,380,353,355,134,161,2,27,38,reliable
Kr,Kr04,12,059f,059,361,382,135,162,21,27,218,reliable
Kr,Kr04,13,720,720,386,410,134,162,24,28,160,reliable
Kr,Kr04,14,380.022,380,414,444,134,162,30,28,247,reliable
Kr,Kr04,15,090f,090,448,467,134,161,19,27,153,reliable
Kr,Kr05,0,380.001.003,380,7,76,175,204,69,29,742,unreliable
Kr,Kr05,1,005.006.010,005,82,118,175,203,36,28,402,unreliable
Kr,Kr05,2,380.001.003,380,123,164,175,203,41,28,469,unreliable
Kr,Kr05,3,315,315,170,207,175,204,37,29,373,unreliable
Kr,Kr05,4,380.001.003,380,213,300,175,205,87,30,764,unreliable
Kr,Kr05,5,090.001,090,304,310,176,205,6,29,91,unreliable
Kr,Kr05,6,380.001.003,380,315,343,180,205,28,25,237,unreliable
Kr,Kr05,7,316s,316,350,375,181,202,25,21,130,unreliable
Kr,Kr05,8,380.001.003,380,382,438,182,205,56,23,349,unreliable
Kr,Kr05,9,007,007,443,456,185,204,13,19,83,unreliable
Kv,Kv01,0,019,019,5,30,5,33,25,28,231,unreliable
Kv,Kv01,1,019,019,35,63,4,33,28,29,268,unreliable
Kv,Kv01,2,001,001,68,92,3,33,24,30,272,unreliable
Kv,Kv01,3,684,684,98,106,4,33,8,29,127,unreliable
Kv,Kv01,4,290,290,112,145,4,34,33,30,309,unreliable
Kv,Kv01,5,020,020,150,234,4,34,84,30,737,unreliable
Kv,Kv01,6,001,001,240,247,4,34,7,30,117,unreliable
Kv,Kv01,7,007,007,252,296,4,34,44,30,390,unreliable
Kv,Kv01,8,390,390,301,314,5,33,13,28,143,unreliable
Kv,Kv01,9,079,079,319,472,2,34,153,32,1089,unreliable
Kv,Kv02,0,280,280,4,28,46,74,24,28,192,reliable
Kv,Kv02,1,001,001,30,38,45,76,8,31,159,reliable
Kv,Kv02,2,528,528,44,137,45,76,93,31,742,reliable
Kv,Kv02,3,280,280,139,173,45,75,34,30,337,reliable
Kv,Kv02,4,380.001.003,380,178,196,45,76,18,31,219,reliable
Kv,Kv02,5,062.001,062,204,206,46,76,2,30,36,reliable
Kv,Kv02,6,001.003,001,207,218,46,75,11,29,98,reliable
Kv,Kv02,7,522,522,223,244,46,76,21,30,190,reliable
Kv,Kv02,8,380.001,380,247,271,45,75,24,30,274,reliable
Kv,Kv02,9,733,733,276,303,45,76,27,31,239,reliable
Kv,Kv02,10,670,670,304,335,45,76,31,31,279,reliable
Kv,Kv02,11,001,001,339,346,45,76,7,31,123,reliable
Kv,Kv02,12,380.001.003,380,352,391,45,75,39,30,359,reliable
Kv,Kv02,13,371,371,393,422,45,75,29,30,208,reliable
Kv,Kv02,14,001,001,426,434,46,75,8,29,112,reliable
Kv,Kv02,15,380.001.003,380,439,476,45,75,37,30,363,reliable
Kv,Kv03,0,090,090,10,23,89,115,13,26,69,unreliable
Kv,Kv03,1,001,001,27,33,89,107,6,18,70,unreliable
Kv,Kv03,2,607,607,35,65,87,114,30,27,254,unreliable
Kv,Kv03,3,376,376,68,96,86,114,28,28,211,unreliable
Kv,Kv03,4,053,053,98,115,87,115,17,28,159,unreliable
Kv,Kv03,5,380.001.003,380,120,153,87,114,33,27,355,unreliable
Kv,Kv03,6,003.246.003,003,156,196,87,115,40,28,404,unreliable
Kv,Kv03,7,380.001.003,380,200,229,88,114,29,26,323,unreliable
Kv,Kv03,8,400V,400,233,259,87,115,26,28,223,unreliable
Kv,Kv03,9,380.001.003,380,264,298,86,115,34,29,351,unreliable
Kv,Kv03,10,005,005,303,318,87,115,15,28,168,unreliable
Kv,Kv03,11,066,066,322,332,88,115,10,27,107,unreliable
Kv,Kv03,12,380.001.003,380,338,373,87,115,35,28,345,unreliable
Kv,Kv03,13,290,290,375,398,87,114,23,27,217,unreliable
Kv,Kv03,14,001.009,001,403,422,87,115,19,28,208,unreliable
Kv,Kv03,15,380.001.003,380,424,483,85,114,59,29,375,unreliable
Kv,Kv04,0,003.003.004,003,6,20,127,157,14,30,91,reliable
Kv,Kv04,1,215,215,23,30,130,154,7,24,51,reliable
Kv,Kv04,2,380.001.003,380,34,66,127,157,32,30,288,reliable
Kv,Kv04,3,079,079,71,105,127,157,34,30,327,reliable
Kv,Kv04,4,450,450,111,125,128,157,14,29,143,reliable
Kv,Kv04,5,019,019,129,145,127,155,16,28,141,reliable
Kv,Kv04,6,069,069,149,161,127,157,12,30,137,reliable
Kv,Kv04,7,380.001.003,380,164,176,128,154,12,26,111,reliable
Kv,Kv04,8,162,162,183,216,127,157,33,30,288,reliable
Kv,Kv04,9,522,522,221,240,128,156,19,28,194,reliable
Kv,Kv04,10,050,050,244,263,128,157,19,29,171,reliable
Kv,Kv04,11,002.450,002,269,278,128,157,9,29,120,reliable
Kv,Kv04,12,380.001.003,380,285,312,128,158,27,30,253,reliable
Kv,Kv04,13,090,090,319,348,128,157,29,29,268,reliable
Kv,Kv04,14,773,773,352,398,128,157,46,29,304,reliable
Kv,Kv04,15,260.011,260,402,430,128,156,28,28,168,reliable
Kv,Kv04,16,020,020,433,443,128,151,10,23,100,reliable
Kv,Kv04,17,306.700,306,447,494,127,156,47,29,333,reliable
Kv,Kv05,0,070,070,4,450,171,203,446,32,3253,unreliable
Kv,Kv05,1,6)!,6),456,510,172,191,54,19,237,unreliable
La,La01,0,607x,607,5,30,10,37,25,27,215,reliable
La,La01,1,607x,607,31,59,7,37,28,30,236,reliable
La,La01,2,066,066,61,71,8,37,10,29,98,reliable
La,La01,3,071,071,76,97,7,37,21,30,175,reliable
La,La01,4,002,002,101,108,9,37,7,28,80,reliable
La,La01,5,306s.003,306,113,147,8,37,34,29,290,reliable
La,La01,6,002V,002,148,157,7,34,9,27,79,reliable
La,La01,7,376,376,162,183,7,36,21,29,185,reliable
La,La01,8,004,004,182,185,7,13,3,6,12,reliable
La,La01,9,780,780,188,194,7,37,6,30,80,reliable
La,La01,10,072,072,196,218,6,36,22,30,202,reliable
La,La01,11,048?,048,218,236,6,36,18,30,186,reliable
La,La01,12,048?,048,240,246,9,36,6,27,70,reliable
La,La01,13,048?,048,248,255,9,36,7,27,68,reliable
La,La01,14,001.010,001,258,264,9,34,6,25,77,reliable
La,La01,15,380.048?,380,267,281,7,34,14,27,176,reliable
La,La01,16,216s,216,282,306,5,35,24,30,253,reliable
La,La01,17,034V?,034,306,344,5,35,38,30,322,reliable
La,La01,18,124,124,344,357,5,35,13,30,145,reliable
La,La01,19,545.678a,545,361,382,5,37,21,32,222,reliable
La,La01,20,430?,430,385,417,7,36,32,29,256,reliable
La,La01,21,408x?,408,420,433,9,34,13,25,123,reliable
La,La01,22,400x,400,434,456,7,34,22,27,184,reliable
La,La01,23,193,193,456,473,7,35,17,28,179,reliable
La,La01,24,607,607,478,497,5,34,19,29,215,reliable
La,La01,25,700,700,499,523,5,33,24,28,233,reliable
La,La01,26,115,115,525,535,6,36,10,30,149,reliable
La,La01,27,670,670,538,551,8,34,13,26,113,reliable
La,La01,28,115,115,554,582,7,36,28,29,279,reliable
La,La01,29,470,470,587,600,7,37,13,30,139,reliable
La,La01,30,051t,051,604,638,5,36,34,31,298,reliable
La,La01,31,002.678a,002,644,669,9,37,25,28,239,reliable
La,La01,32,051,051,671,688,9,36,17,27,141,reliable
La,La01,33,079:051,079,692,715,10,36,23,26,200,reliable
La,La01,34,700,700,718,726,12,35,8,23,89,reliable
La,La01,35,051,051,730,744,10,32,14,22,113,reliable
La,La01,36,020.010,020,748,764,11,31,16,20,134,reliable
La,La01,37,051,051,767,782,12,29,15,17,91,reliable
La,La01,38,011,011,784,790,13,29,6,16,51,reliable
La,La01,39,051,051,791,803,12,30,12,18,82,reliable
La,La01,40,011,011,807,813,14,29,6,15,55,reliable
La,La01,41,051,051,815,826,11,28,11,17,86,reliable
La,La01,42,048,048,830,837,10,28,7,18,59,reliable
La,La01,43,051,051,839,850,9,25,11,16,79,reliable
Na,Na01,0,034,034,5,149,7,37,144,30,1054,reliable
Na,Na01,1,200,200,151,163,8,36,12,28,108,reliable
Na,Na01,2,004.064,004,167,184,7,32,17,25,147,reliable
Na,Na01,3,034.006,034,184,218,7,35,34,28,245,reliable
Na,Na01,4,004.064,004,220,238,5,33,18,28,178,reliable
Na,Na01,5,034.009,034,243,253,6,33,10,27,100,reliable
Na,Na01,6,004.064,004,257,282,6,33,25,27,233,reliable
Na,Na01,7,034.006,034,286,324,6,36,38,30,327,reliable
Na,Na01,8,004.064,004,325,353,6,36,28,30,214,reliable
Na,Na01,9,022f,022,356,376,5,35,20,30,176,reliable
Na,Na01,10,205,205,375,401,7,35,26,28,177,reliable
Na,Na01,11,381.009,381,400,405,26,35,5,9,15,reliable
Na,Na01,12,381.010,381,404,412,6,35,8,29,82,reliable
Na,Na01,13,004.064,004,413,418,26,34,5,8,12,reliable
Na,Na01,14,670,670,417,439,5,34,22,29,167,reliable
Na,Na01,15,022f,022,439,443,26,34,4,8,12,reliable
Na,Na01,16,205,205,442,466,4,34,24,30,201,reliable
Na,Na01,17,301.009,301,467,488,4,33,21,29,148,reliable
Na,Na01,18,200?,200,487,545,4,36,58,32,444,reliable
Na,Na02,0,300,300,6,68,50,78,62,28,422,unreliable
Na,Na02,1,025?,025,71,91,50,77,20,27,172,unreliable
Na,Na02,2,001.072,001,94,103,51,77,9,26,94,unreliable
Na,Na02,3,077,077,106,114,51,77,8,26,66,unreliable
Na,Na02,4,027.711,027,117,212,50,78,95,28,675,unreliable
Na,Na02,5,091?,091,213,243,48,78,30,30,275,unreliable
Na,Na02,6,211,211,248,261,49,76,13,27,107,unreliable
Na,Na02,7,501,501,263,285,49,77,22,28,217,unreliable
Na,Na02,8,047,047,288,313,51,78,25,27,261,unreliable
Na,Na02,9,200,200,314,316,51,78,2,27,36,unreliable
Na,Na02,10,201.001,201,320,355,50,78,35,28,387,unreliable
Na,Na02,11,380.001.052,380,359,385,50,77,26,27,213,unreliable
Na,Na02,12,401,401,387,398,50,77,11,27,107,unreliable
Na,Na02,13,067,067,400,421,48,77,21,29,219,unreliable
Na,Na02,14,600,600,422,449,48,77,27,29,269,unreliable
Na,Na02,15,600.004,600,452,481,48,75,29,27,249,unreliable
Na,Na02,16,606,606,483,501,48,76,18,28,215,unreliable
Na,Na02,17,380.001.052,380,502,514,48,76,12,28,163,unreliable
Na,Na02,18,356,356,517,546,49,78,29,29,295,unreliable
Na,Na03,0,380,380,7,53,92,119,46,27,301,unreliable
Na,Na03,1,001,001,56,111,91,118,55,27,531,unreliable
Na,Na03,2,380.001.052,380,114,120,91,118,6,27,78,unreliable
Na,Na03,3,280?,280,123,144,91,118,21,27,179,unreliable
Na,Na03,4,001,001,147,151,91,119,4,28,34,unreliable
Na,Na03,5,280?,280,153,157,91,119,4,28,34,unreliable
Na,Na03,6,001?,001,160,183,91,119,23,28,183,unreliable
Na,Na03,7,280?,280,187,190,95,118,3,23,28,unreliable
Na,Na03,8,001?,001,192,211,91,118,19,27,118,unreliable
Na,Na03,9,001.006,001,215,220,91,115,5,24,71,unreliable
Na,Na03,10,522,522,226,243,91,115,17,24,157,unreliable
Na,Na03,11,001.062,001,246,264,90,116,18,26,191,unreliable
Na,Na03,12,600,600,270,286,90,116,16,26,166,unreliable
Na,Na03,13,062.001,062,288,308,90,118,20,28,215,unreliable
Na,Na03,14,522,522,312,347,91,118,35,27,381,unreliable
Na,Na03,15,006.001,006,351,368,91,118,17,27,190,unreliable
Na,Na03,16,380.001.052,380,371,437,90,118,66,28,602,unreliable
Na,Na03,17,400?.022,400,439,547,90,118,108,28,709,unreliable
Na,Na04,0,207?,207,5,19,133,160,14,27,84,unreliable
Na,Na04,1,073.064,073,20,36,133,160,16,27,97,unreliable
Na,Na04,2,053,053,37,56,134,160,19,26,192,unreliable
Na,Na04,3,001.711,001,58,69,134,159,11,25,131,unreliable
Na,Na04,4,200.022,200,73,118,133,160,45,27,408,unreliable
Na,Na04,5,057,057,121,134,132,158,13,26,98,unreliable
Na,Na04,6,380.001.052,380,137,156,132,158,19,26,203,unreliable
Na,Na04,7,207,207,157,170,133,158,13,25,164,unreliable
Na,Na04,8,053,053,171,198,132,159,27,27,238,unreliable
Na,Na04,9,205s,205,201,211,132,158,10,26,125,unreliable
Na,Na04,10,001,001,212,238,132,158,26,26,250,unreliable
Na,Na04,11,290.001,290,241,248,133,157,7,24,89,unreliable
Na,Na04,12,584,584,249,278,131,157,29,26,250,unreliable
Na,Na04,13,380.001.052,380,279,299,132,158,20,26,200,unreliable
Na,Na04,14,607,607,302,321,131,157,19,26,198,unreliable
Na,Na04,15,009.006,009,322,336,131,156,14,25,135,unreliable
Na,Na04,16,607,607,337,389,130,157,52,27,450,unreliable
Na,Na04,17,009.006,009,392,421,129,155,29,26,238,unreliable
Na,Na04,18,380.001.052,380,423,446,129,155,23,26,207,unreliable
Na,Na04,19,300.070,300,450,480,128,154,30,26,321,unreliable
Na,Na04,20,006.074,006,482,514,128,154,32,26,310,unreliable
Na,Na04,21,206?,206,515,550,129,156,35,27,295,unreliable
Na,Na05,0,208.700?,208,7,67,174,202,60,28,515,unreliable
Na,Na05,1,280,280,71,92,174,202,21,28,235,unreliable
Na,Na05,2,007,007,97,112,173,202,15,29,180,unreliable
Na,Na05,3,001,001,118,124,174,201,6,27,96,unreliable
Na,Na05,4,600,600,130,153,173,201,23,28,226,unreliable
Na,Na05,5,384,384,158,181,174,201,23,27,211,unreliable
Na,Na05,6,001,001,185,192,175,201,7,26,98,unreliable
Na,Na05,7,002,002,197,207,173,201,10,28,111,unreliable
Na,Na05,8,034,034,210,233,173,201,23,28,219,unreliable
Na,Na05,9,002,002,237,248,174,200,11,26,114,unreliable
Na,Na05,10,066,066,251,262,173,200,11,27,111,unreliable
Na,Na05,11,384,384,265,288,173,201,23,28,223,unreliable
Na,Na05,12,001,001,292,300,173,201,8,28,102,unreliable
Na,Na05,13,002,002,303,325,174,200,22,26,192,unreliable
Na,Na05,14,001,001,330,332,173,200,2,27,52,unreliable
Na,Na05,15,384,384,334,336,174,200,2,26,52,unreliable
Na,Na05,16,001,001,340,364,173,200,24,27,199,unreliable
Na,Na05,17,002,002,366,373,174,198,7,24,85,unreliable
Na,Na05,18,034,034,376,549,171,200,173,29,1257,unreliable
Nb,Nb01,0,125,125,4,50,5,33,46,28,330,reliable
Nb,Nb01,1,600,600,55,75,5,33,20,28,198,reliable
Nb,Nb01,2,125,125,79,101,5,32,22,27,175,reliable
Nb,Nb01,3,600,600,103,124,5,33,21,28,208,reliable
Nb,Nb01,4,125,125,127,152,5,32,25,27,197,reliable
Nb,Nb01,5,739?.060,739,155,182,5,33,27,28,223,reliable
Nb,Nb01,6,224,224,187,218,4,32,31,28,297,reliable
Nb,Nb01,7,222,222,222,249,4,32,27,28,259,reliable
Nb,Nb01,8,125,125,254,277,4,31,23,27,188,reliable
Nb,Nb01,9,034,034,281,302,4,31,21,27,194,reliable
Nb,Nb01,10,200,200,305,361,4,32,56,28,498,reliable
Nb,Nb01,11,255,255,365,385,4,32,20,28,196,reliable
Nb,Nb01,12,034,034,391,411,4,32,20,28,220,reliable
Nb,Nb01,13,010.020f,010,416,447,3,32,31,29,288,reliable
Nb,Nb01,14,062.064.009,062,452,470,3,30,18,27,151,reliable
Nb,Nb01,15,010?.022f?,010,471,546,2,30,75,28,522,reliable
Nb,Nb02,0,321?,321,4,61,45,73,57,28,433,unreliable
Nb,Nb02,1,430.076,430,66,129,44,73,63,29,521,unreliable
Nb,Nb02,2,206.074f,206,134,212,44,73,78,29,665,unreliable
Nb,Nb02,3,204.074f,204,218,229,45,71,11,26,108,unreliable
Nb,Nb02,4,079,079,234,245,45,71,11,26,114,unreliable
Nb,Nb02,5,079,079,250,286,44,71,36,27,365,unreliable
Nb,Nb02,6,202.052x,202,290,311,45,71,21,26,203,unreliable
Nb,Nb02,7,600,600,316,324,45,71,8,26,79,unreliable
Nb,Nb02,8,044,044,329,354,45,72,25,27,186,unreliable
Nb,Nb02,9,670,670,358,403,44,71,45,27,338,unreliable
Nb,Nb02,10,600,600,408,545,41,71,137,30,863,unreliable
Nb,Nb03,0,004.064,004,4,17,88,116,13,28,81,reliable
Nb,Nb03,1,324,324,18,38,88,115,20,27,183,reliable
Nb,Nb03,2,006:700,006,40,70,88,116,30,28,277,reliable
Nb,Nb03,3,003,003,76,87,88,116,11,28,127,reliable
Nb,Nb03,4,003,003,93,97,92,114,4,22,34,reliable
Nb,Nb03,5,001?,001,103,108,90,113,5,23,39,reliable
Nb,Nb03,6,003,003,114,121,89,114,7,25,93,reliable
Nb,Nb03,7,280.700x,280,125,129,90,113,4,23,40,reliable
Nb,Nb03,8,006.500,006,135,170,87,115,35,28,340,reliable
Nb,Nb03,9,224,224,177,213,86,114,36,28,319,reliable
Nb,Nb03,10,208.070,208,218,251,87,114,33,27,325,reliable
Nb,Nb03,11,068.010,068,255,295,86,114,40,28,401,reliable
Nb,Nb03,12,068,068,298,321,86,114,23,28,208,reliable
Nb,Nb03,13,244.052x,244,330,393,86,114,63,28,541,reliable
Nb,Nb03,14,068,068,396,410,87,113,14,26,136,reliable
Nb,Nb03,15,300,300,415,448,85,114,33,29,236,reliable
Nb,Nb03,16,073?.006?,073,449,537,83,113,88,30,649,reliable
Nb,Nb04,0,321,321,5,42,133,161,37,28,281,unreliable
Nb,Nb04,1,001.061,001,46,63,132,161,17,29,223,unreliable
Nb,Nb04,2,601s,601,68,102,132,160,34,28,298,unreliable
Nb,Nb04,3,755,755,105,125,132,159,20,27,186,unreliable
Nb,Nb04,4,770,770,128,162,130,159,34,29,365,unreliable
Nb,Nb04,5,174,174,168,188,131,159,20,28,241,unreliable
Nb,Nb04,6,167,167,196,254,130,159,58,29,459,unreliable
Nb,Nb04,7,103,103,260,273,131,158,13,27,126,unreliable
Nb,Nb04,8,174,174,278,303,129,158,25,29,244,unreliable
Nb,Nb04,9,381,381,311,334,129,159,23,30,226,unreliable
Nb,Nb04,10,073.061,073,342,365,129,159,23,30,216,unreliable
Nb,Nb04,11,225?,225,370,548,129,158,178,29,1171,unreliable
Nb,Nb05,0,001,001,4,165,173,204,161,31,1168,unreliable
Nb,Nb05,1,300.062.064,300,170,173,177,201,3,24,43,unreliable
Nb,Nb05,2,001,001,174,177,177,201,3,24,40,unreliable
Nb,Nb05,3,065.062?,065,184,208,175,201,24,26,189,unreliable
Nb,Nb05,4,062.064,062,214,236,174,201,22,27,183,unreliable
Nb,Nb05,5,065,065,242,253,175,201,11,26,98,unreliable
Nb,Nb05,6,324.003,324,257,293,173,201,36,28,316,unreliable
Nb,Nb05,7,004.600,004,299,332,174,201,33,27,289,unreliable
Nb,Nb05,8,040.003,040,333,548,173,204,215,31,1458,unreliable
Pr,Pr01,0,001.200.009,001,6,48,6,34,42,28,353,reliable
Pr,Pr01,1,755,755,52,66,7,34,14,27,126,reliable
Pr,Pr01,2,050.010,050,71,89,8,33,18,25,189,reliable
Pr,Pr01,3,005.037x,005,91,113,7,33,22,26,168,reliable
Pr,Pr01,4,001,001,119,124,7,33,5,26,60,reliable
Pr,Pr01,5,577,577,127,163,7,33,36,26,256,reliable
Pr,Pr01,6,700,700,167,177,6,33,10,27,90,reliable
Pr,Pr01,7,280,280,182,203,6,33,21,27,190,reliable
Pr,Pr01,8,001,001,207,212,6,33,5,27,76,reliable
Pr,Pr01,9,007,007,216,230,6,34,14,28,148,reliable
Pr,Pr01,10,260.001c,260,234,261,6,33,27,27,236,reliable
Pr,Pr01,11,280,280,263,284,7,33,21,26,206,reliable
Pr,Pr01,12,025ay,025,288,294,7,33,6,26,69,reliable
Pr,Pr01,13,065b,065,301,318,7,34,17,27,98,reliable
Pr,Pr01,14,001,001,323,325,7,32,2,25,28,reliable
Pr,Pr01,15,356a.003a,356,327,329,7,32,2,25,34,reliable
Pr,Pr01,16,077!,077,336,377,7,34,41,27,343,reliable
Pr,Pr01,17,003a!,003,379,392,8,31,13,23,84,reliable
Pr,Pr01,18,306.003a,306,396,427,6,33,31,27,279,reliable
Pr,Pr01,19,056,056,431,445,6,31,14,25,115,reliable
Pr,Pr01,20,004,004,451,458,6,31,7,25,75,reliable
Pr,Pr01,21,280,280,460,482,6,32,22,26,213,reliable
Pr,Pr01,22,200.048,200,486,517,6,31,31,25,260,reliable
Pr,Pr01,23,256a,256,520,557,7,35,37,28,353,reliable
Pr,Pr01,24,755b.003a,755,561,583,7,35,22,28,174,reliable
Pr,Pr01,25,734a!.003a!,734,587,606,9,31,19,22,90,reliable
Pr,Pr01,26,306.003a,306,609,611,19,26,2,7,10,reliable
Pr,Pr01,27,001.009:005,001,615,648,8,35,33,27,247,reliable
Pr,Pr01,28,006.074f,006,654,676,7,35,22,28,206,reliable
Pr,Pr01,29,254!,254,681,699,8,33,18,25,113,reliable
Pr,Pr01,30,004!.064a!,004,701,738,7,32,37,25,224,reliable
Pr,Pr01,31,9)!,9),741,900,7,35,159,28,1057,reliable
Pr,Pr01,32,005j,005,903,916,7,34,13,27,114,reliable
Pr,Pr01,33,246.009,246,918,961,8,35,43,27,323,reliable
Pr,Pr01,34,244,244,963,993,7,34,30,27,249,reliable
Pr,Pr01,35,009a:244,009,996,1009,7,33,13,26,110,reliable
Pr,Pr01,36,059x,059,1012,1059,6,33,47,27,360,reliable
Pr,Pr01,37,204!.074f,204,1062,1092,7,35,30,28,283,reliable
Pr,Pr01,38,079b,079,1100,1119,6,34,19,28,138,reliable
Pr,Pr01,39,700,700,1123,1132,7,34,9,27,101,reliable
Pr,Pr01,40,123,123,1135,1146,7,33,11,26,71,reliable
Pr,Pr01,41,001,001,1152,1159,7,35,7,28,99,reliable
Pr,Pr01,42,005j.052,005,1167,1188,6,34,21,28,206,reliable
Pr,Pr01,43,600a,600,1190,1210,6,33,20,27,186,reliable
Pr,Pr01,44,123,123,1212,1224,6,33,12,27,95,reliable
Pr,Pr01,45,004,004,1229,1237,6,33,8,27,87,reliable
Pr,Pr01,46,123,123,1239,1251,6,32,12,26,83,reliable
Pr,Pr01,47,630!,630,1256,1271,6,32,15,26,100,reliable
Pr,Pr02,0,066,066,4,14,42,69,10,27,91,reliable
Pr,Pr02,1,004,004,16,23,43,68,7,25,81,reliable
Pr,Pr02,2,074c,074,28,35,43,68,7,25,85,reliable
Pr,Pr02,3,006.004,006,41,59,42,69,18,27,183,reliable
Pr,Pr02,4,066,066,61,71,42,68,10,26,90,reliable
Pr,Pr02,5,022cf.344,022,75,82,42,67,7,25,91,reliable
Pr,Pr02,6,021e,021,84,114,42,69,30,27,244,reliable
Pr,Pr02,7,001.063,001,116,125,42,68,9,26,115,reliable
Pr,Pr02,8,070a,070,130,149,42,69,19,27,174,reliable
Pr,Pr02,9,202s,202,152,167,42,69,15,27,191,reliable
Pr,Pr02,10,382y,382,169,195,42,68,26,26,240,reliable
Pr,Pr02,11,382,382,197,218,42,69,21,27,172,reliable
Pr,Pr02,12,002Vaxy,002,222,241,42,68,19,26,174,reliable
Pr,Pr02,13,070,070,243,253,42,67,10,25,98,reliable
Pr,Pr02,14,202a,202,257,270,42,69,13,27,167,reliable
Pr,Pr02,15,202,202,275,324,42,70,49,28,400,reliable
Pr,Pr02,16,050.050,050,327,343,43,70,16,27,161,reliable
Pr,Pr02,17,002e,002,349,358,45,71,9,26,101,reliable
Pr,Pr02,18,431,431,363,392,44,71,29,27,216,reliable
Pr,Pr02,19,065,065,396,402,44,71,6,27,66,reliable
Pr,Pr02,20,001,001,406,423,45,71,17,26,127,reliable
Pr,Pr02,21,431,431,426,436,44,70,10,26,75,reliable
Pr,Pr02,22,065,065,440,445,43,71,5,28,78,reliable
Pr,Pr02,23,001,001,448,467,44,70,19,26,106,reliable
Pr,Pr02,24,431,431,469,505,43,69,36,26,283,reliable
Pr,Pr02,25,076y.244,076,507,532,43,70,25,27,199,reliable
Pr,Pr02,26,430.430y!,430,534,541,45,70,7,25,96,reliable
Pr,Pr02,27,002e!,002,546,562,44,70,16,26,123,reliable
Pr,Pr02,28,431,431,565,582,43,69,17,26,150,reliable
Pr,Pr02,29,099,099,582,608,43,69,26,26,166,reliable
Pr,Pr02,30,721c,721,610,616,43,68,6,25,61,reliable
Pr,Pr02,31,022,022,619,633,43,69,14,26,145,reliable
Pr,Pr02,32,001.062,001,633,663,43,69,30,26,245,reliable
Pr,Pr02,33,349,349,666,691,43,69,25,26,214,reliable
Pr,Pr02,34,592,592,699,718,45,70,19,25,147,reliable
Pr,Pr02,35,078!,078,720,750,43,69,30,26,244,reliable
Pr,Pr02,36,006.074f,006,751,756,51,70,5,19,40,reliable
Pr,Pr02,37,304.078,304,759,766,47,69,7,22,42,reliable
Pr,Pr02,38,030cx,030,770,778,45,69,8,24,70,reliable
Pr,Pr02,39,001a,001,783,789,45,69,6,24,64,reliable
Pr,Pr02,40,078x,078,793,820,43,69,27,26,216,reliable
Pr,Pr02,41,306s,306,822,847,43,70,25,27,187,reliable
Pr,Pr02,42,300.052h,300,848,874,42,69,26,27,169,reliable
Pr,Pr02,43,300s.052h,300,876,883,44,68,7,24,66,reliable
Pr,Pr02,44,077a,077,886,909,43,69,23,26,160,reliable
Pr,Pr02,45,460,460,910,919,44,68,9,24,64,reliable
Pr,Pr02,46,065,065,924,954,42,68,30,26,245,reliable
Pr,Pr02,47,204s,204,955,981,42,68,26,26,159,reliable
Pr,Pr02,48,675c:600.700,675,983,1014,42,67,31,25,245,reliable
Pr,Pr02,49,670e,670,1019,1043,42,67,24,25,161,reliable
Pr,Pr02,50,020,020,1047,1056,44,70,9,26,107,reliable
Pr,Pr02,51,056a!,056,1059,1072,46,70,13,24,91,reliable
Pr,Pr02,52,003a,003,1075,1079,47,68,4,21,36,reliable
Pr,Pr02,53,204i,204,1087,1138,42,71,51,29,431,reliable
Pr,Pr02,54,260a.001,260,1143,1160,43,71,17,28,153,reliable
Pr,Pr02,55,062y.001.003a,062,1161,1168,44,71,7,27,56,reliable
Pr,Pr02,56,070,070,1172,1187,43,71,15,28,183,reliable
Pr,Pr02,57,060a,060,1191,1197,44,71,6,27,66,reliable
Pr,Pr02,58,226,226,1201,1234,43,71,33,28,221,reliable
Pr,Pr02,59,005j.244,005,1238,1280,43,71,42,28,380,reliable
Pr,Pr02,60,711t,711,1283,1291,55,71,8,16,46,reliable
Pr,Pr03,0,666,666,4,22,79,106,18,27,167,reliable
Pr,Pr03,1,666,666,24,41,80,106,17,26,158,reliable
Pr,Pr03,2,781,781,44,65,79,106,21,27,201,reliable
Pr,Pr03,3,140,140,71,86,79,108,15,29,164,reliable
Pr,Pr03,4,004.004,004,89,105,80,106,16,26,170,reliable
Pr,Pr03,5,206a,206,109,142,78,106,33,28,279,reliable
Pr,Pr03,6,558,558,145,186,78,106,41,28,337,reliable
Pr,Pr03,7,065.003a,065,189,217,78,106,28,28,270,reliable
Pr,Pr03,8,200.004,200,222,230,79,105,8,26,82,reliable
Pr,Pr03,9,022cf,022,234,264,78,106,30,28,192,reliable
Pr,Pr03,10,307,307,267,289,79,107,22,28,149,reliable
Pr,Pr03,11,062y.006,062,292,298,79,107,6,28,71,reliable
Pr,Pr03,12,001,001,302,322,79,107,20,28,164,reliable
Pr,Pr03,13,062y.006,062,324,329,84,107,5,23,58,reliable
Pr,Pr03,14,001t,001,332,356,78,107,24,29,195,reliable
Pr,Pr03,15,062y.006,062,361,380,78,106,19,28,181,reliable
Pr,Pr03,16,001t,001,383,415,78,106,32,28,254,reliable
Pr,Pr03,17,020.064,020,419,449,77,104,30,27,247,reliable
Pr,Pr03,18,202.003a,202,453,480,77,105,27,28,226,reliable
Pr,Pr03,19,004.600a,004,481,502,77,104,21,27,140,reliable
Pr,Pr03,20,600a.004,600,508,523,77,104,15,27,132,reliable
Pr,Pr03,21,061y:042.003a,061,525,547,77,105,22,28,172,reliable
Pr,Pr03,22,050.003a,050,550,581,78,105,31,27,226,reliable
Pr,Pr03,23,095d.006,095,584,604,80,107,20,27,171,reliable
Pr,Pr03,24,095dj.006.003a,095,606,615,81,107,9,26,69,reliable
Pr,Pr03,25,027.003a,027,616,622,82,106,6,24,43,reliable
Pr,Pr03,26,086a.003a,086,628,642,81,107,14,26,105,reliable
Pr,Pr03,27,060a.003a,060,643,665,81,107,22,26,158,reliable
Pr,Pr03,28,095d.003,095,669,709,80,107,40,27,338,reliable
Pr,Pr03,29,247.095.003a,247,713,741,79,107,28,28,239,reliable
Pr,Pr03,30,003a.205y,003,744,761,81,106,17,25,144,reliable
Pr,Pr03,31,117d,117,764,782,80,106,18,26,143,reliable
Pr,Pr03,32,450.010,450,789,819,80,106,30,26,211,reliable
Pr,Pr03,33,551b.003a,551,821,842,80,107,21,27,166,reliable
Pr,Pr03,34,600a,600,845,849,85,106,4,21,44,reliable
Pr,Pr03,35,003a.420ay,003,852,868,81,106,16,25,104,reliable
Pr,Pr03,36,381,381,873,892,81,108,19,27,152,reliable
Pr,Pr03,37,117d,117,896,913,81,106,17,25,130,reliable
Pr,Pr03,38,450.052,450,915,936,80,107,21,27,161,reliable
Pr,Pr03,39,551.003a,551,940,967,80,106,27,26,212,reliable
Pr,Pr03,40,606a.003a,606,972,1006,80,107,34,27,244,reliable
Pr,Pr03,41,386ay,386,1010,1030,80,108,20,28,165,reliable
Pr,Pr03,42,480a.004.003a,480,1035,1066,81,107,31,26,247,reliable
Pr,Pr03,43,099,099,1069,1084,81,107,15,26,106,reliable
Pr,Pr03,44,007,007,1089,1102,80,108,13,28,132,reliable
Pr,Pr03,45,605bs,605,1106,1131,79,106,25,27,213,reliable
Pr,Pr03,46,752,752,1136,1151,79,106,15,27,135,reliable
Pr,Pr03,47,006.074f,006,1156,1173,78,105,17,27,115,reliable
Pr,Pr03,48,752,752,1176,1193,79,105,17,26,141,reliable
Pr,Pr03,49,360.001.260,360,1197,1242,77,105,45,28,384,reliable
Pr,Pr03,50,009b,009,1244,1255,77,105,11,28,90,reliable
Pr,Pr03,51,005j,005,1259,1271,77,103,12,26,96,reliable
Pr,Pr03,52,001,001,1274,1280,77,105,6,28,76,reliable
Pr,Pr03,53,752,752,1285,1301,77,105,16,28,141,reliable
Pr,Pr03,54,456f.003a,456,1304,1331,77,106,27,29,222,reliable
Pr,Pr03,55,455f.008h,455,1335,1361,79,106,26,27,179,reliable
Pr,Pr03,56,455f.003a.030ex,455,1364,1396,78,107,32,29,213,reliable
Pr,Pr03,57,048.117a.071,048,1400,1433,78,108,33,30,273,reliable
Pr,Pr03,58,010y.020y,010,1436,1458,80,108,22,28,227,reliable
Pr,Pr03,59,062bfx,062,1462,1471,80,108,9,28,106,reliable
Pr,Pr03,60,063bf,063,1475,1488,79,108,13,29,110,reliable
Pr,Pr03,61,002a,002,1492,1502,82,108,10,26,112,reliable
Pr,Pr03,62,044f,044,1506,1515,80,108,9,28,103,reliable
Pr,Pr03,63,020y,020,1521,1529,81,106,8,25,81,reliable
Pr,Pr04,0,204,204,6,36,117,144,30,27,273,reliable
Pr,Pr04,1,109,109,38,59,118,144,21,26,205,reliable
Pr,Pr04,2,073.006,073,62,68,124,141,6,17,43,reliable
Pr,Pr04,3,109,109,71,88,118,143,17,25,146,reliable
Pr,Pr04,4,037,037,91,112,117,144,21,27,176,reliable
Pr,Pr04,5,005.037,005,114,126,118,143,12,25,130,reliable
Pr,Pr04,6,052x.009x,052,129,149,117,144,20,27,169,reliable
Pr,Pr04,7,043;008,043,152,165,117,144,13,27,115,reliable
Pr,Pr04,8,600V,600,168,186,117,143,18,26,152,reliable
Pr,Pr04,9,021.043x,021,189,208,117,143,19,26,165,reliable
Pr,Pr04,10,043,043,213,230,118,143,17,25,128,reliable
Pr,Pr04,11,600b,600,232,238,131,143,6,12,37,reliable
Pr,Pr04,12,600a,600,244,255,118,144,11,26,108,reliable
Pr,Pr04,13,400b,400,258,289,118,144,31,26,238,reliable
Pr,Pr04,14,710t,710,293,301,119,145,8,26,76,reliable
Pr,Pr04,15,020fy,020,303,310,132,145,7,13,40,reliable
Pr,Pr04,16,244,244,315,362,119,145,47,26,339,reliable
Pr,Pr04,17,050,050,365,393,119,145,28,26,190,reliable
Pr,Pr04,18,710t,710,398,406,121,145,8,24,71,reliable
Pr,Pr04,19,606a,606,412,425,118,144,13,26,102,reliable
Pr,Pr04,20,001t.006,001,428,447,118,145,19,27,143,reliable
Pr,Pr04,21,001.006.109a,001,447,474,118,145,27,27,197,reliable
Pr,Pr04,22,050,050,476,497,119,145,21,26,151,reliable
Pr,Pr04,23,755a,755,499,527,117,144,28,27,164,reliable
Pr,Pr04,24,001.063,001,530,539,118,142,9,24,63,reliable
Pr,Pr04,25,013b.006,013,545,562,117,144,17,27,156,reliable
Pr,Pr04,26,065.006,065,562,587,116,145,25,29,193,reliable
Pr,Pr04,27,721d,721,589,623,116,142,34,26,296,reliable
Pr,Pr04,28,065,065,628,645,116,143,17,27,113,reliable
Pr,Pr04,29,026,026,649,658,116,143,9,27,85,reliable
Pr,Pr04,30,700e.006,700,661,682,116,143,21,27,191,reliable
Pr,Pr04,31,200.070a,200,685,721,116,143,36,27,361,reliable
Pr,Pr04,32,057a,057,726,747,116,143,21,27,206,reliable
Pr,Pr04,33,040a,040,751,775,116,143,24,27,220,reliable
Pr,Pr04,34,600a,600,776,778,117,143,2,26,31,reliable
Pr,Pr04,35,200.070a,200,779,781,117,144,2,27,47,reliable
Pr,Pr04,36,600a,600,785,802,116,144,17,28,97,reliable
Pr,Pr04,37,200.015a,200,806,823,116,144,17,28,168,reliable
Pr,Pr04,38,051a,051,829,850,117,144,21,27,180,reliable
Pr,Pr04,39,010y.048,010,852,880,117,145,28,28,189,reliable
Pr,Pr04,40,700.009,700,884,900,118,144,16,26,145,reliable
Pr,Pr04,41,670b,670,903,938,116,144,35,28,250,reliable
Pr,Pr04,42,081,081,940,964,116,144,24,28,182,reliable
Pr,Pr04,43,306.003a,306,968,974,118,141,6,23,51,reliable
Pr,Pr04,44,069a.065x,069,979,985,117,140,6,23,53,reliable
Pr,Pr04,45,030c,030,990,1010,120,145,20,25,158,reliable
Pr,Pr04,46,060.052,060,1009,1011,119,130,2,11,11,reliable
Pr,Pr04,47,074,074,1014,1022,118,145,8,27,66,reliable
Pr,Pr04,48,060b.055ay,060,1025,1048,119,145,23,26,160,reliable
Pr,Pr04,49,588,588,1049,1063,117,145,14,28,118,reliable
Pr,Pr04,50,060a,060,1068,1074,119,144,6,25,48,reliable
Pr,Pr04,51,001,001,1079,1084,116,145,5,29,79,reliable
Pr,Pr04,52,060a,060,1087,1095,117,145,8,28,79,reliable
Pr,Pr04,53,069a,069,1098,1111,117,145,13,28,115,reliable
Pr,Pr04,54,162,162,1117,1135,117,144,18,27,142,reliable
Pr,Pr04,55,200.200.200.052x,200,1140,1217,116,143,77,27,638,reliable
Pr,Pr04,56,200,200,1221,1258,116,143,37,27,320,reliable
Pr,Pr04,57,081,081,1262,1285,116,143,23,27,216,reliable
Pr,Pr04,58,200.001,200,1286,1288,117,143,2,26,34,reliable
Pr,Pr04,59,004.064a,004,1291,1311,117,144,20,27,169,reliable
Pr,Pr04,60,044ax,044,1314,1321,117,144,7,27,77,reliable
Pr,Pr04,61,004,004,1323,1330,117,144,7,27,88,reliable
Pr,Pr04,62,049f,049,1334,1345,117,144,11,27,90,reliable
Pr,Pr04,63,004,004,1349,1355,118,144,6,26,68,reliable
Pr,Pr04,64,044ax,044,1360,1367,116,144,7,28,69,reliable
Pr,Pr04,65,004.064a,004,1370,1387,117,144,17,27,139,reliable
Pr,Pr04,66,202s,202,1389,1418,117,145,29,28,211,reliable
Pr,Pr04,67,280,280,1423,1453,117,145,30,28,223,reliable
Pr,Pr04,68,200.008,200,1453,1491,117,145,38,28,283,reliable
Pr,Pr05,0,200.001,200,2,51,155,183,49,28,454,reliable
Pr,Pr05,1,670a,670,54,145,155,182,91,27,813,reliable
Pr,Pr05,2,208.004.064,208,150,162,155,181,12,26,117,reliable
Pr,Pr05,3,200.005,200,165,173,156,181,8,25,107,reliable
Pr,Pr05,4,002a,002,177,185,155,181,8,26,79,reliable
Pr,Pr05,5,005,005,188,260,155,183,72,28,592,reliable
Pr,Pr05,6,002a,002,262,272,156,182,10,26,86,reliable
Pr,Pr05,7,041,041,275,284,156,182,9,26,82,reliable
Pr,Pr05,8,220.009,220,286,296,155,183,10,28,81,reliable
Pr,Pr05,9,220.009,220,299,312,155,182,13,27,96,reliable
Pr,Pr05,10,440,440,316,340,157,184,24,27,194,reliable
Pr,Pr05,11,440,440,345,369,158,185,24,27,203,reliable
Pr,Pr05,12,440a,440,371,383,159,183,12,24,106,reliable
Pr,Pr05,13,440a,440,388,401,159,184,13,25,87,reliable
Pr,Pr05,14,020V,020,406,418,158,182,12,24,99,reliable
Pr,Pr05,15,205,205,422,430,157,183,8,26,66,reliable
Pr,Pr05,16,205,205,435,450,157,183,15,26,112,reliable
Pr,Pr05,17,004.003ax,004,454,487,156,184,33,28,256,reliable
Pr,Pr05,18,004.003ax,004,490,496,158,181,6,23,35,reliable
Pr,Pr05,19,066c,066,501,522,155,183,21,28,166,reliable
Pr,Pr05,20,065,065,526,535,155,182,9,27,60,reliable
Pr,Pr05,21,065.003ax,065,538,543,155,182,5,27,50,reliable
Pr,Pr05,22,066a.095aj,066,551,561,155,183,10,28,97,reliable
Pr,Pr05,23,066a.003ax,066,566,572,156,183,6,27,72,reliable
Pr,Pr05,24,066a.049f.066a,066,576,581,155,183,5,28,65,reliable
Pr,Pr05,25,001,001,585,606,155,182,21,27,179,reliable
Pr,Pr05,26,066a,066,610,629,156,183,19,27,170,reliable
Pr,Pr05,27,022,022,631,652,155,182,21,27,171,reliable
Pr,Pr05,28,022,022,656,664,156,183,8,27,95,reliable
Pr,Pr05,29,066.009,066,669,675,156,181,6,25,61,reliable
Pr,Pr05,30,066.006,066,677,694,155,184,17,29,174,reliable
Pr,Pr05,31,554,554,698,708,155,184,10,29,125,reliable
Pr,Pr05,32,015a,015,714,721,156,184,7,28,92,reliable
Pr,Pr05,33,022f,022,724,732,156,182,8,26,76,reliable
Pr,Pr05,34,386:008,386,736,757,156,184,21,28,189,reliable
Pr,Pr05,35,110,110,762,775,156,184,13,28,136,reliable
Pr,Pr05,36,015,015,779,786,157,185,7,28,95,reliable
Pr,Pr05,37,022f,022,789,796,157,184,7,27,78,reliable
Pr,Pr05,38,081.061,081,799,820,157,184,21,27,173,reliable
Pr,Pr05,39,027,027,825,835,157,185,10,28,98,reliable
Pr,Pr05,40,015,015,841,849,157,184,8,27,88,reliable
Pr,Pr05,41,022cf,022,852,861,158,184,9,26,68,reliable
Pr,Pr05,42,081.061,081,866,893,157,183,27,26,216,reliable
Pr,Pr05,43,013,013,897,918,157,184,21,27,172,reliable
Pr,Pr05,44,015,015,923,931,156,183,8,27,107,reliable
Pr,Pr05,45,022cf,022,935,943,157,184,8,27,72,reliable
Pr,Pr05,46,008.061,008,948,965,157,183,17,26,144,reliable
Pr,Pr05,47,200,200,969,982,156,183,13,27,83,reliable
Pr,Pr05,48,015,015,987,995,156,183,8,27,82,reliable
Pr,Pr05,49,022cf,022,1001,1009,156,183,8,27,78,reliable
Pr,Pr05,50,008,008,1011,1027,157,185,16,28,160,reliable
Pr,Pr05,51,451,451,1032,1034,158,184,2,26,27,reliable
Pr,Pr05,52,015a,015,1036,1037,158,185,1,27,27,reliable
Pr,Pr05,53,022cf,022,1039,1040,158,184,1,26,26,reliable
Pr,Pr05,54,005:008d,005,1045,1053,157,184,8,27,80,reliable
Pr,Pr05,55,015a,015,1056,1092,157,184,36,27,220,reliable
Pr,Pr05,56,022cf,022,1101,1109,156,183,8,27,99,reliable
Pr,Pr05,57,008.006;015t,008,1112,1130,156,184,18,28,160,reliable
Pr,Pr05,58,022cf,022,1134,1152,156,184,18,28,163,reliable
Pr,Pr05,59,008,008,1156,1163,157,184,7,27,102,reliable
Pr,Pr05,60,004.064a,004,1168,1176,157,184,8,27,103,reliable
Pr,Pr05,61,015a,015,1180,1214,157,185,34,28,286,reliable
Pr,Pr05,62,022cf,022,1216,1218,158,183,2,25,42,reliable
Pr,Pr05,63,553,553,1220,1222,157,184,2,27,48,reliable
Pr,Pr05,64,015a,015,1226,1234,156,184,8,28,93,reliable
Pr,Pr05,65,022cf,022,1239,1250,157,185,11,28,106,reliable
Pr,Pr05,66,067,067,1254,1256,157,185,2,28,36,reliable
Pr,Pr05,67,015a.034c,015,1258,1281,158,184,23,26,206,reliable
Pr,Pr05,68,200a.044ax,200,1284,1340,157,185,56,28,461,reliable
Pr,Pr05,69,090,090,1344,1379,156,184,35,28,302,reliable
Pr,Pr05,70,060a.036.200,060,1381,1405,157,185,24,28,211,reliable
Pr,Pr05,71,004.004.007,004,1408,1423,157,185,15,28,134,reliable
Pr,Pr05,72,002a,002,1426,1435,157,184,9,27,104,reliable
Pr,Pr05,73,060a,060,1441,1448,158,184,7,26,70,reliable
Pr,Pr05,74,093,093,1452,1473,156,185,21,29,146,reliable
Pr,Pr05,75,070a,070,1476,1490,157,185,14,28,173,reliable
Pr,Pr05,76,520,520,1496,1517,156,184,21,28,170,reliable
Pr,Pr05,77,451!,451,1521,1533,157,182,12,25,77,reliable
Pr,Pr06,0,008,008,4,22,193,220,18,27,149,reliable
Pr,Pr06,1,001.082c,001,27,29,194,221,2,27,29,reliable
Pr,Pr06,2,744,744,31,50,193,220,19,27,150,reliable
Pr,Pr06,3,073.306,073,53,67,193,221,14,28,122,reliable
Pr,Pr06,4,431d,431,70,111,193,220,41,27,261,reliable
Pr,Pr06,5,200a,200,116,133,193,220,17,27,146,reliable
Pr,Pr06,6,276i,276,137,157,194,221,20,27,161,reliable
Pr,Pr06,7,001,001,161,192,193,221,31,28,223,reliable
Pr,Pr06,8,382a,382,195,200,195,221,5,26,70,reliable
Pr,Pr06,9,090af,090,204,224,194,222,20,28,168,reliable
Pr,Pr06,10,382a,382,229,248,194,221,19,27,140,reliable
Pr,Pr06,11,024a,024,253,273,195,222,20,27,171,reliable
Pr,Pr06,12,381,381,276,292,195,222,16,27,136,reliable
Pr,Pr06,13,300,300,297,317,195,222,20,27,163,reliable
Pr,Pr06,14,330a.027.003a,330,319,338,195,223,19,28,145,reliable
Pr,Pr06,15,326.076t,326,341,385,194,221,44,27,300,reliable
Pr,Pr06,16,700g,700,389,419,194,222,30,28,220,reliable
Pr,Pr06,17,386f,386,423,435,194,221,12,27,96,reliable
Pr,Pr06,18,270j,270,441,468,195,222,27,27,194,reliable
Pr,Pr06,19,067,067,470,490,195,223,20,28,162,reliable
Pr,Pr06,20,470a,470,493,506,195,222,13,27,89,reliable
Pr,Pr06,21,010.064a,010,508,529,195,222,21,27,120,reliable
Pr,Pr06,22,088,088,533,554,196,222,21,26,158,reliable
Pr,Pr06,23,430y,430,556,565,196,223,9,27,83,reliable
Pr,Pr06,24,214,214,568,580,196,222,12,26,100,reliable
Pr,Pr06,25,002,002,584,621,195,222,37,27,257,reliable
Pr,Pr06,26,203,203,622,630,196,221,8,25,84,reliable
Pr,Pr06,27,027b,027,634,665,195,222,31,27,237,reliable
Pr,Pr06,28,090,090,665,685,196,223,20,27,155,reliable
Pr,Pr06,29,545,545,688,700,195,222,12,27,93,reliable
Pr,Pr06,30,074,074,704,721,195,222,17,27,144,reliable
Pr,Pr06,31,376b,376,725,735,196,222,10,26,86,reliable
Pr,Pr06,32,500,500,737,786,194,223,49,29,388,reliable
Pr,Pr06,33,440,440,789,801,196,222,12,26,98,reliable
Pr,Pr06,34,290,290,804,823,196,222,19,26,165,reliable
Pr,Pr06,35,002a,002,827,836,196,222,9,26,113,reliable
Pr,Pr06,36,040,040,840,848,196,222,8,26,76,reliable
Pr,Pr06,37,050,050,853,863,197,222,10,25,97,reliable
Pr,Pr06,38,214,214,865,903,196,223,38,27,278,reliable
Pr,Pr06,39,001a,001,906,916,196,222,10,26,87,reliable
Pr,Pr06,40,366.076t,366,919,948,196,223,29,27,226,reliable
Pr,Pr06,41,200.200,200,950,991,196,223,41,27,347,reliable
Pr,Pr06,42,091,091,993,1010,196,223,17,27,109,reliable
Pr,Pr06,43,326,326,1012,1041,194,220,29,26,252,reliable
Pr,Pr06,44,214k,214,1043,1074,194,221,31,27,225,reliable
Pr,Pr06,45,773e,773,1079,1091,193,220,12,27,95,reliable
Pr,Pr06,46,446s,446,1096,1121,193,220,25,27,175,reliable
Pr,Pr06,47,103,103,1126,1135,193,220,9,27,93,reliable
Pr,Pr06,48,206.711,206,1142,1178,193,221,36,28,292,reliable
Pr,Pr06,49,684c,684,1181,1226,193,221,45,28,357,reliable
Pr,Pr06,50,520.009i,520,1229,1260,194,222,31,28,277,reliable
Pr,Pr06,51,520.063h,520,1263,1293,194,222,30,28,247,reliable
Pr,Pr06,52,045ft,045,1292,1300,210,223,8,13,46,reliable
Pr,Pr06,53,530,530,1303,1325,194,222,22,28,196,reliable
Pr,Pr06,54,040.522b.069,040,1331,1368,193,221,37,28,314,reliable
Pr,Pr06,55,202y,202,1373,1397,193,222,24,29,213,reliable
Pr,Pr06,56,083.530.071h,083,1403,1440,193,221,37,28,321,reliable
Pr,Pr06,57,560a,560,1442,1465,193,221,23,28,191,reliable
Pr,Pr06,58,004f.008ah,004,1469,1494,193,221,25,28,211,reliable
Pr,Pr06,59,010.200,010,1497,1525,193,222,28,29,270,reliable
Pr,Pr06,60,744,744,1529,1545,194,222,16,28,136,reliable
Pr,Pr06,61,005j:548,005,1546,1568,193,222,22,29,181,reliable
Pr,Pr06,62,381.010fh,381,1573,1593,193,221,20,28,188,reliable
Pr,Pr07,0,306.003a,306,3,36,233,259,33,26,250,reliable
Pr,Pr07,1,028,028,38,54,233,259,16,26,142,reliable
Pr,Pr07,2,027.095j,027,57,85,233,260,28,27,228,reliable
Pr,Pr07,3,302,302,84,110,233,259,26,26,208,reliable
Pr,Pr07,4,046.052x,046,115,141,233,261,26,28,269,reliable
Pr,Pr07,5,022bfy.343,022,146,190,233,261,44,28,384,reliable
Pr,Pr07,6,005kt,005,193,211,233,261,18,28,180,reliable
Pr,Pr07,7,099,099,215,221,233,261,6,28,89,reliable
Pr,Pr07,8,011,011,223,238,234,261,15,27,147,reliable
Pr,Pr07,9,007,007,241,247,234,261,6,27,69,reliable
Pr,Pr07,10,004,004,250,273,234,262,23,28,208,reliable
Pr,Pr07,11,600a,600,276,284,234,262,8,28,88,reliable
Pr,Pr07,12,522b,522,284,329,234,262,45,28,378,reliable
Pr,Pr07,13,606os,606,329,333,234,262,4,28,12,reliable
Pr,Pr07,14,609a.063,609,338,379,234,262,41,28,316,reliable
Pr,Pr07,15,600.001,600,379,406,234,261,27,27,199,reliable
Pr,Pr07,16,001.095j.003a,001,406,408,235,260,2,25,30,reliable
Pr,Pr07,17,600as.009,600,413,435,234,262,22,28,181,reliable
Pr,Pr07,18,600a.022bfy,600,439,474,234,262,35,28,278,reliable
Pr,Pr07,19,002a,002,473,505,234,261,32,27,272,reliable
Pr,Pr07,20,144f,144,509,517,235,261,8,26,99,reliable
Pr,Pr07,21,002a,002,520,536,235,262,16,27,115,reliable
Pr,Pr07,22,662,662,538,546,234,260,8,26,85,reliable
Pr,Pr07,23,680,680,550,584,235,261,34,26,263,reliable
Pr,Pr07,24,005k.010,005,587,623,234,261,36,27,318,reliable
Pr,Pr07,25,005k.052,005,625,637,235,261,12,26,150,reliable
Pr,Pr07,26,022.243,022,640,656,235,261,16,26,205,reliable
Pr,Pr07,27,001t,001,660,703,235,262,43,27,395,reliable
Pr,Pr07,28,004.010x,004,707,721,236,261,14,25,139,reliable
Pr,Pr07,29,381,381,723,741,235,262,18,27,175,reliable
Pr,Pr07,30,022bf.346,022,744,785,235,262,41,27,361,reliable
Pr,Pr07,31,600a.132a,600,784,816,236,262,32,26,265,reliable
Pr,Pr07,32,077cy,077,820,826,236,262,6,26,75,reliable
Pr,Pr07,33,206bky.090,206,830,870,235,262,40,27,313,reliable
Pr,Pr07,34,016a,016,873,878,234,261,5,27,79,reliable
Pr,Pr07,35,070,070,883,896,235,262,13,27,142,reliable
Pr,Pr07,36,407,407,899,929,235,261,30,26,235,reliable
Pr,Pr07,37,021h,021,930,945,236,261,15,25,102,reliable
Pr,Pr07,38,095g,095,946,974,235,261,28,26,241,reliable
Pr,Pr07,39,407,407,978,999,235,262,21,27,174,reliable
Pr,Pr07,40,109h,109,1001,1017,234,261,16,27,125,reliable
Pr,Pr07,41,522b,522,1016,1028,234,261,12,27,108,reliable
Pr,Pr07,42,630b,630,1030,1044,235,262,14,27,128,reliable
Pr,Pr07,43,020et.010,020,1046,1080,235,261,34,26,300,reliable
Pr,Pr07,44,007,007,1082,1099,233,261,17,28,135,reliable
Pr,Pr07,45,246.074f,246,1101,1117,233,260,16,27,155,reliable
Pr,Pr07,46,445y,445,1124,1137,233,260,13,27,116,reliable
Pr,Pr07,47,050.010,050,1143,1152,233,261,9,28,61,reliable
Pr,Pr07,48,009b,009,1155,1189,233,262,34,29,290,reliable
Pr,Pr07,49,021g,021,1195,1202,234,261,7,27,76,reliable
Pr,Pr07,50,760,760,1202,1203,234,244,1,10,10,reliable
Pr,Pr07,51,050,050,1207,1215,233,260,8,27,86,reliable
Pr,Pr07,52,002a.760.052x,002,1216,1254,233,261,38,28,373,reliable
Pr,Pr07,53,050,050,1256,1265,234,262,9,28,102,reliable
Pr,Pr07,54,005j.010,005,1269,1289,233,262,20,29,211,reliable
Pr,Pr07,55,004a.064.003a,004,1292,1320,233,262,28,29,230,reliable
Pr,Pr07,56,009d,009,1327,1340,234,262,13,28,131,reliable
Pr,Pr07,57,005j.064,005,1343,1368,234,261,25,27,203,reliable
Pr,Pr07,58,007,007,1370,1385,233,262,15,29,168,reliable
Pr,Pr07,59,095j,095,1389,1401,234,260,12,26,97,reliable
Pr,Pr07,60,002c,002,1402,1411,241,260,9,19,73,reliable
Pr,Pr08,0,050.010,050,5,21,270,297,16,27,208,reliable
Pr,Pr08,1,008a,008,24,42,270,297,18,27,178,reliable
Pr,Pr08,2,600,600,44,65,270,296,21,26,219,reliable
Pr,Pr08,3,281.001.095j.003a,281,68,115,270,297,47,27,461,reliable
Pr,Pr08,4,011,011,120,127,270,297,7,27,92,reliable
Pr,Pr08,5,445sy.711,445,131,160,270,297,29,27,232,reliable
Pr,Pr08,6,300,300,163,182,271,297,19,26,167,reliable
Pr,Pr08,7,005,005,183,200,270,297,17,27,155,reliable
Pr,Pr08,8,009,009,202,215,271,298,13,27,111,reliable
Pr,Pr08,9,004,004,219,225,271,297,6,26,58,reliable
Pr,Pr08,10,002a,002,224,225,286,291,1,5,5,reliable
Pr,Pr08,11,400a,400,229,238,271,297,9,26,121,reliable
Pr,Pr08,12,652ay,652,242,262,271,297,20,26,189,reliable
Pr,Pr08,13,606b,606,264,293,271,297,29,26,219,reliable
Pr,Pr08,14,403a,403,294,324,272,299,30,27,236,reliable
Pr,Pr08,15,246k,246,328,387,272,299,59,27,471,reliable
Pr,Pr08,16,308,308,388,412,272,299,24,27,221,reliable
Pr,Pr08,17,400c.007,400,415,449,272,298,34,26,306,reliable
Pr,Pr08,18,406s,406,452,483,271,298,31,27,246,reliable
Pr,Pr08,19,001.010,001,485,498,272,299,13,27,144,reliable
Pr,Pr08,20,001.064,001,501,514,272,299,13,27,123,reliable
Pr,Pr08,21,007,007,517,529,273,299,12,26,115,reliable
Pr,Pr08,22,034,034,530,546,273,299,16,26,150,reliable
Pr,Pr08,23,064.670,064,548,576,271,299,28,28,213,reliable
Pr,Pr08,24,200.074,200,578,610,271,298,32,27,266,reliable
Pr,Pr08,25,522b,522,612,631,271,298,19,27,167,reliable
Pr,Pr08,26,001,001,633,638,271,298,5,27,64,reliable
Pr,Pr08,27,040a,040,642,651,271,298,9,27,90,reliable
Pr,Pr08,28,372ay,372,654,686,271,299,32,28,256,reliable
Pr,Pr08,29,380.061,380,688,707,272,298,19,26,176,reliable
Pr,Pr08,30,232b,232,709,741,271,299,32,28,235,reliable
Pr,Pr08,31,081a,081,741,757,272,299,16,27,153,reliable
Pr,Pr08,32,739,739,759,774,273,299,15,26,129,reliable
Pr,Pr08,33,070a,070,777,793,273,299,16,26,178,reliable
Pr,Pr08,34,001a,001,797,804,274,299,7,25,73,reliable
Pr,Pr08,35,154.246.242ai,154,805,816,272,299,11,27,118,reliable
Pr,Pr08,36,606a,606,816,872,272,299,56,27,504,reliable
Pr,Pr08,37,004.600ay,004,875,930,271,299,55,28,472,reliable
Pr,Pr08,38,040.220iy.048af,040,933,971,271,299,38,28,343,reliable
Pr,Pr08,39,430e,430,973,1008,270,299,35,29,305,reliable
Pr,Pr08,40,433,433,1012,1018,271,297,6,26,71,reliable
Pr,Pr08,41,004,004,1021,1040,271,297,19,26,178,reliable
Pr,Pr08,42,534c,534,1043,1056,270,298,13,28,108,reliable
Pr,Pr08,43,593d,593,1059,1081,270,299,22,29,188,reliable
Pr,Pr08,44,375ay,375,1084,1094,271,298,10,27,111,reliable
Pr,Pr08,45,050c,050,1100,1109,271,297,9,26,117,reliable
Pr,Pr08,46,024a,024,1108,1146,270,299,38,29,322,reliable
Pr,Pr08,47,076y.276,076,1146,1155,270,299,9,29,74,reliable
Pr,Pr08,48,076y.276,076,1155,1216,270,299,61,29,546,reliable
Pr,Pr08,49,666y.010.064a.671a,666,1219,1239,271,298,20,27,179,reliable
Pr,Pr08,50,710a,710,1243,1256,271,298,13,27,126,reliable
Pr,Pr08,51,671a,671,1259,1283,271,298,24,27,182,reliable
Pr,Pr08,52,102?,102,1285,1295,272,298,10,26,74,reliable
Pr,Pr08,53,356b,356,1301,1333,271,298,32,27,270,reliable
Pr,Pr08,54,205.020ehy,205,1333,1360,271,299,27,28,239,reliable
Pr,Pr09,0,2)!,2),3,20,306,334,17,28,111,reliable
Pr,Pr09,1,002a!,002,22,32,311,333,10,22,98,reliable
Pr,Pr09,2,755a,755,37,53,306,333,16,27,153,reliable
Pr,Pr09,3,047,047,56,94,306,333,38,27,273,reliable
Pr,Pr09,4,200!,200,98,126,306,334,28,28,271,reliable
Pr,Pr09,5,372,372,133,153,306,333,20,27,207,reliable
Pr,Pr09,6,021t,021,156,198,306,333,42,27,351,reliable
Pr,Pr09,7,020a.006y,020,200,249,306,334,49,28,412,reliable
Pr,Pr09,8,214,214,251,279,307,335,28,28,224,reliable
Pr,Pr09,9,001,001,281,288,308,334,7,26,77,reliable
Pr,Pr09,10,405y.755.006,405,290,303,308,335,13,27,188,reliable
Pr,Pr09,11,770e,770,306,329,308,335,23,27,224,reliable
Pr,Pr09,12,060a,060,333,386,308,336,53,28,430,reliable
Pr,Pr09,13,070a,070,389,397,309,336,8,27,90,reliable
Pr,Pr09,14,061y.001.061,061,400,411,309,336,11,27,94,reliable
Pr,Pr09,15,386,386,415,434,308,336,19,28,177,reliable
Pr,Pr09,16,206s,206,437,451,308,336,14,28,131,reliable
Pr,Pr09,17,091k,091,455,477,308,336,22,28,192,reliable
Pr,Pr09,18,091j,091,479,504,309,336,25,27,220,reliable
Pr,Pr09,19,381,381,508,549,309,336,41,27,375,reliable
Pr,Pr09,20,065b.001,065,553,559,308,337,6,29,74,reliable
Pr,Pr09,21,594,594,561,577,308,336,16,28,150,reliable
Pr,Pr09,22,200.022,200,580,594,309,337,14,28,148,reliable
Pr,Pr09,23,010.001,010,598,606,310,337,8,27,93,reliable
Pr,Pr09,24,200,200,611,624,309,337,13,28,146,reliable
Pr,Pr09,25,041,041,627,634,309,336,7,27,73,reliable
Pr,Pr09,26,001,001,638,645,309,336,7,27,81,reliable
Pr,Pr09,27,099,099,649,656,309,336,7,27,112,reliable
Pr,Pr09,28,010.001,010,660,665,308,337,5,29,64,reliable
Pr,Pr09,29,050,050,668,701,309,337,33,28,297,reliable
Pr,Pr09,30,001.010,001,703,724,309,337,21,28,182,reliable
Pr,Pr09,31,022,022,725,731,310,337,6,27,80,reliable
Pr,Pr09,32,048a,048,734,742,310,337,8,27,84,reliable
Pr,Pr09,33,002a,002,745,754,310,337,9,27,120,reliable
Pr,Pr09,34,001,001,757,763,310,337,6,27,75,reliable
Pr,Pr09,35,491a,491,767,791,309,337,24,28,235,reliable
Pr,Pr09,36,522?,522,794,810,309,337,16,28,160,reliable
Pr,Pr09,37,3)!,3),815,824,321,335,9,14,40,reliable
Pr,Pr10,0,780!,780,4,26,342,370,22,28,166,reliable
Pr,Pr10,1,600a.032a,600,28,60,341,370,32,29,283,reliable
Pr,Pr10,2,053a,053,63,74,342,369,11,27,126,reliable
Pr,Pr10,3,004.600a,004,78,106,341,369,28,28,260,reliable
Pr,Pr10,4,290.007,290,109,145,341,370,36,29,342,reliable
Pr,Pr10,5,400.032a,400,148,173,341,371,25,30,237,reliable
Pr,Pr10,6,067,067,176,188,342,369,12,27,108,reliable
Pr,Pr10,7,600a,600,190,212,341,370,22,29,227,reliable
Pr,Pr10,8,600a,600,215,235,342,370,20,28,190,reliable
Pr,Pr10,9,600a.004,600,239,267,341,371,28,30,246,reliable
Pr,Pr10,10,430,430,269,285,341,370,16,29,114,reliable
Pr,Pr10,11,300.700f,300,287,317,344,374,30,30,287,reliable
Pr,Pr10,12,004,004,321,326,345,374,5,29,72,reliable
Pr,Pr10,13,700f,700,328,339,345,373,11,28,100,reliable
Pr,Pr10,14,600a,600,342,364,345,374,22,29,197,reliable
Pr,Pr10,15,365,365,367,391,344,374,24,30,211,reliable
Pr,Pr10,16,406a,406,395,424,345,373,29,28,233,reliable
Pr,Pr10,17,365,365,426,449,344,374,23,30,192,reliable
Pr,Pr10,18,400,400,451,476,345,373,25,28,198,reliable
Pr,Pr10,19,021h,021,477,528,345,374,51,29,428,reliable
Pr,Pr10,20,600.001.600a,600,529,545,346,374,16,28,118,reliable
Pr,Pr10,21,198,198,549,560,345,371,11,26,85,reliable
Pr,Pr10,22,047,047,561,572,346,373,11,27,78,reliable
Pr,Pr10,23,067,067,576,586,345,370,10,25,88,reliable
Pr,Pr10,24,700f,700,589,598,344,370,9,26,92,reliable
Pr,Pr10,25,700f,700,604,613,344,371,9,27,100,reliable
Pr,Pr10,26,020Va,020,617,628,345,370,11,25,82,reliable
Pr,Pr10,27,710f,710,633,642,345,370,9,25,115,reliable
Pr,Pr10,28,020cy,020,646,656,345,371,10,26,79,reliable
Pr,Pr10,29,700f,700,659,662,345,370,3,25,32,reliable
Pr,Pr10,30,001c,001,662,665,346,370,3,24,28,reliable
Pr,Pr10,31,710f,710,669,680,345,371,11,26,86,reliable
Pr,Pr10,32,700cx,700,684,694,345,370,10,25,96,reliable
Pr,Pr10,33,700f,700,697,708,345,371,11,26,107,reliable
Pr,Pr10,34,020Va,020,711,720,345,372,9,27,107,reliable
Pr,Pr10,35,710f,710,725,734,345,371,9,26,81,reliable
Pr,Pr10,36,402!,402,737,747,346,366,10,20,50,reliable
Pr,Pr10,37,2)!,2),749,763,345,364,14,19,70,reliable
Pr,Pr11,0,4)!,4),3,51,381,407,48,26,197,unreliable
Pr,Pr11,1,451!,451,53,65,381,408,12,27,82,unreliable
Pr,Pr11,2,078y.245,078,67,83,381,408,16,27,76,unreliable
Pr,Pr11,3,001,001,86,130,381,408,44,27,334,unreliable
Pr,Pr11,4,001.010,001,136,141,381,409,5,28,83,unreliable
Pr,Pr11,5,664,664,146,161,381,409,15,28,173,unreliable
Pr,Pr11,6,699,699,163,212,381,409,49,28,397,unreliable
Pr,Pr11,7,699y,699,215,235,382,409,20,27,151,unreliable
Pr,Pr11,8,081a,081,238,278,381,409,40,28,319,unreliable
Pr,Pr11,9,280,280,279,298,382,409,19,27,172,unreliable
Pr,Pr11,10,280,280,301,303,384,409,2,25,23,unreliable
Pr,Pr11,11,001.069,001,305,318,383,409,13,26,117,unreliable
Pr,Pr11,12,002a,002,324,333,383,409,9,26,85,unreliable
Pr,Pr11,13,067.064ay?,067,336,359,382,409,23,27,143,unreliable
Pr,Pr11,14,067.022!,067,363,385,382,409,22,27,151,unreliable
Pr,Pr11,15,300,300,388,407,381,409,19,28,150,unreliable
Pr,Pr11,16,067,067,409,420,382,408,11,26,86,unreliable
Pr,Pr11,17,014a,014,423,440,381,408,17,27,150,unreliable
Pr,Pr11,18,315s!,315,442,470,381,408,28,27,199,unreliable
Pr,Pr11,19,001,001,474,480,381,409,6,28,83,unreliable
Pr,Pr11,20,710h:042.003a,710,483,502,382,409,19,27,142,unreliable
Pr,Pr11,21,400,400,504,522,381,409,18,28,149,unreliable
Pr,Pr11,22,306s!,306,524,547,382,409,23,27,176,unreliable
Pr,Pr11,23,773d!,773,552,569,382,409,17,27,138,unreliable
Pr,Pr11,24,009c?,009,571,583,382,409,12,27,103,unreliable
Pr,Pr11,25,009c!,009,589,601,389,409,12,20,58,unreliable
Pr,Pr11,26,599,599,605,620,381,409,15,28,126,unreliable
Pr,Pr11,27,067f!,067,623,635,381,409,12,28,98,unreliable
Pr,Pr11,28,451.064x,451,637,658,381,408,21,27,184,unreliable
Pr,Pr11,29,109t,109,661,670,394,406,9,12,48,unreliable
Pv,Pv01,0,4)!,4),2,83,7,35,81,28,515,reliable
Pv,Pv01,1,200,200,86,105,8,35,19,27,175,reliable
Pv,Pv01,2,600,600,108,131,7,35,23,28,218,reliable
Pv,Pv01,3,007,007,135,148,8,35,13,27,146,reliable
Pv,Pv01,4,001,001,151,179,8,34,28,26,207,reliable
Pv,Pv01,5,091,091,185,190,7,35,5,28,80,reliable
Pv,Pv01,6,005k,005,192,208,8,35,16,27,111,reliable
Pv,Pv01,7,005j.010,005,211,219,8,34,8,26,103,reliable
Pv,Pv01,8,144f,144,225,244,8,34,19,26,192,reliable
Pv,Pv01,9,005.010,005,249,265,8,34,16,26,113,reliable
Pv,Pv01,10,200,200,268,290,8,34,22,26,208,reliable
Pv,Pv01,11,200,200,296,317,7,35,21,28,199,reliable
Pv,Pv01,12,710,710,322,346,7,34,24,27,194,reliable
Pv,Pv01,13,090,090,355,364,8,35,9,27,97,reliable
Pv,Pv01,14,540y,540,366,409,8,35,43,27,327,reliable
Pv,Pv01,15,450.540,450,410,442,7,34,32,27,275,reliable
Pv,Pv01,16,002c:042,002,445,457,7,33,12,26,111,reliable
Pv,Pv01,17,755,755,461,477,7,34,16,27,155,reliable
Pv,Pv01,18,009,009,479,491,7,34,12,27,116,reliable
Pv,Pv01,19,061y.009.061,061,495,521,7,34,26,27,254,reliable
Pv,Pv01,20,734d.003a,734,524,550,8,35,26,27,201,reliable
Pv,Pv01,21,734.003a,734,554,586,8,35,32,27,246,reliable
Pv,Pv01,22,684b,684,590,628,7,34,38,27,360,reliable
Pv,Pv02,0,382,382,7,28,43,72,21,29,196,reliable
Pv,Pv02,1,048f,048,30,38,44,70,8,26,77,reliable
Pv,Pv02,2,684d,684,42,74,43,72,32,29,326,reliable
Pv,Pv02,3,007,007,76,92,44,72,16,28,145,reliable
Pv,Pv02,4,600o,600,93,118,43,71,25,28,238,reliable
Pv,Pv02,5,326,326,120,178,43,71,58,28,497,reliable
Pv,Pv02,6,300.009,300,179,206,43,71,27,28,263,reliable
Pv,Pv02,7,308,308,208,225,44,71,17,27,167,reliable
Pv,Pv02,8,081a,081,227,278,43,72,51,29,450,reliable
Pv,Pv02,9,301,301,279,294,44,71,15,27,166,reliable
Pv,Pv02,10,205b,205,298,323,43,72,25,29,194,reliable
Pv,Pv02,11,592,592,325,337,44,72,12,28,121,reliable
Pv,Pv02,12,301,301,344,371,46,72,27,26,225,reliable
Pv,Pv02,13,009:066a,009,375,381,46,72,6,26,93,reliable
Pv,Pv02,14,208,208,382,388,46,72,6,26,90,reliable
Pv,Pv02,15,020b,020,392,400,45,72,8,27,101,reliable
Pv,Pv02,16,020by,020,403,413,44,72,10,28,110,reliable
Pv,Pv02,17,004,004,418,426,45,72,8,27,103,reliable
Pv,Pv02,18,021e,021,429,451,44,72,22,28,231,reliable
Pv,Pv02,19,020bf,020,454,464,45,71,10,26,105,reliable
Pv,Pv02,20,280,280,470,487,44,72,17,28,162,reliable
Pv,Pv02,21,021d,021,489,512,43,71,23,28,215,reliable
Pv,Pv02,22,027,027,515,542,44,72,27,28,218,reliable
Pv,Pv02,23,600,600,548,570,45,71,22,26,223,reliable
Pv,Pv02,24,209aj,209,572,581,45,71,9,26,92,reliable
Pv,Pv02,25,600,600,586,606,43,71,20,28,180,reliable
Pv,Pv02,26,048,048,609,624,44,70,15,26,140,reliable
Pv,Pv02,27,021d.048,021,628,638,44,70,10,26,116,reliable
Pv,Pv02,28,739,739,640,644,45,69,4,24,38,reliable
Pv,Pv02,29,020,020,643,647,45,69,4,24,47,reliable
Pv,Pv02,30,053ay,053,647,650,44,69,3,25,35,reliable
Pv,Pv02,31,360.041,360,654,683,43,71,29,28,244,reliable
Pv,Pv02,32,360.041,360,686,715,43,70,29,27,233,reliable
Pv,Pv02,33,430d,430,716,734,43,70,18,27,132,reliable
Pv,Pv02,34,047,047,735,748,43,71,13,28,104,reliable
Pv,Pv02,35,575,575,750,775,43,70,25,27,186,reliable
Pv,Pv03,0,575,575,3,25,82,109,22,27,195,reliable
Pv,Pv03,1,004,004,28,34,83,108,6,25,75,reliable
Pv,Pv03,2,578,578,36,56,82,108,20,26,184,reliable
Pv,Pv03,3,070a,070,61,76,82,108,15,26,184,reliable
Pv,Pv03,4,007,007,78,92,83,109,14,26,149,reliable
Pv,Pv03,5,021d,021,96,104,82,108,8,26,97,reliable
Pv,Pv03,6,095df,095,107,124,82,108,17,26,135,reliable
Pv,Pv03,7,381,381,127,146,82,108,19,26,170,reliable
Pv,Pv03,8,045,045,147,155,82,107,8,25,76,reliable
Pv,Pv03,9,522,522,157,173,82,108,16,26,155,reliable
Pv,Pv03,10,060a,060,177,185,83,108,8,25,75,reliable
Pv,Pv03,11,301,301,188,211,81,108,23,27,192,reliable
Pv,Pv03,12,060a,060,214,222,83,108,8,25,76,reliable
Pv,Pv03,13,040a.003a,040,225,234,82,107,9,25,83,reliable
Pv,Pv03,14,025b.300.009ch,025,236,240,85,103,4,18,24,reliable
Pv,Pv03,15,002,002,245,268,81,108,23,27,171,reliable
Pv,Pv03,16,474,474,268,292,81,108,24,27,226,reliable
Pv,Pv03,17,445y,445,297,305,80,106,8,26,90,reliable
Pv,Pv03,18,001,001,310,331,80,106,21,26,183,reliable
Pv,Pv03,19,030c,030,337,356,83,109,19,26,140,reliable
Pv,Pv03,20,030c,030,359,365,84,109,6,25,95,reliable
Pv,Pv03,21,002Vd,002,367,386,83,109,19,26,150,reliable
Pv,Pv03,22,431e,431,389,410,83,108,21,25,151,reliable
Pv,Pv03,23,030dx,030,414,443,81,108,29,27,294,reliable
Pv,Pv03,24,044y,044,444,464,82,107,20,25,128,reliable
Pv,Pv03,25,048.081a,048,467,473,82,106,6,24,77,reliable
Pv,Pv03,26,206cs,206,477,499,80,107,22,27,220,reliable
Pv,Pv03,27,430b,430,498,545,81,106,47,25,419,reliable
Pv,Pv03,28,600,600,548,567,80,107,19,27,183,reliable
Pv,Pv03,29,027,027,571,586,81,109,15,28,144,reliable
Pv,Pv03,30,700c,700,589,600,81,109,11,28,113,reliable
Pv,Pv03,31,011,011,604,610,80,109,6,29,95,reliable
Pv,Pv03,32,078y.308,078,614,650,80,109,36,29,344,reliable
Pv,Pv03,33,034d,034,652,670,80,108,18,28,169,reliable
Pv,Pv03,34,021d,021,678,687,81,108,9,27,105,reliable
Pv,Pv03,35,021d,021,689,699,81,108,10,27,106,reliable
Pv,Pv03,36,380.020by,380,703,727,80,109,24,29,256,reliable
Pv,Pv03,37,385y,385,731,754,80,109,23,29,209,reliable
Pv,Pv03,38,205y.001,205,758,792,80,109,34,29,322,reliable
Pv,Pv03,39,381,381,797,817,80,108,20,28,196,reliable
Pv,Pv04,0,065,065,5,15,117,143,10,26,83,reliable
Pv,Pv04,1,554b!,554,20,42,116,139,22,23,151,reliable
Pv,Pv04,2,311y!.048.210.600,311,47,126,116,143,79,27,572,reliable
Pv,Pv04,3,600,600,130,151,114,142,21,28,198,reliable
Pv,Pv04,4,027,027,153,168,116,142,15,26,151,reliable
Pv,Pv04,5,700c,700,171,179,115,142,8,27,99,reliable
Pv,Pv04,6,001,001,183,189,114,142,6,28,83,reliable
Pv,Pv04,7,078y.308,078,193,228,115,142,35,27,283,reliable
Pv,Pv04,8,034c,034,229,246,115,142,17,27,137,reliable
Pv,Pv04,9,607.006h.078,607,250,290,114,141,40,27,296,reliable
Pv,Pv04,10,057,057,294,303,120,144,9,24,66,reliable
Pv,Pv04,11,034d,034,307,324,117,144,17,27,134,reliable
Pv,Pv04,12,600a,600,329,349,116,142,20,26,179,reliable
Pv,Pv04,13,290,290,352,372,116,143,20,27,168,reliable
Pv,Pv04,14,600a,600,375,396,116,143,21,27,172,reliable
Pv,Pv04,15,045f,045,400,412,116,142,12,26,99,reliable
Pv,Pv04,16,256b,256,416,447,115,142,31,27,231,reliable
Pv,Pv04,17,006,006,450,460,115,140,10,25,78,reliable
Pv,Pv04,18,308,308,462,487,114,141,25,27,194,reliable
Pv,Pv04,19,034c,034,491,506,114,140,15,26,106,reliable
Pv,Pv04,20,216s,216,512,546,114,139,34,25,229,reliable
Pv,Pv04,21,099c,099,552,569,116,142,17,26,134,reliable
Pv,Pv04,22,446f,446,573,627,116,143,54,27,409,reliable
Pv,Pv04,23,606s,606,628,645,117,142,17,25,148,reliable
Pv,Pv04,24,034d,034,649,683,117,144,34,27,284,reliable
Pv,Pv04,25,202y.065,202,687,720,117,144,33,27,254,reliable
Pv,Pv04,26,222aj,222,723,731,117,143,8,26,69,reliable
Pv,Pv04,27,044,044,735,755,116,144,20,28,200,reliable
Pv,Pv04,28,069.055a,069,759,781,116,144,22,28,187,reliable
Pv,Pv04,29,382,382,785,807,117,144,22,27,172,reliable
Pv,Pv04,30,421a,421,808,828,117,143,20,26,155,reliable
Pv,Pv04,31,095:549,095,829,850,117,144,21,27,187,reliable
Pv,Pv04,32,088.062,088,853,891,117,144,38,27,283,reliable
Pv,Pv04,33,200.700h.061h,200,894,908,118,144,14,26,102,reliable
Pv,Pv04,34,739,739,913,920,117,144,7,27,64,reliable
Pv,Pv04,35,040,040,925,940,117,144,15,27,134,reliable
Pv,Pv04,36,140,140,943,977,116,144,34,28,285,reliable
Pv,Pv04,37,356,356,986,1008,115,141,22,26,166,reliable
Pv,Pv04,38,301,301,1010,1029,116,142,19,26,146,reliable
Pv,Pv04,39,004.064,004,1034,1052,115,142,18,27,117,reliable
Pv,Pv04,40,004.064,004,1056,1081,114,140,25,26,152,reliable
Pv,Pv04,41,209b,209,1085,1102,115,141,17,26,142,reliable
Pv,Pv04,42,081a,081,1107,1116,115,141,9,26,92,reliable
Pv,Pv04,43,050,050,1121,1176,117,144,55,27,444,reliable
Pv,Pv04,44,450.052.240.069h,450,1183,1190,117,143,7,26,83,reliable
Pv,Pv04,45,045af,045,1197,1236,116,144,39,28,292,reliable
Pv,Pv04,46,027.290,027,1239,1258,116,143,19,27,153,reliable
Pv,Pv04,47,081a,081,1262,1271,117,142,9,25,96,reliable
Pv,Pv04,48,050,050,1274,1285,116,143,11,27,84,reliable
Pv,Pv04,49,450,450,1289,1298,118,143,9,25,87,reliable
Pv,Pv04,50,060a,060,1302,1348,116,143,46,27,324,reliable
Pv,Pv04,51,200.736,200,1353,1422,116,144,69,28,366,reliable
Pv,Pv04,52,209d,209,1422,1429,132,144,7,12,18,reliable
Pv,Pv04,53,4)!,4),1429,1451,117,143,22,26,125,reliable
Pv,Pv05,0,067.010,067,2,16,156,182,14,26,93,unreliable
Pv,Pv05,1,067c.010,067,22,41,154,180,19,26,152,unreliable
Pv,Pv05,2,107y.008a,107,46,65,154,182,19,28,175,unreliable
Pv,Pv05,3,431,431,70,100,153,180,30,27,227,unreliable
Pv,Pv05,4,234,234,104,124,153,182,20,29,167,unreliable
Pv,Pv05,5,431,431,127,149,153,181,22,28,186,unreliable
Pv,Pv05,6,461c,461,153,170,153,181,17,28,140,unreliable
Pv,Pv05,7,280,280,174,198,153,180,24,27,160,unreliable
Pv,Pv05,8,431,431,200,219,153,181,19,28,178,unreliable
Pv,Pv05,9,480b,480,223,241,153,180,18,27,151,unreliable
Pv,Pv05,10,475,475,245,264,154,181,19,27,151,unreliable
Pv,Pv05,11,431,431,269,298,154,180,29,26,203,unreliable
Pv,Pv05,12,067c,067,300,320,153,181,20,28,191,unreliable
Pv,Pv05,13,431,431,327,337,153,180,10,27,98,unreliable
Pv,Pv05,14,205y.081a,205,341,362,154,182,21,28,181,unreliable
Pv,Pv05,15,420y.052,420,367,408,154,182,41,28,343,unreliable
Pv,Pv05,16,002.010,002,412,436,157,184,24,27,167,unreliable
Pv,Pv05,17,010y.450.010,010,438,439,158,163,1,5,5,unreliable
Pv,Pv05,18,144f,144,443,461,157,184,18,27,156,unreliable
Pv,Pv05,19,009c,009,467,499,156,184,32,28,257,unreliable
Pv,Pv05,20,461d,461,501,518,157,182,17,25,106,unreliable
Pv,Pv05,21,081a,081,523,535,155,181,12,26,85,unreliable
Pv,Pv05,22,710x.069,710,542,566,156,183,24,27,176,unreliable
Pv,Pv05,23,344c,344,568,586,156,182,18,26,161,unreliable
Pv,Pv05,24,049.062,049,589,639,156,182,50,26,351,unreliable
Pv,Pv05,25,044ax,044,643,665,154,182,22,28,195,unreliable
Pv,Pv05,26,451,451,670,678,155,182,8,27,78,unreliable
Pv,Pv05,27,206d.346b.730.095hj.246,206,682,697,153,182,15,29,124,unreliable
Pv,Pv05,28,200.206d,200,698,895,153,182,197,29,1698,unreliable
Pv,Pv05,29,522b,522,899,934,152,180,35,28,334,unreliable
Pv,Pv05,30,254,254,937,961,151,179,24,28,198,unreliable
Pv,Pv05,31,301,301,968,970,152,178,2,26,22,unreliable
Pv,Pv05,32,015a,015,971,973,153,178,2,25,32,unreliable
Pv,Pv05,33,301,301,974,976,153,178,2,25,31,unreliable
Pv,Pv05,34,200.001,200,980,1002,151,179,22,28,175,unreliable
Pv,Pv05,35,200.063.000!,200,1004,1030,152,180,26,28,216,unreliable
Pv,Pv05,36,215s,215,1032,1087,151,179,55,28,343,unreliable
Pv,Pv05,37,001.052,001,1092,1124,152,180,32,28,298,unreliable
Pv,Pv05,38,370y,370,1129,1144,151,179,15,28,182,unreliable
Pv,Pv05,39,020b.010,020,1148,1167,153,181,19,28,167,unreliable
Pv,Pv05,40,021e.010,021,1171,1185,153,181,14,28,177,unreliable
Pv,Pv05,41,144f,144,1190,1208,153,181,18,28,214,unreliable
Pv,Pv05,42,599e,599,1210,1249,152,181,39,29,311,unreliable
Pv,Pv05,43,044afx,044,1253,1261,152,178,8,26,92,unreliable
Pv,Pv05,44,702ax,702,1266,1277,153,179,11,26,111,unreliable
Pv,Pv05,45,081a,081,1281,1301,153,179,20,26,201,unreliable
Pv,Pv05,46,069.049f,069,1307,1333,152,180,26,28,214,unreliable
Pv,Pv05,47,137,137,1337,1349,152,179,12,27,88,unreliable
Pv,Pv05,48,300.451!,300,1354,1386,151,179,32,28,289,unreliable
Pv,Pv05,49,730!,730,1391,1407,151,178,16,27,140,unreliable
Pv,Pv06,0,600.209b,600,3,46,194,220,43,26,374,reliable
Pv,Pv06,1,600,600,51,71,195,219,20,24,186,reliable
Pv,Pv06,2,200.600.069h,200,74,127,193,219,53,26,390,reliable
Pv,Pv06,3,200j.560.001,200,129,176,193,220,47,27,361,reliable
Pv,Pv06,4,200.560a.070a,200,179,233,193,219,54,26,460,reliable
Pv,Pv06,5,200,200,237,287,193,219,50,26,481,reliable
Pv,Pv06,6,600.070a,600,292,321,193,219,29,26,212,reliable
Pv,Pv06,7,214a,214,327,362,193,219,35,26,243,reliable
Pv,Pv06,8,316,316,364,383,193,219,19,26,156,reliable
Pv,Pv06,9,008a,008,387,414,192,218,27,26,170,reliable
Pv,Pv06,10,421c,421,418,434,191,217,16,26,138,reliable
Pv,Pv06,11,021e.010,021,440,455,191,218,15,27,139,reliable
Pv,Pv06,12,021e.010,021,459,474,193,217,15,24,107,reliable
Pv,Pv06,13,144f,144,477,492,191,216,15,25,126,reliable
Pv,Pv06,14,599g,599,495,505,191,216,10,25,74,reliable
Pv,Pv06,15,117afx,117,512,520,193,217,8,24,81,reliable
Pv,Pv06,16,702x,702,525,540,192,217,15,25,120,reliable
Pv,Pv06,17,081,081,544,566,193,220,22,27,187,reliable
Pv,Pv06,18,589!,589,571,586,195,220,15,25,107,reliable
Pv,Pv06,19,137a,137,590,605,193,220,15,27,107,reliable
Pv,Pv06,20,069d,069,608,627,193,220,19,27,122,reliable
Pv,Pv06,21,451b,451,628,659,193,219,31,26,210,reliable
Pv,Pv06,22,206b,206,662,677,193,219,15,26,145,reliable
Pv,Pv06,23,730b,730,680,709,192,219,29,27,199,reliable
Pv,Pv06,24,209e,209,709,748,192,219,39,27,274,reliable
Pv,Pv06,25,200.451c,200,753,767,194,219,14,25,97,reliable
Pv,Pv06,26,056a,056,770,786,193,220,16,27,120,reliable
Pv,Pv06,27,034c,034,790,800,192,219,10,27,91,reliable
Pv,Pv06,28,700c,700,804,830,192,219,26,27,205,reliable
Pv,Pv06,29,204sy,204,834,849,193,219,15,26,139,reliable
Pv,Pv06,30,755ay,755,855,876,193,220,21,27,167,reliable
Pv,Pv06,31,381,381,880,894,192,219,14,27,145,reliable
Pv,Pv06,32,755a,755,901,924,192,220,23,28,194,reliable
Pv,Pv06,33,381ay,381,926,939,193,219,13,26,98,reliable
Pv,Pv06,34,006y,006,943,959,191,219,16,28,150,reliable
Pv,Pv06,35,755a,755,963,982,193,218,19,25,169,reliable
Pv,Pv06,36,132.074f,132,984,1012,193,220,28,27,207,reliable
Pv,Pv06,37,205y,205,1016,1051,192,219,35,27,246,reliable
Pv,Pv06,38,316s,316,1055,1066,192,217,11,25,73,reliable
Pv,Pv06,39,008a,008,1067,1075,192,217,8,25,40,reliable
Pv,Pv06,40,021e.010,021,1082,1098,192,220,16,28,179,reliable
Pv,Pv06,41,021e.010,021,1103,1119,193,220,16,27,194,reliable
Pv,Pv06,42,144f,144,1124,1141,193,220,17,27,152,reliable
Pv,Pv06,43,026x,026,1145,1164,192,220,19,28,175,reliable
Pv,Pv06,44,006,006,1165,1176,192,219,11,27,97,reliable
Pv,Pv06,45,700cx,700,1179,1190,191,218,11,27,117,reliable
Pv,Pv06,46,081a,081,1192,1212,191,219,20,28,195,reliable
Pv,Pv06,47,461a,461,1214,1239,191,219,25,28,182,reliable
Pv,Pv06,48,589a,589,1240,1266,192,219,26,27,220,reliable
Pv,Pv06,49,049f,049,1268,1282,191,218,14,27,107,reliable
Pv,Pv06,50,137,137,1286,1299,195,219,13,24,86,reliable
Pv,Pv06,51,069b,069,1304,1313,191,218,9,27,97,reliable
Pv,Pv06,52,440y,440,1318,1328,191,218,10,27,85,reliable
Pv,Pv06,53,200.736,200,1329,1379,191,219,50,28,394,reliable
Pv,Pv06,54,206,206,1380,1410,191,218,30,27,212,reliable
Pv,Pv06,55,385,385,1413,1433,191,218,20,27,186,reliable
Pv,Pv06,56,600.755,600,1436,1478,192,220,42,28,345,reliable
Pv,Pv06,57,001,001,1483,1489,192,219,6,27,71,reliable
Pv,Pv06,58,608o,608,1493,1534,191,218,41,27,272,reliable
Pv,Pv06,59,600,600,1538,1557,191,219,19,28,171,reliable
Pv,Pv07,0,730.001,730,5,30,229,257,25,28,194,reliable
Pv,Pv07,1,090,090,33,48,229,256,15,27,100,reliable
Pv,Pv07,2,230.081a,230,49,87,229,258,38,29,315,reliable
Pv,Pv07,3,021e.010,021,92,110,229,257,18,28,161,reliable
Pv,Pv07,4,021e.063,021,116,136,229,256,20,27,196,reliable
Pv,Pv07,5,044ax,044,138,147,229,256,9,27,67,reliable
Pv,Pv07,6,739,739,149,163,229,257,14,28,125,reliable
Pv,Pv07,7,200.049f.010,200,165,208,229,257,43,28,333,reliable
Pv,Pv07,8,200.049f.400y,200,211,258,228,258,47,30,428,reliable
Pv,Pv07,9,200.021e.003a.003a,200,260,291,229,257,31,28,287,reliable
Pv,Pv07,10,200.710ax,200,294,298,234,251,4,17,21,reliable
Pv,Pv07,11,045,045,300,304,233,255,4,22,27,reliable
Pv,Pv07,12,004,004,306,339,228,256,33,28,340,reliable
Pv,Pv07,13,045,045,343,350,230,257,7,27,76,reliable
Pv,Pv07,14,004.052,004,352,359,229,257,7,28,91,reliable
Pv,Pv07,15,045,045,362,369,230,257,7,27,80,reliable
Pv,Pv07,16,004,004,372,389,230,257,17,27,212,reliable
Pv,Pv07,17,200.050d,200,391,399,229,257,8,28,97,reliable
Pv,Pv07,18,001,001,402,409,230,258,7,28,97,reliable
Pv,Pv07,19,200.050d,200,411,443,228,257,32,29,292,reliable
Pv,Pv07,20,001.200.050d,001,447,452,229,257,5,28,80,reliable
Pv,Pv07,21,022bfy,022,454,484,228,256,30,28,275,reliable
Pv,Pv07,22,200.050d,200,489,532,228,256,43,28,426,reliable
Pv,Pv07,23,022bfy.242a,022,535,543,228,255,8,27,100,reliable
Pv,Pv07,24,004,004,547,575,228,256,28,28,291,reliable
Pv,Pv07,25,045,045,580,616,229,257,36,28,357,reliable
Pv,Pv07,26,711Va,711,619,626,230,257,7,27,106,reliable
Pv,Pv07,27,043h:246ak.045.711Va,043,629,636,230,257,7,27,96,reliable
Pv,Pv07,28,381y,381,637,652,233,256,15,23,115,reliable
Pv,Pv07,29,205sy,205,654,709,229,257,55,28,478,reliable
Pv,Pv07,30,081a,081,717,735,229,256,18,27,150,reliable
Pv,Pv07,31,482a,482,738,763,229,257,25,28,257,reliable
Pv,Pv07,32,021e.010,021,766,782,229,256,16,27,162,reliable
Pv,Pv07,33,021e.010,021,786,810,230,256,24,26,235,reliable
Pv,Pv07,34,144f,144,815,832,229,255,17,26,185,reliable
Pv,Pv07,35,599g,599,837,853,229,257,16,28,194,reliable
Pv,Pv07,36,045f,045,856,872,230,256,16,26,146,reliable
Pv,Pv07,37,700x,700,875,892,228,256,17,28,161,reliable
Pv,Pv07,38,081a,081,896,904,229,255,8,26,82,reliable
Pv,Pv07,39,421a,421,909,919,229,257,10,28,101,reliable
Pv,Pv07,40,049f,049,921,937,229,256,16,27,185,reliable
Pv,Pv07,41,565.380y,565,939,959,228,256,20,28,179,reliable
Pv,Pv07,42,200.440,200,963,974,228,255,11,27,107,reliable
Pv,Pv07,43,280a,280,977,1006,226,254,29,28,295,reliable
Pv,Pv07,44,209g,209,1008,1042,226,253,34,27,314,reliable
Pv,Pv07,45,280a,280,1044,1065,226,252,21,26,202,reliable
Pv,Pv07,46,027af,027,1068,1091,226,253,23,27,203,reliable
Pv,Pv07,47,203s.021et,203,1093,1113,227,255,20,28,203,reliable
Pv,Pv07,48,009,009,1116,1133,229,255,17,26,154,reliable
Pv,Pv07,49,710x,710,1137,1174,229,258,37,29,372,reliable
Pv,Pv07,50,009c.074af,009,1180,1193,229,256,13,27,139,reliable
Pv,Pv07,51,206,206,1197,1207,229,258,10,29,105,reliable
Pv,Pv07,52,001f,001,1211,1231,228,258,20,30,253,reliable
Pv,Pv07,53,206,206,1235,1264,229,258,29,29,250,reliable
Pv,Pv07,54,001f,001,1266,1275,229,258,9,29,103,reliable
Pv,Pv07,55,077b,077,1278,1309,229,258,31,29,251,reliable
Pv,Pv07,56,464ay,464,1312,1321,228,258,9,30,114,reliable
Pv,Pv07,57,078,078,1325,1335,228,258,10,30,100,reliable
Pv,Pv07,58,078y,078,1340,1361,228,258,21,30,219,reliable
Pv,Pv07,59,386.078,386,1365,1373,229,257,8,28,107,reliable
Pv,Pv07,60,078y,078,1377,1385,229,258,8,29,95,reliable
Pv,Pv07,61,386V.078,386,1390,1419,229,258,29,29,300,reliable
Pv,Pv07,62,078,078,1421,1431,230,256,10,26,91,reliable
Pv,Pv07,63,010y.001,010,1434,1447,229,257,13,28,172,reliable
Pv,Pv07,64,700.061,700,1452,1469,229,256,17,27,192,reliable
Pv,Pv08,0,700b.010,700,4,19,265,293,15,28,151,reliable
Pv,Pv08,1,081a,081,22,40,266,293,18,27,194,reliable
Pv,Pv08,2,022.052,022,48,66,265,293,18,28,170,reliable
Pv,Pv08,3,002a.010,002,70,86,266,293,16,27,185,reliable
Pv,Pv08,4,002a.010,002,90,106,266,293,16,27,179,reliable
Pv,Pv08,5,144f,144,110,128,267,292,18,25,151,reliable
Pv,Pv08,6,700x,700,131,140,266,291,9,25,86,reliable
Pv,Pv08,7,669a,669,147,168,265,293,21,28,211,reliable
Pv,Pv08,8,081a,081,172,189,266,293,17,27,183,reliable
Pv,Pv08,9,020y.052,020,196,214,266,293,18,27,181,reliable
Pv,Pv08,10,675b,675,216,241,265,293,25,28,235,reliable
Pv,Pv08,11,004.064a,004,244,262,265,293,18,28,165,reliable
Pv,Pv08,12,004.064a,004,263,282,266,294,19,28,175,reliable
Pv,Pv08,13,010.006,010,287,305,265,294,18,29,182,reliable
Pv,Pv08,14,431g,431,308,330,265,293,22,28,195,reliable
Pv,Pv08,15,053ay,053,334,343,266,293,9,27,110,reliable
Pv,Pv08,16,381b,381,346,364,265,293,18,28,187,reliable
Pv,Pv08,17,053a,053,366,392,265,294,26,29,279,reliable
Pv,Pv08,18,381c,381,395,402,266,292,7,26,80,reliable
Pv,Pv08,19,053y,053,402,406,266,292,4,26,45,reliable
Pv,Pv08,20,016,016,408,415,265,292,7,27,74,reliable
Pv,Pv08,21,260.060a,260,418,449,265,293,31,28,267,reliable
Pv,Pv08,22,450,450,453,464,265,292,11,27,99,reliable
Pv,Pv08,23,209V,209,471,495,265,293,24,28,198,reliable
Pv,Pv08,24,030cx,030,495,512,267,292,17,25,119,reliable
Pv,Pv08,25,290,290,515,535,265,292,20,27,170,reliable
Pv,Pv08,26,256b,256,541,574,266,293,33,27,326,reliable
Pv,Pv08,27,046,046,576,587,268,294,11,26,119,reliable
Pv,Pv08,28,710b,710,591,600,267,294,9,27,112,reliable
Pv,Pv08,29,005j,005,605,616,268,293,11,25,115,reliable
Pv,Pv08,30,004.064a,004,620,637,267,293,17,26,170,reliable
Pv,Pv08,31,737a.052x,737,637,672,267,294,35,27,339,reliable
Pv,Pv08,32,464b,464,676,696,267,294,20,27,172,reliable
Pv,Pv08,33,381,381,699,716,267,294,17,27,166,reliable
Pv,Pv08,34,252ak,252,721,750,267,294,29,27,260,reliable
Pv,Pv08,35,002a,002,755,763,268,294,8,26,101,reliable
Pv,Pv08,36,599g,599,767,780,268,294,13,26,118,reliable
Pv,Pv08,37,077cy,077,784,791,268,295,7,27,67,reliable
Pv,Pv08,38,570,570,797,812,267,294,15,27,128,reliable
Pv,Pv08,39,055,055,819,830,268,294,11,26,114,reliable
Pv,Pv08,40,045,045,833,840,267,293,7,26,82,reliable
Pv,Pv08,41,280e,280,843,866,267,294,23,27,221,reliable
Pv,Pv08,42,606a.711,606,869,909,267,294,40,27,315,reliable
Pv,Pv08,43,280,280,913,934,267,294,21,27,186,reliable
Pv,Pv08,44,606a.711,606,937,975,267,293,38,26,302,reliable
Pv,Pv08,45,280,280,977,995,266,293,18,27,175,reliable
Pv,Pv08,46,405.009j,405,999,1036,266,293,37,27,275,reliable
Pv,Pv08,47,669,669,1037,1061,267,293,24,26,201,reliable
Pv,Pv08,48,048,048,1064,1072,268,293,8,25,67,reliable
Pv,Pv08,49,669y,669,1078,1097,265,295,19,30,179,reliable
Pv,Pv08,50,099b,099,1099,1116,265,295,17,30,176,reliable
Pv,Pv08,51,048a,048,1119,1128,266,295,9,29,87,reliable
Pv,Pv08,52,045b.277,045,1131,1169,265,295,38,30,312,reliable
Pv,Pv08,53,045b,045,1172,1181,265,295,9,30,86,reliable
Pv,Pv08,54,050,050,1185,1195,267,294,10,27,107,reliable
Pv,Pv08,55,504!.003a,504,1198,1232,265,294,34,29,254,reliable
Pv,Pv08,56,144f,144,1234,1253,268,294,19,26,153,reliable
Pv,Pv08,57,020.003a,020,1256,1273,266,295,17,29,162,reliable
Pv,Pv08,58,200,200,1278,1300,266,295,22,29,204,reliable
Pv,Pv08,59,006x.003a,006,1305,1323,265,295,18,30,172,reliable
Pv,Pv08,60,180f,180,1326,1364,265,295,38,30,320,reliable
Pv,Pv08,61,464c,464,1369,1393,265,295,24,30,210,reliable
Pv,Pv08,62,006.003a,006,1398,1418,265,293,20,28,168,reliable
Pv,Pv08,63,360.050,360,1422,1453,266,293,31,27,240,reliable
Pv,Pv08,64,360.244.711,360,1457,1514,265,294,57,29,477,reliable
Pv,Pv09,0,226,226,2,31,302,329,29,27,252,reliable
Pv,Pv09,1,095df,095,36,55,301,326,19,25,109,reliable
Pv,Pv09,2,001,001,58,64,301,329,6,28,84,reliable
Pv,Pv09,3,290k,290,69,89,301,329,20,28,160,reliable
Pv,Pv09,4,256ai,256,94,130,301,328,36,27,319,reliable
Pv,Pv09,5,450b.450b.600,450,135,146,301,328,11,27,96,reliable
Pv,Pv09,6,669,669,148,183,301,328,35,27,298,reliable
Pv,Pv09,7,074y,074,189,209,302,328,20,26,169,reliable
Pv,Pv09,8,209,209,211,219,301,329,8,28,70,reliable
Pv,Pv09,9,534.280a,534,225,254,301,330,29,29,261,reliable
Pv,Pv09,10,003a.254j,003,257,297,301,329,40,28,390,reliable
Pv,Pv09,11,010.001.254k,010,300,351,303,331,51,28,357,reliable
Pv,Pv09,12,048,048,353,405,303,331,52,28,488,reliable
Pv,Pv09,13,370,370,408,418,302,330,10,28,98,reliable
Pv,Pv09,14,093h,093,421,459,302,329,38,27,310,reliable
Pv,Pv09,15,002a,002,464,474,302,329,10,27,123,reliable
Pv,Pv09,16,001.246,001,478,519,301,330,41,29,393,reliable
Pv,Pv09,17,004.381by,004,522,548,301,330,26,29,283,reliable
Pv,Pv09,18,074y,074,553,562,303,330,9,27,74,reliable
Pv,Pv09,19,431g,431,565,589,302,331,24,29,197,reliable
Pv,Pv09,20,280j,280,592,612,302,330,20,28,184,reliable
Pv,Pv09,21,079,079,616,627,303,329,11,26,107,reliable
Pv,Pv09,22,001.600a,001,632,661,301,329,29,28,307,reliable
Pv,Pv09,23,002a.010.245,002,664,709,301,330,45,29,531,reliable
Pv,Pv09,24,079,079,712,724,301,330,12,29,136,reliable
Pv,Pv09,25,001.600a,001,728,755,301,329,27,28,303,reliable
Pv,Pv09,26,133,133,757,775,305,329,18,24,129,reliable
Pv,Pv09,27,002a.010.244.013hy,002,779,829,301,329,50,28,526,reliable
Pv,Pv09,28,004,004,833,840,301,329,7,28,101,reliable
Pv,Pv09,29,004,004,845,852,301,328,7,27,105,reliable
Pv,Pv09,30,079,079,857,868,301,329,11,28,120,reliable
Pv,Pv09,31,001.600a,001,872,901,301,331,29,30,289,reliable
Pv,Pv09,32,381ay.002a.010,381,905,947,302,331,42,29,400,reliable
Pv,Pv09,33,106,106,950,960,304,328,10,24,81,reliable
Pv,Pv09,34,450,450,963,975,304,330,12,26,87,reliable
Pv,Pv09,35,280,280,978,1000,303,331,22,28,202,reliable
Pv,Pv09,36,450,450,1003,1016,303,330,13,27,107,reliable
Pv,Pv09,37,010.002a,010,1020,1037,302,330,17,28,187,reliable
Pv,Pv09,38,326a,326,1040,1072,303,331,32,28,242,reliable
Pv,Pv09,39,067,067,1075,1085,303,329,10,26,94,reliable
Pv,Pv09,40,710bf,710,1090,1099,303,330,9,27,98,reliable
Pv,Pv09,41,710bf,710,1105,1113,302,330,8,28,94,reliable
Pv,Pv09,42,084,084,1117,1133,303,331,16,28,138,reliable
Pv,Pv09,43,001,001,1136,1142,302,330,6,28,69,reliable
Pv,Pv09,44,084,084,1144,1164,303,331,20,28,171,reliable
Pv,Pv09,45,326a,326,1166,1196,303,331,30,28,243,reliable
Pv,Pv09,46,734a.074,734,1197,1231,304,331,34,27,264,reliable
Pv,Pv09,47,254c,254,1234,1268,303,331,34,28,278,reliable
Pv,Pv09,48,604s,604,1268,1300,303,331,32,28,269,reliable
Pv,Pv09,49,290,290,1302,1326,304,331,24,27,189,reliable
Pv,Pv09,50,048.064a,048,1331,1348,305,331,17,26,136,reliable
Pv,Pv10,0,599g,599,3,20,341,368,17,27,159,reliable
Pv,Pv10,1,027,027,23,37,342,368,14,26,132,reliable
Pv,Pv10,2,006,006,40,50,341,367,10,26,103,reliable
Pv,Pv10,3,084,084,55,72,341,368,17,27,152,reliable
Pv,Pv10,4,027.006,027,74,154,340,368,80,28,740,reliable
Pv,Pv10,5,330.330.020y,330,157,187,340,368,30,28,267,reliable
Pv,Pv10,6,332.450,332,189,210,340,369,21,29,201,reliable
Pv,Pv10,7,233,233,215,235,340,368,20,28,182,reliable
Pv,Pv10,8,381y,381,239,260,340,367,21,27,220,reliable
Pv,Pv10,9,030g,030,264,291,340,368,27,28,215,reliable
Pv,Pv10,10,473,473,294,319,339,365,25,26,224,reliable
Pv,Pv10,11,010.065.061y,010,322,342,340,367,20,27,218,reliable
Pv,Pv10,12,006.050,006,346,363,338,366,17,28,207,reliable
Pv,Pv10,13,006.001,006,369,387,338,365,18,27,166,reliable
Pv,Pv10,14,387,387,389,406,338,365,17,27,160,reliable
Pv,Pv10,15,062y.001,062,409,426,339,364,17,25,178,reliable
Pv,Pv10,16,034d,034,432,454,338,365,22,27,192,reliable
Pv,Pv10,17,335,335,454,514,338,365,60,27,522,reliable
Pv,Pv10,18,397s!.341,397,517,549,338,363,32,25,278,reliable
Pv,Pv10,19,200.093j,200,554,607,339,368,53,29,479,reliable
Pv,Pv10,20,401a.394asy,401,609,644,339,368,35,29,305,reliable
Pv,Pv10,21,200.093j,200,646,684,339,367,38,28,300,reliable
Pv,Pv10,22,608,608,687,727,341,369,40,28,416,reliable
Pv,Pv10,23,022.200.060a,022,732,758,340,369,26,29,254,reliable
Pv,Pv10,24,235sy,235,761,772,342,368,11,26,74,reliable
Pv,Pv10,25,120,120,778,786,341,368,8,27,84,reliable
Pv,Pv10,26,120y,120,790,802,342,368,12,26,142,reliable
Pv,Pv10,27,005j,005,805,821,341,369,16,28,207,reliable
Pv,Pv10,28,011.010,011,825,841,341,369,16,28,208,reliable
Pv,Pv10,29,070a,070,844,866,340,369,22,29,200,reliable
Pv,Pv10,30,670b,670,870,886,340,368,16,28,190,reliable
Pv,Pv10,31,011.010,011,892,909,340,368,17,28,147,reliable
Pv,Pv10,32,730,730,912,919,340,368,7,28,84,reliable
Pv,Pv10,33,001,001,920,938,339,367,18,28,150,reliable
Pv,Pv10,34,730y,730,942,949,339,368,7,29,96,reliable
Pv,Pv10,35,001,001,953,963,339,367,10,28,117,reliable
Pv,Pv10,36,040c,040,969,977,339,366,8,27,92,reliable
Pv,Pv10,37,098,098,981,997,339,367,16,28,188,reliable
Pv,Pv10,38,011.010,011,1001,1009,340,366,8,26,95,reliable
Pv,Pv10,39,022bfy,022,1015,1023,339,366,8,27,82,reliable
Pv,Pv10,40,022bfy,022,1027,1041,339,368,14,29,199,reliable
Pv,Pv10,41,011.010,011,1044,1080,338,369,36,31,337,reliable
Pv,Pv10,42,356c.076,356,1083,1094,339,368,11,29,91,reliable
Pv,Pv10,43,017,017,1100,1110,339,368,10,29,103,reliable
Pv,Pv10,44,019a,019,1113,1129,339,369,16,30,180,reliable
Pv,Pv10,45,001.010,001,1134,1161,338,368,27,30,236,reliable
Pv,Pv10,46,309,309,1164,1176,345,367,12,22,79,reliable
Pv,Pv10,47,054!,054,1177,1196,339,367,19,28,154,reliable
Pv,Pv10,48,380y!,380,1198,1203,345,367,5,22,38,reliable
Pv,Pv10,49,054!,054,1203,1211,349,366,8,17,44,reliable
Pv,Pv10,50,401y!,401,1214,1240,338,367,26,29,197,reliable
Pv,Pv10,51,011.010,011,1243,1258,338,367,15,29,194,reliable
Pv,Pv10,52,048,048,1262,1271,338,365,9,27,93,reliable
Pv,Pv10,53,017,017,1276,1285,338,367,9,29,101,reliable
Pv,Pv10,54,011.010,011,1291,1307,338,368,16,30,221,reliable
Pv,Pv10,55,230iy!,230,1310,1331,338,367,21,29,196,reliable
Pv,Pv11,0,324!.711!,324,3,28,378,403,25,25,138,unreliable
Pv,Pv11,1,034d!,034,31,38,379,403,7,24,38,unreliable
Pv,Pv11,2,046!,046,43,61,377,403,18,26,169,unreliable
Pv,Pv11,3,007!,007,67,77,376,391,10,15,74,unreliable
Pv,Pv11,4,001!,001,81,96,377,404,15,27,110,unreliable
Pv,Pv11,5,600!,600,101,108,377,403,7,26,45,unreliable
Pv,Pv11,6,205jy!.571!,205,112,133,377,403,21,26,136,unreliable
Pv,Pv11,7,056a!,056,137,171,375,404,34,29,277,unreliable
Pv,Pv11,8,205!.571!,205,178,192,378,404,14,26,112,unreliable
Pv,Pv11,9,056a!,056,199,212,377,404,13,27,81,unreliable
Pv,Pv11,10,730!.069h!,730,213,235,377,404,22,27,142,unreliable
Pv,Pv11,11,084!,084,241,253,377,402,12,25,83,unreliable
Pv,Pv11,12,200!.204!,200,260,284,375,403,24,28,156,unreliable
Pv,Pv11,13,011,011,289,304,379,402,15,23,121,unreliable
Pv,Pv11,14,065,065,310,359,377,404,49,27,372,unreliable
Pv,Pv11,15,069.010,069,364,371,378,404,7,26,115,unreliable
Pv,Pv11,16,002a.069,002,374,384,378,401,10,23,87,unreliable
Pv,Pv11,17,081!,081,390,407,377,404,17,27,200,unreliable
Pv,Pv11,18,022bfy!,022,412,433,376,403,21,27,243,unreliable
Pv,Pv11,19,022bfy!,022,436,453,378,404,17,26,93,unreliable
Pv,Pv11,20,022bfy!,022,458,466,377,403,8,26,57,unreliable
Pv,Pv11,21,600!,600,468,476,377,404,8,27,54,unreliable
Pv,Pv11,22,072!,072,480,488,376,400,8,24,63,unreliable
Pv,Pv11,23,002a!,002,492,516,376,403,24,27,176,unreliable
Pv,Pv11,24,002a!,002,519,535,376,403,16,27,122,unreliable
Pv,Pv11,25,205k!,205,541,550,376,403,9,27,119,unreliable
Pv,Pv11,26,200k!,200,554,564,375,403,10,28,129,unreliable
Pv,Pv11,27,116!,116,568,594,377,404,26,27,214,unreliable
Pv,Pv11,28,600a!,600,598,619,377,404,21,27,157,unreliable
Pv,Pv11,29,116!,116,621,638,377,401,17,24,120,unreliable
Pv,Pv11,30,600a!,600,643,663,376,404,20,28,201,unreliable
Pv,Pv11,31,200!.044!,200,667,683,376,400,16,24,130,unreliable
Pv,Pv11,32,067,067,686,707,376,403,21,27,210,unreliable
Pv,Pv11,33,460!,460,710,743,376,404,33,28,308,unreliable
Pv,Pv11,34,4)!,4),748,759,377,404,11,27,111,unreliable
Pv,Pv11,35,431!,431,764,849,375,404,85,29,579,unreliable
Pv,Pv11,36,116!,116,853,869,375,401,16,26,113,unreliable
Pv,Pv11,37,430!,430,870,901,375,401,31,26,193,unreliable
Pv,Pv11,38,025af!,025,901,915,375,401,14,26,73,unreliable
Pv,Pv11,39,2)!,2),916,923,375,400,7,25,45,unreliable
Pv,Pv11,40,022!,022,927,935,375,402,8,27,106,unreliable
Pv,Pv11,41,022a!,022,938,946,375,401,8,26,67,unreliable
Pv,Pv11,42,050,050,946,947,375,381,1,6,6,unreliable
Pv,Pv11,43,007!,007,951,965,375,401,14,26,127,unreliable
Pv,Pv11,44,144f,144,969,986,378,404,17,26,141,unreliable
Pv,Pv11,45,733a!,733,989,1021,376,404,32,28,241,unreliable
Pv,Pv11,46,384.074f,384,1026,1058,376,403,32,27,286,unreliable
Pv,Pv11,47,224,224,1062,1092,376,404,30,28,266,unreliable
Pv,Pv11,48,022h,022,1100,1121,375,403,21,28,192,unreliable
Pv,Pv11,49,600,600,1123,1136,375,402,13,27,99,unreliable
Pv,Pv11,50,078,078,1140,1158,376,403,18,27,180,unreliable
Pv,Pv11,51,381y,381,1161,1191,375,403,30,28,259,unreliable
Pv,Pv11,52,384.078,384,1193,1228,375,403,35,28,277,unreliable
Pv,Pv11,53,376c,376,1232,1250,376,403,18,27,174,unreliable
Pv,Pv11,54,381y,381,1253,1268,375,402,15,27,145,unreliable
Pv,Pv11,55,007!,007,1272,1296,377,395,24,18,101,unreliable
Qr,Qr01,0,304.003a,304,2,53,5,32,51,27,335,unreliable
Qr,Qr01,1,306!.003a!,306,59,178,5,32,119,27,713,unreliable
Qr,Qr01,2,084!.004!,084,182,216,5,33,34,28,307,unreliable
Qr,Qr01,3,280!,280,223,249,5,33,26,28,216,unreliable
Qr,Qr01,4,200.048,200,254,287,5,28,33,23,207,unreliable
Qr,Qr01,5,254j,254,291,332,8,28,41,20,223,unreliable
Qr,Qr01,6,755a.003a,755,337,343,9,16,6,7,17,unreliable
Qr,Qr01,7,734a!.003a,734,348,361,9,17,13,8,32,unreliable
Qr,Qr01,8,306!.003a,306,370,375,10,15,5,5,12,unreliable
Qr,Qr01,9,6)!,6),381,386,9,12,5,3,9,unreliable
Qr,Qr02,0,065!,065,6,14,51,68,8,17,62,reliable
Qr,Qr02,1,001!,001,16,22,50,69,6,19,65,reliable
Qr,Qr02,2,631a!,631,25,89,42,69,64,27,602,reliable
Qr,Qr02,3,720?.244,720,90,113,43,69,23,26,185,reliable
Qr,Qr02,4,381!,381,116,128,43,68,12,25,107,reliable
Qr,Qr02,5,002!,002,130,155,43,69,25,26,151,reliable
Qr,Qr02,6,631!,631,156,180,43,70,24,27,157,reliable
Qr,Qr02,7,099b!,099,182,212,43,69,30,26,210,reliable
Qr,Qr02,8,721!,721,216,232,43,70,16,27,183,reliable
Qr,Qr02,9,022,022,233,258,44,71,25,27,220,reliable
Qr,Qr02,10,001.062,001,261,288,44,71,27,27,268,reliable
Qr,Qr02,11,209b,209,293,315,43,71,22,28,184,reliable
Qr,Qr02,12,592.078x,592,318,346,43,71,28,28,244,reliable
Qr,Qr02,13,065.074f,065,351,360,44,69,9,25,97,reliable
Qr,Qr02,14,300.077,300,365,393,43,71,28,28,263,reliable
Qr,Qr02,15,073af,073,397,406,43,70,9,27,95,reliable
Qr,Qr02,16,300.077,300,407,428,44,70,21,26,203,reliable
Qr,Qr02,17,001a,001,430,455,43,71,25,28,235,reliable
Qr,Qr02,18,305,305,456,481,44,71,25,27,189,reliable
Qr,Qr02,19,300.052h,300,483,492,43,69,9,26,82,reliable
Qr,Qr02,20,670?,670,494,515,43,70,21,27,134,reliable
Qr,Qr02,21,065,065,517,541,44,70,24,26,168,reliable
Qr,Qr02,22,200!,200,542,552,44,71,10,27,75,reliable
Qr,Qr02,23,400!,400,554,578,44,70,24,26,212,reliable
Qr,Qr02,24,700!,700,583,592,41,69,9,28,116,reliable
Qr,Qr02,25,671!,671,595,618,41,67,23,26,191,reliable
Qr,Qr02,26,020?,020,622,679,41,69,57,28,529,reliable
Qr,Qr02,27,084.003a,084,685,709,41,69,24,28,242,reliable
Qr,Qr02,28,200.001.360.001,200,713,728,42,69,15,27,155,reliable
Qr,Qr02,29,062y.001.003a,062,733,741,43,70,8,27,81,reliable
Qr,Qr02,30,070,070,745,784,41,70,39,29,345,reliable
Qr,Qr02,31,060a,060,786,816,42,71,30,29,293,reliable
Qr,Qr02,32,220.005,220,817,824,51,62,7,11,27,reliable
Qr,Qr02,33,254!.711!,254,828,838,43,70,10,27,99,reliable
Qr,Qr02,34,069b,069,843,869,43,71,26,28,203,reliable
Qr,Qr02,35,200.000?,200,870,874,50,60,4,10,13,reliable
Qr,Qr02,36,670,670,877,903,44,71,26,27,178,reliable
Qr,Qr02,37,077x!,077,907,913,52,71,6,19,48,reliable
Qr,Qr02,38,673,673,915,939,44,71,24,27,199,reliable
Qr,Qr02,39,782,782,941,967,50,71,26,21,167,reliable
Qr,Qr02,40,140,140,970,983,43,71,13,28,142,reliable
Qr,Qr02,41,004.004,004,988,1006,43,71,18,28,174,reliable
Qr,Qr03,0,558b,558,4,26,78,104,22,26,206,reliable
Qr,Qr03,1,065.003a,065,27,45,78,105,18,27,176,reliable
Qr,Qr03,2,200.004,200,49,79,78,105,30,27,301,reliable
Qr,Qr03,3,077bf,077,84,91,78,104,7,26,96,reliable
Qr,Qr03,4,407,407,93,125,78,106,32,28,239,reliable
Qr,Qr03,5,062.006,062,127,149,78,106,22,28,185,reliable
Qr,Qr03,6,001,001,151,157,78,106,6,28,83,reliable
Qr,Qr03,7,062.006,062,161,182,78,106,21,28,194,reliable
Qr,Qr03,8,001,001,186,192,78,106,6,28,91,reliable
Qr,Qr03,9,062.006,062,197,217,78,107,20,29,189,reliable
Qr,Qr03,10,001,001,220,227,79,107,7,28,93,reliable
Qr,Qr03,11,020Vay.064,020,230,253,79,106,23,27,212,reliable
Qr,Qr03,12,202.003a,202,254,291,79,107,37,28,296,reliable
Qr,Qr03,13,004,004,295,303,80,107,8,27,75,reliable
Qr,Qr03,14,600a,600,307,327,80,108,20,28,197,reliable
Qr,Qr03,15,004,004,332,340,80,107,8,27,87,reliable
Qr,Qr03,16,006:042.003a,006,342,365,81,108,23,27,178,reliable
Qr,Qr03,17,050.003a,050,370,390,81,108,20,27,159,reliable
Qr,Qr03,18,093.003a,093,394,419,80,107,25,27,188,reliable
Qr,Qr03,19,027.003a,027,424,448,81,107,24,26,178,reliable
Qr,Qr03,20,086a.003a,086,452,476,80,106,24,26,165,reliable
Qr,Qr03,21,060a.003a,060,482,498,80,107,16,27,131,reliable
Qr,Qr03,22,093.003a,093,503,531,80,106,28,26,198,reliable
Qr,Qr03,23,254e.003a,254,534,575,79,107,41,28,377,reliable
Qr,Qr03,24,093.003a,093,580,606,81,108,26,27,224,reliable
Qr,Qr03,25,205jy!,205,611,634,82,108,23,26,186,reliable
Qr,Qr03,26,072,072,637,654,82,106,17,24,161,reliable
Qr,Qr03,27,450.052,450,657,680,82,107,23,25,184,reliable
Qr,Qr03,28,551es.003a,551,682,710,82,108,28,26,255,reliable
Qr,Qr03,29,600.003a,600,715,745,82,109,30,27,239,reliable
Qr,Qr03,30,630c,630,750,768,83,109,18,26,155,reliable
Qr,Qr03,31,381,381,773,792,83,109,19,26,184,reliable
Qr,Qr03,32,072,072,797,811,84,108,14,24,149,reliable
Qr,Qr03,33,450.052,450,814,838,83,109,24,26,189,reliable
Qr,Qr03,34,551a.003a,551,840,869,83,109,29,26,264,reliable
Qr,Qr03,35,600.003a,600,875,904,82,109,29,27,246,reliable
Qr,Qr03,36,385.003a,385,910,935,83,109,25,26,225,reliable
Qr,Qr03,37,670.003a,670,939,968,83,108,29,25,225,reliable
Qr,Qr03,38,099b,099,970,989,82,109,19,27,179,reliable
Qr,Qr03,39,007,007,992,1005,83,109,13,26,145,reliable
Qr,Qr03,40,605,605,1011,1039,82,109,28,27,227,reliable
Qr,Qr03,41,10),10),1043,1072,83,109,29,26,161,reliable
Qr,Qr04,0,6)!,6),4,79,117,146,75,29,551,reliable
Qr,Qr04,1,042hx;008a,042,83,100,117,145,17,28,186,reliable
Qr,Qr04,2,600co,600,104,131,117,145,27,28,248,reliable
Qr,Qr04,3,121b,121,136,145,118,146,9,28,96,reliable
Qr,Qr04,4,600a,600,150,166,117,145,16,28,181,reliable
Qr,Qr04,5,600o,600,168,192,117,145,24,28,216,reliable
Qr,Qr04,6,600,600,194,212,117,145,18,28,172,reliable
Qr,Qr04,7,710t,710,216,223,132,146,7,14,50,reliable
Qr,Qr04,8,020Vb,020,228,240,117,145,12,28,143,reliable
Qr,Qr04,9,246,246,244,282,118,147,38,29,321,reliable
Qr,Qr04,10,050.711,050,288,306,119,147,18,28,187,reliable
Qr,Qr04,11,606,606,309,363,119,147,54,28,438,reliable
Qr,Qr04,12,001.006.711d,001,366,375,119,147,9,28,106,reliable
Qr,Qr04,13,050d,050,382,399,118,147,17,29,155,reliable
Qr,Qr04,14,755a,755,404,422,118,147,18,29,155,reliable
Qr,Qr04,15,001.063,001,424,450,118,147,26,29,221,reliable
Qr,Qr04,16,013.006,013,454,465,118,146,11,28,87,reliable
Qr,Qr04,17,710x,710,469,497,118,147,28,29,227,reliable
Qr,Qr04,18,730a,730,502,521,118,146,19,28,150,reliable
Qr,Qr04,19,710x,710,527,535,118,145,8,27,83,reliable
Qr,Qr04,20,027x,027,540,572,118,145,32,27,314,reliable
Qr,Qr04,21,700,700,575,595,118,144,20,26,138,reliable
Qr,Qr04,22,200.070,200,599,607,117,144,8,27,71,reliable
Qr,Qr04,23,057c,057,612,636,117,144,24,27,184,reliable
Qr,Qr04,24,040,040,640,663,118,144,23,26,183,reliable
Qr,Qr04,25,400,400,666,668,128,143,2,15,17,reliable
Qr,Qr04,26,200!.015a!,200,670,672,126,143,2,17,19,reliable
Qr,Qr04,27,065V.010,065,674,675,124,143,1,19,19,reliable
Qr,Qr04,28,048,048,681,702,120,145,21,25,143,reliable
Qr,Qr04,29,700.009,700,706,714,118,144,8,26,79,reliable
Qr,Qr04,30,260b.008,260,717,815,118,147,98,29,837,reliable
Qr,Qr04,31,306as.003a,306,817,827,119,145,10,26,100,reliable
Qr,Qr04,32,069d,069,831,854,119,145,23,26,199,reliable
Qr,Qr04,33,710.030c,710,859,867,118,145,8,27,79,reliable
Qr,Qr04,34,060a,060,871,887,118,144,16,26,145,reliable
Qr,Qr04,35,060a.055a,060,889,902,119,146,13,27,121,reliable
Qr,Qr04,36,588!,588,905,914,118,145,9,27,86,reliable
Qr,Qr04,37,060.001.069,060,915,930,118,145,15,27,158,reliable
Qr,Qr04,38,162,162,933,951,118,145,18,27,163,reliable
Qr,Qr04,39,200i.200i.200j.052x,200,953,1011,118,145,58,27,515,reliable
Qr,Qr04,40,200,200,1013,1051,117,144,38,27,321,reliable
Qr,Qr04,41,008!,008,1053,1077,117,144,24,27,218,reliable
Qr,Qr04,42,200.001!,200,1078,1081,118,143,3,25,29,reliable
Qr,Qr05,0,3)!,3),2,51,153,181,49,28,328,reliable
Qr,Qr05,1,048!,048,54,119,153,181,65,28,550,reliable
Qr,Qr05,2,001!.010x!,001,121,141,154,180,20,26,179,reliable
Qr,Qr05,3,004!.064a,004,144,166,153,180,22,27,152,reliable
Qr,Qr05,4,202,202,167,185,153,180,18,27,171,reliable
Qr,Qr05,5,280,280,189,215,153,181,26,28,233,reliable
Qr,Qr05,6,191b,191,218,251,154,181,33,27,310,reliable
Qr,Qr05,7,548,548,251,266,155,181,15,26,117,reliable
Qr,Qr05,8,021h,021,269,278,155,182,9,27,105,reliable
Qr,Qr05,9,631b,631,280,287,154,181,7,27,76,reliable
Qr,Qr05,10,208,208,290,350,155,183,60,28,526,reliable
Qr,Qr05,11,200.005,200,351,362,155,183,11,28,91,reliable
Qr,Qr05,12,021:005,021,364,373,156,183,9,27,84,reliable
Qr,Qr05,13,002a,002,374,420,155,183,46,28,403,reliable
Qr,Qr05,14,041,041,420,440,156,183,20,27,178,reliable
Qr,Qr05,15,220a.009,220,444,456,156,183,12,27,119,reliable
Qr,Qr05,16,220a.009,220,459,473,156,182,14,26,125,reliable
Qr,Qr05,17,440,440,476,492,155,182,16,27,160,reliable
Qr,Qr05,18,440,440,495,505,156,181,10,25,82,reliable
Qr,Qr05,19,440,440,505,510,169,182,5,13,33,reliable
Qr,Qr05,20,440b,440,512,531,155,181,19,26,128,reliable
Qr,Qr05,21,305,305,536,564,154,182,28,28,239,reliable
Qr,Qr05,22,305s,305,568,580,154,181,12,27,105,reliable
Qr,Qr05,23,004.003ax,004,582,589,155,178,7,23,46,reliable
Qr,Qr05,24,004.003ax,004,591,611,153,181,20,28,193,reliable
Qr,Qr05,25,117d,117,612,623,154,181,11,27,92,reliable
Qr,Qr05,26,065.022t,065,627,632,155,182,5,27,60,reliable
Qr,Qr05,27,065.003ax,065,635,646,154,181,11,27,96,reliable
Qr,Qr05,28,066y.095.711b,066,649,660,154,181,11,27,100,reliable
Qr,Qr05,29,066a.003ax!,066,664,683,154,181,19,27,174,reliable
Qr,Qr05,30,066a.048f,066,685,711,154,181,26,27,217,reliable
Qr,Qr05,31,066y,066,712,735,154,181,23,27,188,reliable
Qr,Qr05,32,001,001,739,757,155,183,18,28,161,reliable
Qr,Qr05,33,066y,066,762,764,155,182,2,27,28,reliable
Qr,Qr05,34,066y,066,765,767,155,182,2,27,35,reliable
Qr,Qr05,35,100,100,768,771,155,182,3,27,37,reliable
Qr,Qr05,36,066y.009s,066,776,783,155,182,7,27,85,reliable
Qr,Qr05,37,066y.006,066,789,810,155,183,21,28,184,reliable
Qr,Qr05,38,554b,554,813,824,156,183,11,27,118,reliable
Qr,Qr05,39,015a,015,828,830,156,181,2,25,27,reliable
Qr,Qr05,40,022cf,022,831,833,156,181,2,25,28,reliable
Qr,Qr05,41,551d,551,834,836,156,182,2,26,28,reliable
Qr,Qr05,42,110a,110,841,849,156,183,8,27,87,reliable
Qr,Qr05,43,015a,015,853,872,156,183,19,27,165,reliable
Qr,Qr05,44,022cf,022,872,887,155,183,15,28,130,reliable
Qr,Qr05,45,551d,551,893,902,157,183,9,26,111,reliable
Qr,Qr05,46,013,013,906,915,156,182,9,26,87,reliable
Qr,Qr05,47,015b,015,918,941,155,183,23,28,199,reliable
Qr,Qr05,48,022cf,022,945,965,155,183,20,28,184,reliable
Qr,Qr05,49,551d,551,969,971,156,182,2,26,44,reliable
Qr,Qr05,50,200,200,972,974,156,182,2,26,29,reliable
Qr,Qr05,51,015,015,975,977,156,181,2,25,41,reliable
Qr,Qr05,52,022cf,022,982,990,155,182,8,27,88,reliable
Qr,Qr05,53,008a,008,994,1013,155,182,19,27,170,reliable
Qr,Qr06,0,520!,520,4,23,191,218,19,27,187,reliable
Qr,Qr06,1,381!,381,27,44,191,218,17,27,180,reliable
Qr,Qr06,2,008,008,47,65,192,218,18,26,196,reliable
Qr,Qr06,3,001.008,001,68,93,191,220,25,29,267,reliable
Qr,Qr06,4,739c,739,96,113,191,218,17,27,137,reliable
Qr,Qr06,5,065x.306s,065,117,150,191,219,33,28,330,reliable
Qr,Qr06,6,431d,431,152,169,191,219,17,28,172,reliable
Qr,Qr06,7,200,200,171,189,192,219,18,27,179,reliable
Qr,Qr06,8,276,276,192,221,192,219,29,27,239,reliable
Qr,Qr06,9,011,011,224,230,192,220,6,28,115,reliable
Qr,Qr06,10,385,385,233,250,192,220,17,28,176,reliable
Qr,Qr06,11,090f,090,253,267,192,218,14,26,127,reliable
Qr,Qr06,12,385,385,271,289,193,221,18,28,182,reliable
Qr,Qr06,13,025,025,292,309,194,220,17,26,139,reliable
Qr,Qr06,14,385!,385,313,330,193,220,17,27,151,reliable
Qr,Qr06,15,300,300,332,352,193,220,20,27,156,reliable
Qr,Qr06,16,300a.027.003ax,300,356,397,194,220,41,26,312,reliable
Qr,Qr06,17,326.076t,326,399,427,193,220,28,27,237,reliable
Qr,Qr06,18,700,700,429,437,193,219,8,26,84,reliable
Qr,Qr06,19,381cy?,381,440,464,193,219,24,26,206,reliable
Qr,Qr06,20,270,270,465,488,192,220,23,28,186,reliable
Qr,Qr06,21,067.057c,067,491,503,193,219,12,26,97,reliable
Qr,Qr06,22,004.064a,004,507,528,192,219,21,27,134,reliable
Qr,Qr06,23,087,087,530,546,193,218,16,25,134,reliable
Qr,Qr06,24,430y,430,551,561,192,219,10,27,81,reliable
Qr,Qr06,25,214,214,565,576,191,218,11,27,96,reliable
Qr,Qr06,26,002,002,581,592,191,218,11,27,104,reliable
Qr,Qr06,27,203,203,595,628,192,220,33,28,234,reliable
Qr,Qr06,28,027,027,630,638,192,219,8,27,73,reliable
Qr,Qr06,29,090,090,641,668,192,219,27,27,216,reliable
Qr,Qr06,30,545,545,672,686,192,218,14,26,126,reliable
Qr,Qr06,31,045c!,045,690,702,192,218,12,26,87,reliable
Qr,Qr06,32,379a,379,704,727,191,221,23,30,205,reliable
Qr,Qr06,33,500,500,730,740,194,219,10,25,63,reliable
Qr,Qr06,34,440,440,743,786,191,220,43,29,330,reliable
Qr,Qr06,35,280,280,789,799,193,220,10,27,95,reliable
Qr,Qr06,36,002a,002,800,819,192,220,19,28,194,reliable
Qr,Qr06,37,040,040,824,831,192,219,7,27,86,reliable
Qr,Qr06,38,050,050,835,842,193,220,7,27,78,reliable
Qr,Qr06,39,216s!,216,846,854,193,220,8,27,114,reliable
Qr,Qr06,40,001a,001,858,891,193,221,33,28,261,reliable
Qr,Qr06,41,366a.076t,366,894,901,194,221,7,27,95,reliable
Qr,Qr06,42,11),11),903,1064,191,221,161,30,1042,reliable
Qr,Qr07,0,8),8),4,53,227,255,49,28,290,reliable
Qr,Qr07,1,303,303,53,88,225,253,35,28,282,reliable
Qr,Qr07,2,090ft,090,90,108,225,253,18,28,169,reliable
Qr,Qr07,3,530y,530,111,138,225,253,27,28,255,reliable
Qr,Qr07,4,040.522,040,142,155,225,253,13,28,130,reliable
Qr,Qr07,5,571b,571,157,183,225,253,26,28,207,reliable
Qr,Qr07,6,202,202,185,213,225,254,28,29,264,reliable
Qr,Qr07,7,205.071,205,216,239,226,254,23,28,195,reliable
Qr,Qr07,8,690ko!,690,243,267,226,254,24,28,232,reliable
Qr,Qr07,9,065fx.008,065,267,292,226,255,25,29,220,reliable
Qr,Qr07,10,076t.200,076,297,316,228,256,19,28,149,reliable
Qr,Qr07,11,739c,739,320,344,228,256,24,28,197,reliable
Qr,Qr07,12,200,200,349,368,227,256,19,29,181,reliable
Qr,Qr07,13,381,381,369,382,229,255,13,26,122,reliable
Qr,Qr07,14,071e,071,385,421,227,256,36,29,238,reliable
Qr,Qr07,15,306.003a,306,425,439,228,256,14,28,131,reliable
Qr,Qr07,16,028x,028,443,444,232,236,1,4,4,reliable
Qr,Qr07,17,027.095,027,444,471,228,256,27,28,188,reliable
Qr,Qr07,18,305s,305,471,493,228,256,22,28,192,reliable
Qr,Qr07,19,045.027x,045,498,522,227,256,24,29,207,reliable
Qr,Qr07,20,022bfy!.243,022,525,555,227,255,30,28,262,reliable
Qr,Qr07,21,005kt,005,559,566,242,254,7,12,33,reliable
Qr,Qr07,22,099!,099,569,587,228,254,18,26,171,reliable
Qr,Qr07,23,011,011,591,596,228,254,5,26,69,reliable
Qr,Qr07,24,007,007,599,613,229,255,14,26,119,reliable
Qr,Qr07,25,004b,004,617,627,228,254,10,26,80,reliable
Qr,Qr07,26,600,600,629,649,227,254,20,27,165,reliable
Qr,Qr07,27,522c,522,653,674,228,254,21,26,171,reliable
Qr,Qr07,28,606s,606,676,708,228,254,32,26,246,reliable
Qr,Qr07,29,411,411,708,736,228,255,28,27,232,reliable
Qr,Qr07,30,040h!,040,736,740,228,237,4,9,22,reliable
Qr,Qr07,31,400.011,400,743,771,228,255,28,27,218,reliable
Qr,Qr07,32,001.095j.003a,001,777,805,228,256,28,28,205,reliable
Qr,Qr07,33,400.009h,400,810,839,229,256,29,27,193,reliable
Qr,Qr07,34,400.022bfy,400,838,867,230,256,29,26,214,reliable
Qr,Qr07,35,002a,002,871,881,230,255,10,25,92,reliable
Qr,Qr07,36,144af,144,885,902,230,255,17,25,148,reliable
Qr,Qr07,37,002a,002,905,913,229,255,8,26,86,reliable
Qr,Qr07,38,662,662,917,947,229,255,30,26,242,reliable
Qr,Qr07,39,680,680,950,982,229,255,32,26,287,reliable
Qr,Qr07,40,005j.010,005,988,1007,229,255,19,26,197,reliable
Qr,Qr07,41,005j.052,005,1009,1033,229,254,24,25,210,reliable
Qr,Qr07,42,022bfy.243,022,1035,1074,229,255,39,26,341,reliable
Qr,Qr07,43,001t,001,1073,1078,244,254,5,10,34,reliable
Qr,Qr07,44,3),3),1078,1094,228,253,16,25,155,reliable
Qr,Qr08,0,005j.006,005,6,18,264,276,12,12,36,reliable
Qr,Qr08,1,007,007,21,47,263,289,26,26,187,reliable
Qr,Qr08,2,093,093,54,69,263,290,15,27,144,reliable
Qr,Qr08,3,050b.074x,050,73,93,263,290,20,27,140,reliable
Qr,Qr08,4,008,008,98,99,263,271,1,8,8,reliable
Qr,Qr08,5,400!,400,98,118,263,289,20,26,184,reliable
Qr,Qr08,6,281,281,122,142,263,290,20,27,177,reliable
Qr,Qr08,7,001.095j.003a,001,147,168,263,289,21,26,145,reliable
Qr,Qr08,8,011,011,172,194,263,290,22,27,206,reliable
Qr,Qr08,9,004,004,198,221,263,290,23,27,213,reliable
Qr,Qr08,10,445s.711,445,227,233,263,291,6,28,105,reliable
Qr,Qr08,11,300,300,239,246,263,291,7,28,71,reliable
Qr,Qr08,12,005,005,250,277,264,291,27,27,209,reliable
Qr,Qr08,13,591,591,282,305,264,292,23,28,173,reliable
Qr,Qr08,14,004,004,307,323,264,292,16,28,136,reliable
Qr,Qr08,15,021e,021,328,343,264,292,15,28,143,reliable
Qr,Qr08,16,600,600,347,355,265,292,8,27,83,reliable
Qr,Qr08,17,022h,022,360,369,265,292,9,27,96,reliable
Qr,Qr08,18,660,660,372,399,264,293,27,29,205,reliable
Qr,Qr08,19,600,600,399,430,264,292,31,28,227,reliable
Qr,Qr08,20,022h,022,433,457,264,293,24,29,192,reliable
Qr,Qr08,21,400,400,458,463,266,273,5,7,19,reliable
Qr,Qr08,22,022h,022,462,489,264,292,27,28,212,reliable
Qr,Qr08,23,660,660,489,514,265,292,25,27,214,reliable
Qr,Qr08,24,022bf.244!,022,518,555,265,293,37,28,329,reliable
Qr,Qr08,25,322,322,555,582,266,294,27,28,244,reliable
Qr,Qr08,26,040h,040,585,590,266,277,5,11,34,reliable
Qr,Qr08,27,400.007,400,590,632,266,293,42,27,338,reliable
Qr,Qr08,28,624,624,636,667,265,293,31,28,251,reliable
Qr,Qr08,29,001.074x,001,671,686,266,293,15,27,155,reliable
Qr,Qr08,30,001.074x,001,689,691,267,293,2,26,34,reliable
Qr,Qr08,31,007,007,692,702,267,292,10,25,101,reliable
Qr,Qr08,32,093j,093,707,723,266,293,16,27,151,reliable
Qr,Qr08,33,306.003a,306,726,740,267,294,14,27,124,reliable
Qr,Qr08,34,028x.095j,028,743,780,266,294,37,28,271,reliable
Qr,Qr08,35,073f,073,785,813,268,295,28,27,250,reliable
Qr,Qr08,36,001,001,816,824,268,293,8,25,89,reliable
Qr,Qr08,37,057c,057,829,835,267,295,6,28,72,reliable
Qr,Qr08,38,001,001,840,862,268,295,22,27,159,reliable
Qr,Qr08,39,607.074f,607,866,872,268,295,6,27,95,reliable
Qr,Qr08,40,034d,034,874,914,267,295,40,28,332,reliable
Qr,Qr08,41,670.010,670,918,936,268,294,18,26,186,reliable
Qr,Qr08,42,074,074,939,969,268,295,30,27,266,reliable
Qr,Qr08,43,685a,685,971,980,269,295,9,26,87,reliable
Qr,Qr08,44,205,205,980,1024,268,295,44,27,436,reliable
Qr,Qr08,45,380.074,380,1024,1047,267,294,23,27,205,reliable
Qr,Qr08,46,202s,202,1050,1078,268,295,28,27,267,reliable
Qr,Qr08,47,008,008,1079,1094,269,293,15,24,169,reliable
Qr,Qr08,48,2)!,2),1096,1105,268,295,9,27,57,reliable
Qr,Qr09,0,001a!,001,6,13,301,327,7,26,69,unreliable
Qr,Qr09,1,154!.246!.242!,154,16,85,301,329,69,28,428,unreliable
Qr,Qr09,2,606!,606,88,183,302,329,95,27,547,unreliable
Qr,Qr09,3,004!,004,185,196,315,323,11,8,48,unreliable
Qr,Qr09,4,600!,600,198,284,302,331,86,29,629,unreliable
Qr,Qr09,5,004!,004,288,303,301,329,15,28,148,unreliable
Qr,Qr09,6,600!,600,308,329,302,329,21,27,191,unreliable
Qr,Qr09,7,302s!,302,331,342,302,329,11,27,119,unreliable
Qr,Qr09,8,004,004,344,368,301,328,24,27,217,unreliable
Qr,Qr09,9,534d,534,372,386,308,329,14,21,88,unreliable
Qr,Qr09,10,591,591,388,398,307,326,10,19,47,unreliable
Qr,Qr09,11,381!,381,399,425,301,328,26,27,185,unreliable
Qr,Qr09,12,050b,050,430,461,303,328,31,25,181,unreliable
Qr,Qr09,13,600,600,464,482,301,329,18,28,169,unreliable
Qr,Qr09,14,430d!.076!,430,486,514,301,330,28,29,204,unreliable
Qr,Qr09,15,430d.076,430,515,524,301,329,9,28,100,unreliable
Qr,Qr09,16,076!.063,076,527,553,302,330,26,28,216,unreliable
Qr,Qr09,17,004.064a,004,558,588,306,330,30,24,192,unreliable
Qr,Qr09,18,670,670,590,622,309,330,32,21,206,unreliable
Qr,Qr09,19,700,700,624,642,310,329,18,19,124,unreliable
Qr,Qr09,20,470,470,643,655,308,329,12,21,96,unreliable
Qr,Qr09,21,005t,005,660,671,308,330,11,22,92,unreliable
Qr,Qr09,22,254!,254,675,693,308,328,18,20,115,unreliable
Qr,Qr09,23,200!.020y!,200,697,712,308,328,15,20,88,unreliable
Qr,Qr09,24,200!,200,714,736,309,329,22,20,136,unreliable
Qr,Qr09,25,053a!,053,739,765,309,329,26,20,127,unreliable
Qr,Qr09,26,021e!,021,769,775,305,331,6,26,81,unreliable
Qr,Qr09,27,755a!,755,776,791,304,331,15,27,147,unreliable
Qr,Qr09,28,047!,047,795,823,303,331,28,28,270,unreliable
Qr,Qr09,29,200!,200,827,833,304,330,6,26,84,unreliable
Qr,Qr09,30,372!,372,839,893,304,331,54,27,419,unreliable
Qr,Qr09,31,020a.006,020,895,925,309,331,30,22,244,unreliable
Qr,Qr09,32,215!,215,928,936,307,331,8,24,84,unreliable
Qr,Qr09,33,001,001,939,956,304,331,17,27,168,unreliable
Qr,Qr09,34,600.755a.006!,600,959,986,307,331,27,24,251,unreliable
Qr,Qr09,35,770g!,770,989,1010,309,331,21,22,158,unreliable
Qr,Qr09,36,060a!,060,1012,1029,304,331,17,27,170,unreliable
Qr,Qr09,37,070,070,1034,1038,311,327,4,16,29,unreliable
Qr,Qr09,38,061x!.001!.061!,061,1039,1043,312,328,4,16,30,unreliable
Qr,Qr09,39,386!,386,1047,1054,318,326,7,8,27,unreliable
Qr,Qr09,40,070,070,1058,1067,314,330,9,16,48,unreliable
Qv,Qv01,0,600.032a,600,8,37,6,32,29,26,254,reliable
Qv,Qv01,1,067,067,43,57,6,32,14,26,107,reliable
Qv,Qv01,2,600,600,62,87,6,31,25,25,214,reliable
Qv,Qv01,3,600,600,90,114,6,32,24,26,215,reliable
Qv,Qv01,4,004.600,004,117,146,6,31,29,25,257,reliable
Qv,Qv01,5,260b!,260,148,162,11,32,14,21,104,reliable
Qv,Qv01,6,001,001,169,175,6,32,6,26,88,reliable
Qv,Qv01,7,710,710,178,187,6,31,9,25,89,reliable
Qv,Qv01,8,300!.710,300,190,221,6,32,31,26,246,reliable
Qv,Qv01,9,600,600,224,245,6,33,21,27,219,reliable
Qv,Qv01,10,360!,360,250,269,6,33,19,27,197,reliable
Qv,Qv01,11,602s!,602,274,306,7,32,32,25,248,reliable
Qv,Qv01,12,360!,360,308,331,12,31,23,19,136,reliable
Qv,Qv01,13,600!,600,334,358,14,31,24,17,150,reliable
Qv,Qv01,14,600!.001!,600,362,384,16,32,22,16,119,reliable
Qv,Qv01,15,600!,600,385,387,16,27,2,11,19,reliable
Qv,Qv01,16,097!,097,390,411,15,32,21,17,111,reliable
Qv,Qv01,17,067,067,415,432,18,31,17,13,74,reliable
Qv,Qv01,18,710f,710,435,448,8,31,13,23,97,reliable
Qv,Qv01,19,710f,710,451,462,9,31,11,22,95,reliable
Qv,Qv01,20,739c,739,464,475,9,31,11,22,84,reliable
Qv,Qv01,21,710f,710,477,492,8,31,15,23,118,reliable
Qv,Qv01,22,020Va,020,495,505,8,30,10,22,87,reliable
Qv,Qv01,23,710f,710,510,519,9,31,9,22,91,reliable
Qv,Qv01,24,020y,020,522,532,10,33,10,23,82,reliable
Qv,Qv01,25,710f,710,535,544,11,33,9,22,97,reliable
Qv,Qv01,26,001,001,548,560,7,33,12,26,107,reliable
Qv,Qv01,27,710f,710,565,571,6,33,6,27,97,reliable
Qv,Qv01,28,090fj,090,573,586,6,32,13,26,108,reliable
Qv,Qv01,29,710f,710,588,614,7,33,26,26,236,reliable
Qv,Qv01,30,020ay,020,616,627,6,32,11,26,127,reliable
Qv,Qv01,31,710,710,631,641,7,33,10,26,105,reliable
Qv,Qv01,32,710.062,710,644,666,7,33,22,26,185,reliable
Qv,Qv01,33,710f,710,668,680,6,33,12,27,121,reliable
Qv,Qv01,34,755a,755,684,701,6,33,17,27,164,reliable
Qv,Qv01,35,050b,050,704,714,6,32,10,26,118,reliable
Qv,Qv01,36,050b,050,718,727,6,32,9,26,119,reliable
Qv,Qv01,37,280b,280,732,754,6,33,22,27,219,reliable
Qv,Qv01,38,607,607,757,789,6,32,32,26,268,reliable
Qv,Qv01,39,067!,067,791,805,8,33,14,25,119,reliable
Qv,Qv01,40,011,011,810,817,7,33,7,26,108,reliable
Qv,Qv01,41,200!,200,822,865,9,33,43,24,235,reliable
Qv,Qv01,42,141!.245,141,865,918,9,33,53,24,386,reliable
Qv,Qv01,43,001,001,924,930,7,33,6,26,105,reliable
Qv,Qv01,44,045.010,045,936,952,7,33,16,26,194,reliable
Qv,Qv01,45,664,664,953,980,6,33,27,27,268,reliable
Qv,Qv01,46,693?.064ax?,693,981,1019,6,31,38,25,299,reliable
Qv,Qv02,0,280,280,2,24,42,69,22,27,222,reliable
Qv,Qv02,1,290b,290,26,49,42,68,23,26,233,reliable
Qv,Qv02,2,001a.069a,001,52,76,42,69,24,27,252,reliable
Qv,Qv02,3,021e,021,82,92,43,69,10,26,126,reliable
Qv,Qv02,4,067.067d,067,97,125,42,70,28,28,255,reliable
Qv,Qv02,5,067.450,067,130,157,43,70,27,27,240,reliable
Qv,Qv02,6,336,336,159,189,42,69,30,27,249,reliable
Qv,Qv02,7,067,067,191,206,43,70,15,27,129,reliable
Qv,Qv02,8,014a,014,209,231,42,71,22,29,189,reliable
Qv,Qv02,9,200!,200,232,257,42,70,25,28,229,reliable
Qv,Qv02,10,011,011,259,266,43,71,7,28,122,reliable
Qv,Qv02,11,710h.003a;042t,710,270,291,44,71,21,27,184,reliable
Qv,Qv02,12,600,600,296,320,44,70,24,26,203,reliable
Qv,Qv02,13,205,205,323,350,44,71,27,27,233,reliable
Qv,Qv02,14,773g,773,349,380,44,71,31,27,251,reliable
Qv,Qv02,15,090,090,381,399,43,70,18,27,132,reliable
Qv,Qv02,16,599g!,599,400,421,45,71,21,26,151,reliable
Qv,Qv02,17,591,591,422,438,43,71,16,28,170,reliable
Qv,Qv02,18,090f!,090,441,460,43,68,19,25,155,reliable
Qv,Qv02,19,455a:064tx,455,461,485,43,70,24,27,238,reliable
Qv,Qv02,20,021e,021,489,499,42,70,10,28,112,reliable
Qv,Qv02,21,091,091,504,522,43,71,18,28,144,reliable
Qv,Qv02,22,044ax,044,521,534,43,68,13,25,86,reliable
Qv,Qv02,23,773d,773,538,562,43,68,24,25,182,reliable
Qv,Qv02,24,430c,430,566,582,42,69,16,27,148,reliable
Qv,Qv02,25,430?,430,584,587,42,69,3,27,13,reliable
Qv,Qv02,26,600.004,600,587,605,42,69,18,27,149,reliable
Qv,Qv02,27,007.003a,007,605,635,42,69,30,27,283,reliable
Qv,Qv02,28,034!,034,638,661,42,69,23,27,239,reliable
Qv,Qv02,29,320.011,320,663,684,42,67,21,25,202,reliable
Qv,Qv02,30,091,091,688,719,42,69,31,27,330,reliable
Qv,Qv02,31,005j,005,722,740,42,69,18,27,134,reliable
Qv,Qv02,32,005j.062,005,743,757,42,68,14,26,148,reliable
Qv,Qv02,33,144b,144,761,785,42,69,24,27,224,reliable
Qv,Qv02,34,005j,005,787,804,45,67,17,22,133,reliable
Qv,Qv02,35,200j,200,807,820,45,70,13,25,122,reliable
Qv,Qv02,36,200,200,820,846,43,70,26,27,231,reliable
Qv,Qv02,37,710b,710,848,870,43,70,22,27,215,reliable
Qv,Qv02,38,755,755,872,882,43,69,10,26,95,reliable
Qv,Qv02,39,090,090,885,903,42,70,18,28,174,reliable
Qv,Qv02,40,540y.450,540,905,920,42,67,15,25,114,reliable
Qv,Qv02,41,021V:042t,021,922,953,42,69,31,27,302,reliable
Qv,Qv02,42,069,069,953,977,43,68,24,25,214,reliable
Qv,Qv02,43,062y.009.061!,062,980,1009,42,68,29,26,287,reliable
Qv,Qv02,44,009c.061,009,1010,1031,42,69,21,27,211,reliable
Qv,Qv02,45,710b,710,1030,1041,42,67,11,25,95,reliable
Qv,Qv02,46,739c.064.003a,739,1042,1071,42,68,29,26,231,reliable
Qv,Qv03,0,009!,009,7,20,80,104,13,24,111,reliable
Qv,Qv03,1,208!,208,25,51,80,107,26,27,268,reliable
Qv,Qv03,2,020!,020,55,71,81,106,16,25,187,reliable
Qv,Qv03,3,004!,004,77,85,80,106,8,26,100,reliable
Qv,Qv03,4,021Va,021,90,99,81,107,9,26,127,reliable
Qv,Qv03,5,020b?,020,102,110,82,105,8,23,103,reliable
Qv,Qv03,6,280?,280,114,136,81,107,22,26,234,reliable
Qv,Qv03,7,021e,021,139,148,82,106,9,24,116,reliable
Qv,Qv03,8,027,027,151,189,81,107,38,26,355,reliable
Qv,Qv03,9,600,600,190,217,81,107,27,26,236,reliable
Qv,Qv03,10,209d,209,218,265,81,107,47,26,445,reliable
Qv,Qv03,11,600,600,266,275,82,108,9,26,103,reliable
Qv,Qv03,12,209b,209,279,287,82,108,8,26,116,reliable
Qv,Qv03,13,048a,048,292,302,82,108,10,26,93,reliable
Qv,Qv03,14,021e,021,304,320,83,108,16,25,143,reliable
Qv,Qv03,15,048a,048,324,334,83,108,10,25,119,reliable
Qv,Qv03,16,739c,739,337,345,83,108,8,25,92,reliable
Qv,Qv03,17,020,020,350,357,83,108,7,25,87,reliable
Qv,Qv03,18,048a,048,360,370,83,108,10,25,115,reliable
Qv,Qv03,19,001,001,372,382,87,107,10,20,67,reliable
Qv,Qv03,20,053a,053,382,400,82,108,18,26,140,reliable
Qv,Qv03,21,360!.040,360,401,432,82,109,31,27,254,reliable
Qv,Qv03,22,360.040,360,432,450,81,108,18,27,150,reliable
Qv,Qv03,23,430d,430,451,466,81,107,15,26,124,reliable
Qv,Qv03,24,097,097,467,499,81,107,32,26,275,reliable
Qv,Qv03,25,300.117h.003a,300,500,540,81,107,40,26,358,reliable
Qv,Qv03,26,028x.095j,028,545,551,80,108,6,28,114,reliable
Qv,Qv03,27,073f,073,554,578,80,107,24,27,223,reliable
Qv,Qv03,28,001,001,581,588,78,107,7,29,107,reliable
Qv,Qv03,29,057c,057,590,603,78,107,13,29,141,reliable
Qv,Qv03,30,001,001,606,667,78,107,61,29,525,reliable
Qv,Qv03,31,069b!,069,671,721,78,106,50,28,476,reliable
Qv,Qv03,32,2)!,2),723,731,78,105,8,27,84,reliable
Qv,Qv03,33,607.074f,607,734,748,78,106,14,28,137,reliable
Qv,Qv03,34,069.010.578a,069,752,767,79,106,15,27,162,reliable
Qv,Qv03,35,004,004,770,784,79,107,14,28,167,reliable
Qv,Qv03,36,069b,069,789,798,79,107,9,28,123,reliable
Qv,Qv03,37,070,070,804,821,80,107,17,27,141,reliable
Qv,Qv03,38,007,007,826,847,79,107,21,28,214,reliable
Qv,Qv03,39,021e,021,852,861,80,107,9,27,88,reliable
Qv,Qv03,40,093j,093,865,888,81,109,23,28,229,reliable
Qv,Qv03,41,381d,381,889,899,81,109,10,28,100,reliable
Qv,Qv03,42,045!,045,901,925,81,109,24,28,215,reliable
Qv,Qv03,43,685a!,685,929,938,81,109,9,28,91,reliable
Qv,Qv03,44,060a,060,944,968,81,109,24,28,183,reliable
Qv,Qv03,45,301,301,973,980,82,108,7,26,79,reliable
Qv,Qv03,46,060a,060,981,990,82,108,9,26,81,reliable
Qv,Qv03,47,040c.003a,040,993,1015,80,109,22,29,195,reliable
Qv,Qv03,48,025,025,1021,1025,85,94,4,9,16,reliable
Qv,Qv03,49,300!,300,1029,1031,84,90,2,6,10,reliable
Qv,Qv04,0,002d,002,4,14,118,143,10,25,110,reliable
Qv,Qv04,1,670d,670,19,42,117,144,23,27,205,reliable
Qv,Qv04,2,445y,445,45,62,118,144,17,26,149,reliable
Qv,Qv04,3,011,011,66,73,118,143,7,25,108,reliable
Qv,Qv04,4,030c,030,75,93,118,142,18,24,134,reliable
Qv,Qv04,5,030c,030,96,113,118,140,17,22,126,reliable
Qv,Qv04,6,002Vd,002,118,134,118,144,16,26,211,reliable
Qv,Qv04,7,430y!,430,137,154,118,144,17,26,142,reliable
Qv,Qv04,8,030dx,030,154,177,120,144,23,24,194,reliable
Qv,Qv04,9,044ay,044,177,186,118,144,9,26,87,reliable
Qv,Qv04,10,048a.008,048,191,219,118,144,28,26,288,reliable
Qv,Qv04,11,206,206,218,267,118,144,49,26,438,reliable
Qv,Qv04,12,430c,430,268,288,118,144,20,26,204,reliable
Qv,Qv04,13,600,600,293,308,118,143,15,25,139,reliable
Qv,Qv04,14,027,027,311,321,118,143,10,25,106,reliable
Qv,Qv04,15,700,700,325,331,117,144,6,27,123,reliable
Qv,Qv04,16,011,011,335,385,117,144,50,27,532,reliable
Qv,Qv04,17,078y.308.034!,078,389,397,118,143,8,25,112,reliable
Qv,Qv04,18,021e!,021,401,409,118,143,8,25,108,reliable
Qv,Qv04,19,021e!,021,415,456,116,143,41,27,413,reliable
Qv,Qv04,20,380.020b.385y,380,457,490,117,143,33,26,303,reliable
Qv,Qv04,21,205y!.001,205,494,512,116,142,18,26,176,reliable
Qv,Qv04,22,381.065,381,515,524,117,142,9,25,79,reliable
Qv,Qv04,23,021t,021,524,531,132,142,7,10,32,reliable
Qv,Qv04,24,094ak,094,531,547,120,143,16,23,111,reliable
Qv,Qv04,25,301sx!.048a.008,301,549,605,117,143,56,26,474,reliable
Qv,Qv04,26,200!,200,604,625,117,143,21,26,198,reliable
Qv,Qv04,27,600!,600,626,640,117,143,14,26,102,reliable
Qv,Qv04,28,610a!,610,641,659,116,142,18,26,152,reliable
Qv,Qv04,29,027,027,663,677,117,143,14,26,127,reliable
Qv,Qv04,30,700,700,680,689,117,143,9,26,99,reliable
Qv,Qv04,31,011,011,695,701,117,144,6,27,81,reliable
Qv,Qv04,32,044a,044,705,712,117,143,7,26,72,reliable
Qv,Qv04,33,308,308,715,743,117,144,28,27,240,reliable
Qv,Qv04,34,034d,034,746,767,118,144,21,26,202,reliable
Qv,Qv04,35,306.003a,306,771,806,117,144,35,27,272,reliable
Qv,Qv04,36,028x.095j,028,809,840,118,144,31,26,262,reliable
Qv,Qv04,37,073af,073,844,856,117,143,12,26,103,reliable
Qv,Qv04,38,001,001,861,867,116,144,6,28,85,reliable
Qv,Qv04,39,380.001,380,871,896,117,144,25,27,268,reliable
Qv,Qv04,40,8)!,8),899,1013,116,144,114,28,784,reliable
Qv,Qv05,0,5)!,5),3,74,154,183,71,29,528,reliable
Qv,Qv05,1,421d,421,76,98,155,182,22,27,182,reliable
Qv,Qv05,2,095d,095,101,121,157,182,20,25,133,reliable
Qv,Qv05,3,087.062,087,126,150,154,182,24,28,191,reliable
Qv,Qv05,4,200.700.061,200,150,192,155,182,42,27,382,reliable
Qv,Qv05,5,739d,739,195,210,155,182,15,27,139,reliable
Qv,Qv05,6,040,040,212,220,155,181,8,26,90,reliable
Qv,Qv05,7,140,140,221,234,155,183,13,28,168,reliable
Qv,Qv05,8,316bs,316,239,296,155,182,57,27,513,reliable
Qv,Qv05,9,301,301,300,320,156,182,20,26,155,reliable
Qv,Qv05,10,004.064a,004,323,342,156,182,19,26,162,reliable
Qv,Qv05,11,004.064a,004,345,370,156,182,25,26,224,reliable
Qv,Qv05,12,209b,209,373,393,156,182,20,26,189,reliable
Qv,Qv05,13,081,081,397,406,157,182,9,25,112,reliable
Qv,Qv05,14,050,050,409,470,156,183,61,27,507,reliable
Qv,Qv05,15,450.052!.240!.069h!,450,471,491,156,181,20,25,185,reliable
Qv,Qv05,16,034d!,034,495,507,156,182,12,26,102,reliable
Qv,Qv05,17,027!.290!,027,506,528,155,181,22,26,148,reliable
Qv,Qv05,18,081a!,081,532,549,155,181,17,26,163,reliable
Qv,Qv05,19,050!,050,553,563,156,180,10,24,118,reliable
Qv,Qv05,20,450!,450,567,579,155,181,12,26,88,reliable
Qv,Qv05,21,060a,060,583,593,154,180,10,26,97,reliable
Qv,Qv05,22,300.736!,300,593,635,154,180,42,26,380,reliable
Qv,Qv05,23,209ak,209,636,658,154,180,22,26,183,reliable
Qv,Qv05,24,736s,736,661,686,154,180,25,26,243,reliable
Qv,Qv05,25,067.010,067,688,710,154,180,22,26,200,reliable
Qv,Qv05,26,260,260,712,730,154,180,18,26,173,reliable
Qv,Qv05,27,067.010,067,733,753,155,179,20,24,193,reliable
Qv,Qv05,28,067.010.062,067,756,784,154,180,28,26,281,reliable
Qv,Qv05,29,008,008,785,803,156,181,18,25,185,reliable
Qv,Qv05,30,360,360,803,822,154,179,19,25,151,reliable
Qv,Qv05,31,330,330,824,846,156,181,22,25,181,reliable
Qv,Qv05,32,260,260,848,865,155,181,17,26,157,reliable
Qv,Qv05,33,280,280,867,889,155,181,22,26,198,reliable
Qv,Qv05,34,260,260,890,909,156,181,19,25,172,reliable
Qv,Qv05,35,466!,466,910,933,156,182,23,26,168,reliable
Qv,Qv05,36,2)!,2),932,968,155,182,36,27,231,reliable
Qv,Qv05,37,260,260,970,989,155,181,19,26,160,reliable
Qv,Qv05,38,067,067,993,1006,155,181,13,26,109,reliable
Qv,Qv05,39,260,260,1009,1028,155,181,19,26,160,reliable
Qv,Qv06,0,8)!,8),3,93,190,219,90,29,619,reliable
Qv,Qv06,1,670,670,94,115,190,218,21,28,158,reliable
Qv,Qv06,2,081,081,117,136,194,218,19,24,162,reliable
Qv,Qv06,3,083.069b,083,141,156,191,218,15,27,146,reliable
Qv,Qv06,4,344d,344,159,181,192,217,22,25,166,reliable
Qv,Qv06,5,048f.062,048,182,198,191,217,16,26,175,reliable
Qv,Qv06,6,044ax,044,202,225,191,218,23,27,209,reliable
Qv,Qv06,7,451,451,226,263,192,219,37,27,263,reliable
Qv,Qv06,8,021h,021,267,285,192,218,18,26,182,reliable
Qv,Qv06,9,304.346a,304,290,298,191,218,8,27,85,reliable
Qv,Qv06,10,734as,734,300,378,191,219,78,28,657,reliable
Qv,Qv06,11,093,093,379,406,192,218,27,26,211,reliable
Qv,Qv06,12,254d,254,407,457,191,217,50,26,399,reliable
Qv,Qv06,13,200.222!,200,458,502,190,217,44,27,375,reliable
Qv,Qv06,14,254ck!,254,504,520,190,215,16,25,146,reliable
Qv,Qv06,15,301,301,522,551,190,215,29,25,239,reliable
Qv,Qv06,16,600,600,553,578,190,217,25,27,203,reliable
Qv,Qv06,17,015a,015,580,603,191,218,23,27,200,reliable
Qv,Qv06,18,301,301,607,617,192,218,10,26,138,reliable
Qv,Qv06,19,600,600,620,669,190,219,49,29,442,reliable
Qv,Qv06,20,200.001,200,671,702,191,219,31,28,300,reliable
Qv,Qv06,21,600,600,705,727,191,219,22,28,204,reliable
Qv,Qv06,22,200.063,200,729,794,190,219,65,29,552,reliable
Qv,Qv06,23,346c,346,798,821,192,219,23,27,181,reliable
Qv,Qv06,24,305a,305,825,843,191,219,18,28,187,reliable
Qv,Qv06,25,001.052,001,846,861,191,218,15,27,113,reliable
Qv,Qv06,26,430y,430,866,882,190,218,16,28,153,reliable
Qv,Qv06,27,020b.010,020,888,906,190,216,18,26,212,reliable
Qv,Qv06,28,002a.010,002,910,930,190,217,20,27,155,reliable
Qv,Qv06,29,144f,144,936,940,204,212,4,8,13,reliable
Qv,Qv07,0,020.010,020,5,53,226,256,48,30,278,reliable
Qv,Qv07,1,002a.010,002,59,79,226,253,20,27,209,reliable
Qv,Qv07,2,144f,144,85,104,227,254,19,27,195,reliable
Qv,Qv07,3,591,591,108,127,226,254,19,28,170,reliable
Qv,Qv07,4,117afx,117,134,150,226,254,16,28,160,reliable
Qv,Qv07,5,700cx,700,155,166,227,254,11,27,100,reliable
Qv,Qv07,6,081,081,171,181,227,254,10,27,113,reliable
Qv,Qv07,7,589,589,186,205,227,255,19,28,191,reliable
Qv,Qv07,8,031d,031,208,260,227,255,52,28,339,reliable
Qv,Qv07,9,571c,571,265,286,228,255,21,27,176,reliable
Qv,Qv07,10,380a.126b,380,291,355,228,256,64,28,561,reliable
Qv,Qv07,11,300.730,300,357,383,227,255,26,28,238,reliable
Qv,Qv07,12,209ak,209,387,427,227,255,40,28,324,reliable
Qv,Qv07,13,300.730?,300,429,445,227,255,16,28,147,reliable
Qv,Qv07,14,084,084,447,467,228,254,20,26,203,reliable
Qv,Qv07,15,034d,034,471,481,228,256,10,28,108,reliable
Qv,Qv07,16,710,710,483,531,227,255,48,28,393,reliable
Qv,Qv07,17,204i!,204,535,551,241,255,16,14,78,reliable
Qv,Qv07,18,755b,755,557,571,241,255,14,14,83,reliable
Qv,Qv07,19,755b,755,575,594,235,256,19,21,133,reliable
Qv,Qv07,20,006.074af,006,599,616,227,255,17,28,159,reliable
Qv,Qv07,21,205i,205,621,641,227,255,20,28,189,reliable
Qv,Qv07,22,375a!,375,643,670,227,255,27,28,231,reliable
Qv,Qv07,23,008,008,672,726,228,255,54,27,477,reliable
Qv,Qv07,24,430,430,730,747,228,256,17,28,137,reliable
Qv,Qv07,25,002c.010,002,752,774,228,256,22,28,237,reliable
Qv,Qv07,26,002d.010,002,780,801,229,256,21,27,226,reliable
Qv,Qv07,27,144f,144,805,824,229,256,19,27,163,reliable
Qv,Qv07,28,026x,026,828,847,229,256,19,27,197,reliable
Qv,Qv07,29,006,006,851,864,229,256,13,27,99,reliable
Qv,Qv07,30,700x,700,870,881,229,255,11,26,107,reliable
Qv,Qv07,31,008,008,884,903,230,256,19,26,200,reliable
Qv,Qv07,32,670!,670,906,929,231,256,23,25,164,reliable
Qv,Qv07,33,10)!,10),933,1048,228,257,115,29,755,reliable
Qv,Qv08,0,3)!,3),4,22,274,291,18,17,104,reliable
Qv,Qv08,1,400!,400,24,45,266,291,21,25,190,reliable
Qv,Qv08,2,072a,072,48,59,266,291,11,25,121,reliable
Qv,Qv08,3,002d,002,63,69,272,288,6,16,41,reliable
Qv,Qv08,4,003a,003,73,90,266,291,17,25,177,reliable
Qv,Qv08,5,072a,072,94,106,267,291,12,24,109,reliable
Qv,Qv08,6,002d,002,111,129,265,291,18,26,132,reliable
Qv,Qv08,7,430,430,133,153,265,292,20,27,211,reliable
Qv,Qv08,8,072a,072,157,168,266,292,11,26,104,reliable
Qv,Qv08,9,002d,002,173,199,265,293,26,28,218,reliable
Qv,Qv08,10,200,200,203,213,266,293,10,27,104,reliable
Qv,Qv08,11,045,045,218,226,265,292,8,27,93,reliable
Qv,Qv08,12,004,004,231,240,265,293,9,28,94,reliable
Qv,Qv08,13,045,045,248,270,266,293,22,27,226,reliable
Qv,Qv08,14,001.052,001,272,282,265,293,10,28,97,reliable
Qv,Qv08,15,045,045,287,294,265,293,7,28,94,reliable
Qv,Qv08,16,004,004,299,337,265,294,38,29,335,reliable
Qv,Qv08,17,200.132,200,341,348,267,294,7,27,80,reliable
Qv,Qv08,18,001,001,351,388,266,294,37,28,314,reliable
Qv,Qv08,19,200.132a,200,392,394,266,294,2,28,40,reliable
Qv,Qv08,20,001.240.132a,001,394,441,266,294,47,28,434,reliable
Qv,Qv08,21,022bf,022,446,455,266,293,9,27,98,reliable
Qv,Qv08,22,200.132a,200,458,493,266,294,35,28,311,reliable
Qv,Qv08,23,022bfy,022,498,505,267,293,7,26,87,reliable
Qv,Qv08,24,255!,255,509,540,266,294,31,28,281,reliable
Qv,Qv08,25,004,004,544,552,266,293,8,27,88,reliable
Qv,Qv08,26,045,045,558,567,265,292,9,27,96,reliable
Qv,Qv08,27,711V,711,566,583,274,292,17,18,140,reliable
Qv,Qv08,28,540V,540,583,610,266,294,27,28,254,reliable
Qv,Qv08,29,045,045,616,623,267,293,7,26,75,reliable
Qv,Qv08,30,711V,711,625,642,272,294,17,22,126,reliable
Qv,Qv08,31,381y!.042,381,643,664,267,294,21,27,177,reliable
Qv,Qv08,32,205,205,665,690,267,294,25,27,216,reliable
Qv,Qv08,33,008!,008,691,712,267,293,21,26,209,reliable
Qv,Qv08,34,6)!,6),717,734,282,294,17,12,64,reliable
Qv,Qv09,0,5)!,5),3,118,302,331,115,29,823,unreliable
Qv,Qv09,1,002d!,002,121,137,304,315,16,11,66,unreliable
Qv,Qv09,2,002d!,002,143,180,303,323,37,20,188,unreliable
Qv,Qv09,3,144f!,144,183,203,304,329,20,25,173,unreliable
Qv,Qv09,4,670!,670,209,220,304,318,11,14,50,unreliable
Qv,Qv09,5,008a,008,227,238,305,317,11,12,52,unreliable
Qv,Qv09,6,4)!,4),242,307,303,331,65,28,403,unreliable
Ra,Ra01,0,002,002,17,109,8,31,92,23,502,unreliable
Ra,Ra01,1,306.003,306,112,137,8,29,25,21,141,unreliable
Ra,Ra01,2,060,060,141,149,8,30,8,22,47,unreliable
Ra,Ra01,3,280,280,151,179,8,30,28,22,175,unreliable
Ra,Ra01,4,301,301,180,185,9,21,5,12,24,unreliable
Ra,Ra01,5,020,020,188,196,8,29,8,21,63,unreliable
Ra,Ra01,6,020V,020,199,206,9,31,7,22,78,unreliable
Ra,Ra01,7,048,048,211,219,10,30,8,20,51,unreliable
Ra,Ra01,8,049f,049,220,231,10,30,11,20,61,unreliable
Ra,Ra01,9,200.200.200.200,200,234,276,10,34,42,24,330,unreliable
Ra,Ra01,10,002,002,278,285,12,34,7,22,71,unreliable
Ra,Ra01,11,207,207,287,326,12,34,39,22,292,unreliable
Ra,Ra01,12,005,005,328,344,12,32,16,20,121,unreliable
Ra,Ra01,13,004,004,347,354,10,31,7,21,49,unreliable
Ra,Ra01,14,008,008,356,369,11,32,13,21,106,unreliable
Ra,Ra01,15,048,048,372,398,11,33,26,22,123,unreliable
Ra,Ra01,16,008,008,400,407,12,32,7,20,43,unreliable
Ra,Ra01,17,493?,493,408,414,11,32,6,21,46,unreliable
Ra,Ra01,18,025,025,415,464,11,34,49,23,268,unreliable
Ra,Ra01,19,226,226,465,480,13,34,15,21,121,unreliable
Ra,Ra01,20,008,008,481,483,15,34,2,19,20,unreliable
Ra,Ra01,21,001?,001,484,488,14,34,4,20,26,unreliable
Ra,Ra02,0,040,040,15,22,57,78,7,21,54,reliable
Ra,Ra02,1,040,040,24,30,57,77,6,20,48,reliable
Ra,Ra02,2,040,040,32,39,57,78,7,21,62,reliable
Ra,Ra02,3,600.560.600,600,41,59,56,80,18,24,116,reliable
Ra,Ra02,4,004,004,59,90,56,80,31,24,211,reliable
Ra,Ra02,5,001,001,93,99,57,78,6,21,52,reliable
Ra,Ra02,6,630,630,100,105,58,79,5,21,58,reliable
Ra,Ra02,7,004t,004,107,126,56,79,19,23,130,reliable
Ra,Ra02,8,631.048,631,128,146,56,79,18,23,134,reliable
Ra,Ra02,9,468,468,146,175,58,80,29,22,169,reliable
Ra,Ra02,10,049.200,049,176,204,57,80,28,23,197,reliable
Ra,Ra02,11,050.266,050,206,214,58,82,8,24,64,reliable
Ra,Ra02,12,430,430,214,239,58,82,25,24,176,reliable
Ra,Ra02,13,420y,420,240,256,59,82,16,23,96,reliable
Ra,Ra02,14,002,002,258,271,60,83,13,23,100,reliable
Ra,Ra02,15,200.047,200,274,282,61,83,8,22,63,reliable
Ra,Ra02,16,200.047,200,284,311,60,83,27,23,206,reliable
Ra,Ra02,17,069,069,312,338,60,83,26,23,190,reliable
Ra,Ra02,18,207,207,338,345,60,81,7,21,62,reliable
Ra,Ra02,19,022h,022,348,369,59,82,21,23,159,reliable
Ra,Ra02,20,207,207,370,389,58,82,19,24,158,reliable
Ra,Ra02,21,022h,022,391,416,59,81,25,22,158,reliable
Ra,Ra02,22,226,226,415,437,60,81,22,21,117,reliable
Ra,Ra02,23,232,232,441,449,59,82,8,23,60,reliable
Ra,Ra02,24,302s,302,450,463,60,83,13,23,91,reliable
Ra,Ra02,25,600,600,463,472,60,83,9,23,66,reliable
Ra,Ra02,26,200?,200,472,501,60,83,29,23,181,reliable
Ra,Ra03,0,044.430,044,14,29,107,129,15,22,64,reliable
Ra,Ra03,1,044.430y,044,29,50,105,129,21,24,124,reliable
Ra,Ra03,2,036,036,51,70,105,129,19,24,134,reliable
Ra,Ra03,3,004,004,70,87,105,128,17,23,96,reliable
Ra,Ra03,4,410,410,88,118,105,129,30,24,226,reliable
Ra,Ra03,5,004.064,004,120,135,106,129,15,23,108,reliable
Ra,Ra03,6,153.077,153,135,160,105,130,25,25,186,reliable
Ra,Ra03,7,011,011,162,168,107,129,6,22,63,reliable
Ra,Ra03,8,721,721,170,188,107,130,18,23,106,reliable
Ra,Ra03,9,040,040,188,195,108,129,7,21,54,reliable
Ra,Ra03,10,002,002,200,207,108,129,7,21,53,reliable
Ra,Ra03,11,306,306,209,233,107,130,24,23,143,reliable
Ra,Ra03,12,001,001,233,239,108,130,6,22,53,reliable
Ra,Ra03,13,778,778,240,256,108,131,16,23,113,reliable
Ra,Ra03,14,778,778,258,273,108,131,15,23,120,reliable
Ra,Ra03,15,002,002,275,283,109,133,8,24,77,reliable
Ra,Ra03,16,778,778,285,301,108,132,16,24,120,reliable
Ra,Ra03,17,254.003,254,301,333,107,132,32,25,239,reliable
Ra,Ra03,18,007,007,335,352,108,132,17,24,134,reliable
Ra,Ra03,19,206.075,206,352,381,107,132,29,25,197,reliable
Ra,Ra03,20,004,004,383,388,109,131,5,22,48,reliable
Ra,Ra03,21,205s,205,389,413,109,131,24,22,170,reliable
Ra,Ra03,22,020,020,415,429,110,132,14,22,121,reliable
Ra,Ra03,23,080,080,431,433,125,132,2,7,9,reliable
Ra,Ra03,24,004,004,432,437,110,132,5,22,51,reliable
Ra,Ra03,25,004,004,439,444,111,132,5,21,47,reliable
Ra,Ra03,26,040,040,446,453,110,132,7,22,51,reliable
Ra,Ra03,27,460,460,453,463,110,133,10,23,64,reliable
Ra,Ra03,28,070t,070,463,481,110,133,18,23,127,reliable
Ra,Ra03,29,600,600,482,499,110,133,17,23,140,reliable
Ra,Ra04,0,600.075,600,13,41,155,178,28,23,191,reliable
Ra,Ra04,1,005,005,40,77,155,179,37,24,276,reliable
Ra,Ra04,2,001.607,001,79,118,156,179,39,23,287,reliable
Ra,Ra04,3,001.008,001,119,124,157,177,5,20,47,reliable
Ra,Ra04,4,670,670,126,134,157,178,8,21,66,reliable
Ra,Ra04,5,004,004,136,143,156,179,7,23,63,reliable
Ra,Ra04,6,053,053,146,152,157,177,6,20,54,reliable
Ra,Ra04,7,001f,001,153,180,156,180,27,24,178,reliable
Ra,Ra04,8,006,006,181,188,158,180,7,22,69,reliable
Ra,Ra04,9,306.109b,306,189,208,156,181,19,25,132,reliable
Ra,Ra04,10,002,002,210,226,157,180,16,23,115,reliable
Ra,Ra04,11,631,631,230,247,158,181,17,23,119,reliable
Ra,Ra04,12,004.090f,004,248,264,158,180,16,22,114,reliable
Ra,Ra04,13,004.090f,004,266,282,159,181,16,22,121,reliable
Ra,Ra04,14,020f.003,020,284,318,158,181,34,23,265,reliable
Ra,Ra04,15,004.090f,004,319,326,160,181,7,21,77,reliable
Ra,Ra04,16,002,002,328,347,157,181,19,24,127,reliable
Ra,Ra04,17,206.074f,206,349,351,160,179,2,19,21,reliable
Ra,Ra04,18,050,050,353,368,159,180,15,21,108,reliable
Ra,Ra04,19,301?.003,301,372,424,159,181,52,22,334,reliable
Ra,Ra04,20,200,200,427,433,161,181,6,20,55,reliable
Ra,Ra04,21,004.064.254.004.064,004,433,434,160,167,1,7,7,reliable
Ra,Ra04,22,050,050,436,452,159,181,16,22,116,reliable
Ra,Ra04,23,073.006,073,453,464,160,181,11,21,81,reliable
Ra,Ra04,24,070,070,464,476,160,181,12,21,51,reliable
Ra,Ra05,0,040,040,11,20,206,230,9,24,46,unreliable
Ra,Ra05,1,760,760,22,28,207,230,6,23,45,unreliable
Ra,Ra05,2,600,600,30,84,206,229,54,23,346,unreliable
Ra,Ra05,3,599,599,85,99,206,229,14,23,104,unreliable
Ra,Ra05,4,007,007,101,191,206,231,90,25,442,unreliable
Ra,Ra05,5,027?,027,192,199,208,229,7,21,54,unreliable
Ra,Ra05,6,077?,077,201,221,208,230,20,22,110,unreliable
Ra,Ra05,7,034,034,224,231,208,230,7,22,61,unreliable
Ra,Ra05,8,004,004,232,251,208,230,19,22,115,unreliable
Ra,Ra05,9,522,522,253,270,209,230,17,21,114,unreliable
Ra,Ra05,10,700,700,272,296,208,231,24,23,171,unreliable
Ra,Ra05,11,600,600,299,313,209,227,14,18,76,unreliable
Ra,Ra05,12,059f,059,314,326,209,230,12,21,84,unreliable
Ra,Ra05,13,004.064,004,329,352,209,231,23,22,163,unreliable
Ra,Ra05,14,006:700,006,354,360,210,230,6,20,46,unreliable
Ra,Ra05,15,030a,030,364,369,210,230,5,20,46,unreliable
Ra,Ra05,16,450.003,450,371,379,210,230,8,20,53,unreliable
Ra,Ra05,17,044.607,044,383,402,209,230,19,21,137,unreliable
Ra,Ra05,18,055b,055,403,405,210,229,2,19,23,unreliable
Ra,Ra05,19,022f,022,406,408,209,230,2,21,29,unreliable
Ra,Ra05,20,055b,055,412,416,209,230,4,21,53,unreliable
Ra,Ra05,21,001.200.001,001,417,432,209,229,15,20,84,unreliable
Ra,Ra05,22,001.009,001,432,445,209,230,13,21,64,unreliable
Ra,Ra05,23,755,755,448,456,210,230,8,20,61,unreliable
Ra,Ra05,24,050,050,460,462,213,231,2,18,23,unreliable
Ra,Ra05,25,005,005,463,472,211,230,9,19,50,unreliable
Ra,Ra06,0,002?,002,9,43,256,279,34,23,152,unreliable
Ra,Ra06,1,001?,001,44,56,257,279,12,22,56,unreliable
Ra,Ra06,2,561,561,56,65,256,279,9,23,66,unreliable
Ra,Ra06,3,700,700,67,87,255,279,20,24,135,unreliable
Ra,Ra06,4,280,280,88,111,255,280,23,25,178,unreliable
Ra,Ra06,5,616,616,113,118,257,279,5,22,48,unreliable
Ra,Ra06,6,001,001,120,157,256,280,37,24,265,unreliable
Ra,Ra06,7,007,007,160,179,257,280,19,23,145,unreliable
Ra,Ra06,8,600,600,180,198,258,281,18,23,125,unreliable
Ra,Ra06,9,300,300,198,216,258,281,18,23,134,unreliable
Ra,Ra06,10,001,001,221,238,259,281,17,22,141,unreliable
Ra,Ra06,11,007,007,240,242,267,273,2,6,7,unreliable
Ra,Ra06,12,067.022f,067,242,266,258,282,24,24,153,unreliable
Ra,Ra06,13,067.022f,067,267,287,257,281,20,24,146,unreliable
Ra,Ra06,14,460,460,289,298,259,281,9,22,69,unreliable
Ra,Ra06,15,001t,001,299,322,256,281,23,25,161,unreliable
Ra,Ra06,16,630.069,630,322,337,260,280,15,20,85,unreliable
Ra,Ra06,17,700,700,338,359,258,281,21,23,154,unreliable
Ra,Ra06,18,595,595,359,365,258,281,6,23,25,unreliable
Ra,Ra06,19,005t,005,366,378,259,280,12,21,52,unreliable
Ra,Ra06,20,062.064,062,382,389,260,279,7,19,24,unreliable
Ra,Ra06,21,280,280,394,402,265,282,8,17,45,unreliable
Ra,Ra06,22,067,067,405,413,260,279,8,19,40,unreliable
Ra,Ra06,23,569?,569,417,419,264,278,2,14,14,unreliable
Ra,Ra06,24,001.009:005,001,419,425,259,281,6,22,47,unreliable
Ra,Ra06,25,040,040,428,440,259,281,12,22,53,unreliable
Ra,Ra06,26,040,040,442,448,260,283,6,23,39,unreliable
Ra,Ra06,27,600?,600,449,467,259,283,18,24,78,unreliable
Ra,Ra06,28,002,002,467,475,261,283,8,22,67,unreliable
Ra,Ra06,29,020,020,476,483,262,283,7,21,69,unreliable
Ra,Ra06,30,080?,080,485,488,265,277,3,12,17,unreliable
Ra,Ra07,0,048,048,8,52,307,332,44,25,229,reliable
Ra,Ra07,1,040,040,57,64,307,328,7,21,51,reliable
Ra,Ra07,2,005,005,67,74,307,328,7,21,49,reliable
Ra,Ra07,3,600,600,75,105,307,328,30,21,199,reliable
Ra,Ra07,4,020,020,108,116,307,328,8,21,73,reliable
Ra,Ra07,5,020,020,119,126,308,329,7,21,66,reliable
Ra,Ra07,6,080,080,127,140,308,330,13,22,94,reliable
Ra,Ra07,7,004,004,142,148,308,329,6,21,46,reliable
Ra,Ra07,8,001.009:005,001,151,167,308,330,16,22,114,reliable
Ra,Ra07,9,215,215,169,192,308,330,23,22,138,reliable
Ra,Ra07,10,007,007,195,211,308,331,16,23,97,reliable
Ra,Ra07,11,002,002,212,219,309,330,7,21,59,reliable
Ra,Ra07,12,020,020,221,228,310,330,7,20,64,reliable
Ra,Ra07,13,080,080,230,241,309,331,11,22,98,reliable
Ra,Ra07,14,004,004,244,249,310,330,5,20,44,reliable
Ra,Ra07,15,610.700f,610,251,279,307,331,28,24,193,reliable
Ra,Ra07,16,631,631,282,300,307,330,18,23,119,reliable
Ra,Ra07,17,047,047,303,344,309,330,41,21,228,reliable
Ra,Ra07,18,735.055,735,346,364,308,331,18,23,132,reliable
Ra,Ra07,19,280,280,367,378,309,330,11,21,64,reliable
Ra,Ra07,20,047,047,379,386,311,330,7,19,69,reliable
Ra,Ra07,21,053,053,389,396,310,331,7,21,65,reliable
Ra,Ra07,22,020,020,400,408,311,331,8,20,62,reliable
Ra,Ra07,23,700,700,412,419,315,329,7,14,33,reliable
Ra,Ra07,24,430,430,420,472,311,334,52,23,234,reliable
Ra,Ra08,0,002,002,7,171,357,382,164,25,849,unreliable
Ra,Ra08,1,001,001,173,181,359,378,8,19,56,unreliable
Ra,Ra08,2,001.009:005?,001,186,191,359,379,5,20,55,unreliable
Ra,Ra08,3,206?.037?,206,196,257,359,383,61,24,324,unreliable
Ra,Ra08,4,005,005,260,295,359,377,35,18,169,unreliable
Ra,Ra08,5,306?.037?,306,298,339,359,377,41,18,188,unreliable
Ra,Ra08,6,005,005,341,359,360,377,18,17,108,unreliable
Ra,Ra08,7,001,001,362,470,360,383,108,23,501,unreliable
Rb,Rb01,0,206?,206,6,243,6,34,237,28,1627,reliable
Rb,Rb01,1,007,007,245,280,6,34,35,28,249,reliable
Rb,Rb01,2,306.003,306,284,313,6,33,29,27,231,reliable
Rb,Rb01,3,028.095f,028,316,367,6,34,51,28,406,reliable
Rb,Rb01,4,642,642,368,378,8,34,10,26,77,reliable
Rb,Rb01,5,043:001?,043,380,387,8,34,7,26,68,reliable
Rb,Rb01,6,065V,065,389,428,6,30,39,24,212,reliable
Rb,Rb01,7,001,001,432,437,7,17,5,10,22,reliable
Rb,Rb01,8,506.022?,506,439,445,8,15,6,7,15,reliable
Rb,Rb02,0,410?,410,5,90,44,72,85,28,570,reliable
Rb,Rb02,1,400?,400,91,107,47,72,16,25,146,reliable
Rb,Rb02,2,001.010,001,111,132,46,72,21,26,180,reliable
Rb,Rb02,3,007,007,133,151,45,71,18,26,163,reliable
Rb,Rb02,4,700.003,700,154,167,45,71,13,26,115,reliable
Rb,Rb02,5,093f,093,169,176,46,71,7,25,83,reliable
Rb,Rb02,6,040,040,178,185,46,71,7,25,75,reliable
Rb,Rb02,7,040,040,188,257,45,72,69,27,592,reliable
Rb,Rb02,8,062.522f,062,259,281,46,72,22,26,202,reliable
Rb,Rb02,9,309.055,309,285,313,44,71,28,27,249,reliable
Rb,Rb02,10,007,007,313,335,44,71,22,27,205,reliable
Rb,Rb02,11,206s,206,336,356,45,71,20,26,186,reliable
Rb,Rb02,12,522f,522,357,377,44,70,20,26,160,reliable
Rb,Rb02,13,099,099,378,387,45,71,9,26,97,reliable
Rb,Rb02,14,073.006,073,389,395,45,71,6,26,99,reliable
Rb,Rb02,15,700,700,398,406,45,71,8,26,87,reliable
Rb,Rb02,16,001,001,406,421,44,71,15,27,147,reliable
Rb,Rb02,17,040,040,422,456,45,71,34,26,334,reliable
Rb,Rb02,18,005,005,458,467,46,69,9,23,105,reliable
Rb,Rb02,19,680,680,470,475,45,56,5,11,18,reliable
Rb,Rb02,20,050,050,475,503,44,70,28,26,137,reliable
Rb,Rb03,0,680,680,6,46,81,108,40,27,304,reliable
Rb,Rb03,1,771,771,46,81,81,108,35,27,312,reliable
Rb,Rb03,2,220.005,220,81,110,80,106,29,26,255,reliable
Rb,Rb03,3,680,680,109,180,80,107,71,27,695,reliable
Rb,Rb03,4,280,280,182,202,80,107,20,27,188,reliable
Rb,Rb03,5,001.077,001,203,217,81,108,14,27,155,reliable
Rb,Rb03,6,680,680,218,253,81,108,35,27,323,reliable
Rb,Rb03,7,254,254,253,288,81,108,35,27,274,reliable
Rb,Rb03,8,680,680,290,325,82,108,35,26,313,reliable
Rb,Rb03,9,002,002,326,334,83,108,8,25,85,reliable
Rb,Rb03,10,680,680,335,368,83,108,33,25,312,reliable
Rb,Rb03,11,002,002,370,378,83,108,8,25,87,reliable
Rb,Rb03,12,680,680,381,415,82,109,34,27,338,reliable
Rb,Rb03,13,020.010,020,418,433,82,109,15,27,180,reliable
Rb,Rb03,14,007,007,437,459,82,109,22,27,192,reliable
Rb,Rb03,15,304?,304,460,525,82,109,65,27,409,reliable
Rb,Rb04,0,060,060,5,16,120,146,11,26,66,reliable
Rb,Rb04,1,280,280,17,54,118,146,37,28,329,reliable
Rb,Rb04,2,003,003,55,64,119,145,9,26,91,reliable
Rb,Rb04,3,700f,700,66,74,119,144,8,25,80,reliable
Rb,Rb04,4,700f,700,77,85,119,144,8,25,96,reliable
Rb,Rb04,5,700f,700,87,96,119,144,9,25,99,reliable
Rb,Rb04,6,700f,700,98,205,118,146,107,28,796,reliable
Rb,Rb04,7,244.001,244,208,257,119,145,49,26,380,reliable
Rb,Rb04,8,682,682,260,291,119,145,31,26,264,reliable
Rb,Rb04,9,205s.003,205,296,309,121,144,13,23,108,reliable
Rb,Rb04,10,004.003,004,311,355,119,145,44,26,380,reliable
Rb,Rb04,11,256.075,256,358,385,119,146,27,27,243,reliable
Rb,Rb04,12,007.010,007,386,417,119,145,31,26,273,reliable
Rb,Rb04,13,600.058,600,418,431,119,145,13,26,112,reliable
Rb,Rb04,14,722,722,434,458,119,146,24,27,200,reliable
Rb,Rb04,15,170.003,170,462,471,120,144,9,24,85,reliable
Rb,Rb04,16,020,020,473,529,120,146,56,26,293,reliable
Rb,Rb05,0,049.049,049,3,41,157,184,38,27,263,reliable
Rb,Rb05,1,049.048,049,43,89,156,182,46,26,382,reliable
Rb,Rb05,2,605s,605,91,132,156,181,41,25,360,reliable
Rb,Rb05,3,200,200,134,159,156,181,25,25,221,reliable
Rb,Rb05,4,605s,605,160,170,157,181,10,24,78,reliable
Rb,Rb05,5,205s,205,173,193,156,181,20,25,180,reliable
Rb,Rb05,6,087,087,195,216,157,182,21,25,160,reliable
Rb,Rb05,7,200,200,217,239,157,181,22,24,191,reliable
Rb,Rb05,8,522f,522,241,267,157,182,26,25,204,reliable
Rb,Rb05,9,600,600,268,278,158,183,10,25,106,reliable
Rb,Rb05,10,605,605,280,322,157,183,42,26,360,reliable
Rb,Rb05,11,002,002,323,344,158,181,21,23,121,reliable
Rb,Rb05,12,254.077,254,346,384,158,184,38,26,233,reliable
Rb,Rb05,13,003.065?.003,003,384,412,157,183,28,26,248,reliable
Rb,Rb05,14,047?,047,413,426,158,181,13,23,113,reliable
Rb,Rb05,15,070,070,429,439,161,182,10,21,67,reliable
Rb,Rb05,16,074f,074,443,448,159,182,5,23,58,reliable
Rb,Rb05,17,001,001,450,458,159,182,8,23,63,reliable
Rb,Rb05,18,700?,700,462,481,157,183,19,26,170,reliable
Rb,Rb05,19,007,007,482,504,157,182,22,25,218,reliable
Rb,Rb05,20,005,005,506,519,157,182,13,25,98,reliable
Rb,Rb05,21,002,002,519,524,158,175,5,17,24,reliable
Rb,Rb05,22,700?,700,524,527,159,165,3,6,8,reliable
Rb,Rb06,0,001,001,8,13,193,220,5,27,100,reliable
Rb,Rb06,1,600,600,15,34,192,219,19,27,202,reliable
Rb,Rb06,2,091,091,37,50,193,220,13,27,96,reliable
Rb,Rb06,3,091,091,50,79,193,220,29,27,254,reliable
Rb,Rb06,4,074.001,074,82,100,192,218,18,26,149,reliable
Rb,Rb06,5,003.004.003,003,104,125,192,219,21,27,183,reliable
Rb,Rb06,6,200?,200,126,157,192,220,31,28,200,reliable
Rb,Rb06,7,001,001,161,183,193,219,22,26,172,reliable
Rb,Rb06,8,095f,095,185,200,194,219,15,25,126,reliable
Rb,Rb06,9,095f,095,203,208,194,219,5,25,59,reliable
Rb,Rb06,10,001,001,209,256,192,220,47,28,371,reliable
Rb,Rb06,11,252.003,252,258,280,193,220,22,27,183,reliable
Rb,Rb06,12,300,300,283,287,194,220,4,26,61,reliable
Rb,Rb06,13,001,001,293,318,193,221,25,28,238,reliable
Rb,Rb06,14,200.022,200,321,325,194,221,4,27,60,reliable
Rb,Rb06,15,001,001,328,333,194,220,5,26,61,reliable
Rb,Rb06,16,022,022,337,363,193,220,26,27,239,reliable
Rb,Rb06,17,600.004,600,366,394,192,221,28,29,272,reliable
Rb,Rb06,18,600.004,600,396,405,194,221,9,27,102,reliable
Rb,Rb06,19,700,700,405,436,193,221,31,28,295,reliable
Rb,Rb06,20,200.069.109b,200,438,444,194,221,6,27,85,reliable
Rb,Rb06,21,001,001,446,453,193,220,7,27,84,reliable
Rb,Rb06,22,001f,001,455,461,194,219,6,25,84,reliable
Rb,Rb06,23,004,004,462,469,194,220,7,26,81,reliable
Rb,Rb06,24,004,004,469,486,193,220,17,27,172,reliable
Rb,Rb06,25,005,005,487,495,193,220,8,27,97,reliable
Rb,Rb06,26,065V,065,495,512,193,221,17,28,179,reliable
Rb,Rb06,27,007,007,514,534,194,221,20,27,209,reliable
Rb,Rb06,28,067.010f,067,534,551,193,220,17,27,170,reliable
Rb,Rb06,29,280,280,551,556,194,221,5,27,29,reliable
Rb,Rb07,0,050,050,3,26,229,255,23,26,154,reliable
Rb,Rb07,1,089a,089,28,39,229,254,11,25,96,reliable
Rb,Rb07,2,600,600,39,58,229,255,19,26,185,reliable
Rb,Rb07,3,045,045,60,66,230,254,6,24,71,reliable
Rb,Rb07,4,005,005,67,94,229,255,27,26,195,reliable
Rb,Rb07,5,024?,024,94,104,234,254,10,20,87,reliable
Rb,Rb07,6,001,001,106,112,230,254,6,24,82,reliable
Rb,Rb07,7,200.070,200,114,144,228,254,30,26,296,reliable
Rb,Rb07,8,001f,001,146,153,229,255,7,26,86,reliable
Rb,Rb07,9,001,001,155,160,230,255,5,25,85,reliable
Rb,Rb07,10,116.003,116,162,181,230,255,19,25,157,reliable
Rb,Rb07,11,002.010,002,183,198,229,254,15,25,142,reliable
Rb,Rb07,12,700.010,700,200,218,230,255,18,25,174,reliable
Rb,Rb07,13,205s,205,219,241,229,255,22,26,220,reliable
Rb,Rb07,14,001,001,243,248,230,255,5,25,68,reliable
Rb,Rb07,15,254,254,249,285,229,255,36,26,290,reliable
Rb,Rb07,16,082a,082,285,300,229,254,15,25,118,reliable
Rb,Rb07,17,244.002,244,300,342,228,255,42,27,365,reliable
Rb,Rb07,18,575,575,343,366,228,254,23,26,177,reliable
Rb,Rb07,19,004,004,366,373,229,254,7,25,74,reliable
Rb,Rb07,20,575,575,374,397,228,254,23,26,200,reliable
Rb,Rb07,21,583,583,397,423,227,253,26,26,206,reliable
Rb,Rb07,22,082a,082,424,438,227,253,14,26,123,reliable
Rb,Rb07,23,606.074f,606,440,478,227,254,38,27,330,reliable
Rb,Rb07,24,004,004,480,486,228,253,6,25,80,reliable
Rb,Rb07,25,771,771,487,507,228,253,20,25,172,reliable
Rb,Rb07,26,004,004,508,515,229,253,7,24,82,reliable
Rb,Rb08,0,002,002,6,17,267,293,11,26,124,reliable
Rb,Rb08,1,680,680,19,53,267,292,34,25,343,reliable
Rb,Rb08,2,762,762,55,85,266,292,30,26,238,reliable
Rb,Rb08,3,680,680,86,123,266,292,37,26,342,reliable
Rb,Rb08,4,127,127,124,138,267,293,14,26,125,reliable
Rb,Rb08,5,762,762,139,147,266,292,8,26,31,reliable
Rb,Rb08,6,127.762,127,147,216,266,292,69,26,534,reliable
Rb,Rb08,7,280,280,216,237,268,293,21,25,198,reliable
Rb,Rb08,8,606.075,606,239,280,267,293,41,26,312,reliable
Rb,Rb08,9,001f,001,282,289,267,293,7,26,98,reliable
Rb,Rb08,10,280,280,290,309,267,292,19,25,183,reliable
Rb,Rb08,11,606.075,606,310,348,267,292,38,25,300,reliable
Rb,Rb08,12,005,005,351,364,268,292,13,24,96,reliable
Rb,Rb08,13,730,730,365,396,267,293,31,26,240,reliable
Rb,Rb08,14,301,301,398,424,267,293,26,26,206,reliable
Rb,Rb08,15,073.006,073,426,450,267,293,24,26,168,reliable
Rb,Rb08,16,073.006,073,452,526,266,293,74,27,489,reliable
Rb,Rb09,0,25)!,25),2,523,303,331,521,28,3570,reliable
Sa,Sa01,0,739.022f,739,5,108,5,35,103,30,747,reliable
Sa,Sa01,1,062.001,062,115,133,5,34,18,29,183,reliable
Sa,Sa01,2,053,053,137,144,6,33,7,27,72,reliable
Sa,Sa01,3,015.063.003,015,144,147,6,33,3,27,39,reliable
Sa,Sa01,4,046,046,153,156,6,33,3,27,36,reliable
Sa,Sa01,5,110,110,157,159,6,32,2,26,34,reliable
Sa,Sa01,6,002,002,160,180,5,33,20,28,166,reliable
Sa,Sa01,7,060,060,186,195,5,33,9,28,108,reliable
Sa,Sa01,8,001V,001,200,210,5,32,10,27,116,reliable
Sa,Sa01,9,280,280,216,225,5,32,9,27,106,reliable
Sa,Sa01,10,306.003,306,230,238,5,32,8,27,84,reliable
Sa,Sa01,11,004.064,004,244,251,5,31,7,26,83,reliable
Sa,Sa01,12,745.001,745,255,275,5,32,20,27,191,reliable
Sa,Sa01,13,067,067,281,312,6,33,31,27,247,reliable
Sa,Sa01,14,022f,022,315,333,6,34,18,28,182,reliable
Sa,Sa01,15,067.490,067,336,361,6,34,25,28,257,reliable
Sa,Sa01,16,001t,001,365,386,5,33,21,28,183,reliable
Sa,Sa01,17,254,254,391,459,4,33,68,29,538,reliable
Sa,Sa01,18,002,002,465,474,4,31,9,27,106,reliable
Sa,Sa01,19,069,069,479,488,4,28,9,24,76,reliable
Sa,Sa01,20,282s?,282,492,522,4,31,30,27,217,reliable
Sa,Sa01,21,079,079,525,536,5,32,11,27,94,reliable
Sa,Sa01,22,062.001,062,540,555,5,33,15,28,164,reliable
Sa,Sa01,23,631,631,559,577,6,34,18,28,184,reliable
Sa,Sa01,24,607,607,581,611,7,34,30,27,276,reliable
Sa,Sa01,25,089a,089,616,630,7,33,14,26,121,reliable
Sa,Sa01,26,096,096,631,647,7,31,16,24,127,reliable
Sa,Sa01,27,205,205,649,675,6,33,26,27,258,reliable
Sa,Sa01,28,067,067,680,693,6,31,13,25,94,reliable
Sa,Sa01,29,002,002,700,709,6,32,9,26,112,reliable
Sa,Sa01,30,079,079,714,725,5,32,11,27,106,reliable
Sa,Sa01,31,079,079,728,739,5,32,11,27,119,reliable
Sa,Sa01,32,301,301,742,768,5,29,26,24,186,reliable
Sa,Sa01,33,300?,300,769,788,4,25,19,21,119,reliable
Sa,Sa02,0,600,600,10,15,46,69,5,23,30,reliable
Sa,Sa02,1,700.678,700,18,38,44,70,20,26,194,reliable
Sa,Sa02,2,020f,020,42,68,44,71,26,27,214,reliable
Sa,Sa02,3,056.003,056,72,84,43,70,12,27,131,reliable
Sa,Sa02,4,209.260.001,209,89,112,44,70,23,26,186,reliable
Sa,Sa02,5,260.001.010,260,114,176,43,71,62,28,543,reliable
Sa,Sa02,6,001.260,001,179,218,42,70,39,28,344,reliable
Sa,Sa02,7,306s,306,222,253,42,70,31,28,278,reliable
Sa,Sa02,8,226s,226,257,286,42,69,29,27,248,reliable
Sa,Sa02,9,005,005,288,320,44,71,32,27,269,reliable
Sa,Sa02,10,260,260,321,361,44,71,40,27,297,reliable
Sa,Sa02,11,001t?,001,365,393,44,71,28,27,227,reliable
Sa,Sa02,12,204s,204,396,402,43,71,6,28,72,reliable
Sa,Sa02,13,001.246.069,001,404,447,43,71,43,28,355,reliable
Sa,Sa02,14,022f.243,022,453,495,42,70,42,28,360,reliable
Sa,Sa02,15,027.006,027,499,528,42,69,29,27,225,reliable
Sa,Sa02,16,077.034,077,528,551,43,70,23,27,219,reliable
Sa,Sa02,17,522f,522,557,578,44,70,21,26,208,reliable
Sa,Sa02,18,011,011,584,589,44,71,5,27,83,reliable
Sa,Sa02,19,410,410,594,666,43,71,72,28,604,reliable
Sa,Sa02,20,601s,601,668,679,44,70,11,26,88,reliable
Sa,Sa02,21,062.000!,062,679,697,42,69,18,27,109,reliable
Sa,Sa02,22,001?.062?,001,697,702,44,68,5,24,42,reliable
Sa,Sa02,23,006,006,704,715,43,69,11,26,60,reliable
Sa,Sa02,24,001,001,718,729,43,68,11,25,84,reliable
Sa,Sa02,25,459,459,732,739,44,69,7,25,90,reliable
Sa,Sa02,26,003,003,745,766,43,70,21,27,117,reliable
Sa,Sa02,27,306.003,306,766,789,42,69,23,27,138,reliable
Sa,Sa02,28,280,280,791,795,48,69,4,21,42,reliable
Sa,Sa02,29,200,200,800,832,43,69,32,26,254,reliable
Sa,Sa03,0,306?,306,5,36,81,108,31,27,208,reliable
Sa,Sa03,1,001.520fy,001,37,67,81,108,30,27,217,reliable
Sa,Sa03,2,004.064,004,68,84,81,106,16,25,163,reliable
Sa,Sa03,3,001.520f,001,89,119,80,107,30,27,267,reliable
Sa,Sa03,4,004.064,004,121,138,80,106,17,26,149,reliable
Sa,Sa03,5,090,090,142,188,79,108,46,29,324,reliable
Sa,Sa03,6,670,670,218,266,80,107,48,27,313,reliable
Sa,Sa03,7,200.059f,200,270,304,82,108,34,26,334,reliable
Sa,Sa03,8,004.064,004,308,327,82,108,19,26,156,reliable
Sa,Sa03,9,745.001,745,328,352,82,108,24,26,240,reliable
Sa,Sa03,10,306s,306,356,386,82,107,30,25,239,reliable
Sa,Sa03,11,400,400,386,406,81,107,20,26,179,reliable
Sa,Sa03,12,522fy,522,409,430,80,106,21,26,185,reliable
Sa,Sa03,13,016,016,434,440,80,105,6,25,55,reliable
Sa,Sa03,14,070,070,445,459,80,105,14,25,126,reliable
Sa,Sa03,15,046,046,464,474,80,106,10,26,95,reliable
Sa,Sa03,16,522f,522,476,495,79,105,19,26,156,reliable
Sa,Sa03,17,002,002,500,508,80,105,8,25,68,reliable
Sa,Sa03,18,386.003,386,513,539,80,105,26,25,178,reliable
Sa,Sa03,19,002.003,002,542,559,80,108,17,28,179,reliable
Sa,Sa03,20,141,141,562,574,81,108,12,27,119,reliable
Sa,Sa03,21,093f,093,577,595,79,108,18,29,147,reliable
Sa,Sa03,22,001,001,599,605,79,108,6,29,88,reliable
Sa,Sa03,23,001.010,001,610,625,79,108,15,29,169,reliable
Sa,Sa03,24,380.001,380,631,655,79,108,24,29,242,reliable
Sa,Sa03,25,555,555,660,693,79,108,33,29,355,reliable
Sa,Sa03,26,091,091,697,709,79,108,12,29,109,reliable
Sa,Sa03,27,008,008,712,729,80,106,17,26,177,reliable
Sa,Sa03,28,053,053,731,742,79,106,11,27,128,reliable
Sa,Sa03,29,007,007,744,759,80,106,15,26,151,reliable
Sa,Sa03,30,380.001,380,763,786,79,107,23,28,237,reliable
Sa,Sa03,31,600,600,790,812,79,106,22,27,209,reliable
Sa,Sa03,32,062.009,062,818,841,79,106,23,27,220,reliable
Sa,Sa03,33,232s,232,841,872,79,107,31,28,278,reliable
Sa,Sa03,34,600,600,872,894,79,106,22,27,221,reliable
Sa,Sa03,35,380.001,380,900,922,79,106,22,27,257,reliable
Sa,Sa04,0,067,067,6,18,123,148,12,25,90,reliable
Sa,Sa04,1,022f,022,21,29,122,149,8,27,87,reliable
Sa,Sa04,2,046,046,34,43,122,150,9,28,109,reliable
Sa,Sa04,3,522f,522,45,67,122,149,22,27,197,reliable
Sa,Sa04,4,046,046,71,81,122,150,10,28,118,reliable
Sa,Sa04,5,022f,022,87,94,122,149,7,27,82,reliable
Sa,Sa04,6,046,046,99,145,122,150,46,28,417,reliable
Sa,Sa04,7,246,246,149,168,121,148,19,27,185,reliable
Sa,Sa04,8,001.086,001,171,191,121,148,20,27,199,reliable
Sa,Sa04,9,280,280,195,201,122,148,6,26,70,reliable
Sa,Sa04,10,001,001,205,211,122,149,6,27,82,reliable
Sa,Sa04,11,001,001,215,253,121,148,38,27,350,reliable
Sa,Sa04,12,001.260.001,001,255,284,121,149,29,28,251,reliable
Sa,Sa04,13,206s,206,285,345,121,148,60,27,546,reliable
Sa,Sa04,14,206s,206,347,382,121,148,35,27,275,reliable
Sa,Sa04,15,260.001,260,383,403,120,147,20,27,180,reliable
Sa,Sa04,16,430,430,408,414,120,147,6,27,65,reliable
Sa,Sa04,17,522f,522,418,431,120,147,13,27,128,reliable
Sa,Sa04,18,590,590,436,442,120,147,6,27,55,reliable
Sa,Sa04,19,017,017,448,453,120,147,5,27,59,reliable
Sa,Sa04,20,070,070,456,493,118,146,37,28,370,reliable
Sa,Sa04,21,017,017,497,506,118,145,9,27,84,reliable
Sa,Sa04,22,001,001,508,528,117,145,20,28,156,reliable
Sa,Sa04,23,510,510,530,548,118,144,18,26,156,reliable
Sa,Sa04,24,039,039,554,576,118,145,22,27,224,reliable
Sa,Sa04,25,040,040,580,600,119,144,20,25,173,reliable
Sa,Sa04,26,670,670,604,621,118,145,17,27,145,reliable
Sa,Sa04,27,002.063,002,622,650,116,144,28,28,225,reliable
Sa,Sa04,28,062.001.062,062,654,656,117,142,2,25,30,reliable
Sa,Sa04,29,100.062,100,658,660,118,141,2,23,29,reliable
Sa,Sa04,30,016.062x,016,662,697,117,146,35,29,241,reliable
Sa,Sa04,31,202s,202,733,781,117,145,48,28,362,reliable
Sa,Sa04,32,001,001,785,801,115,143,16,28,155,reliable
Sa,Sa04,33,059f,059,805,825,115,143,20,28,202,reliable
Sa,Sa04,34,035.059f.055b,035,832,856,117,143,24,26,248,reliable
Sa,Sa04,35,035,035,857,876,115,143,19,28,182,reliable
Sa,Sa04,36,460,460,878,920,116,143,42,27,343,reliable
Sa,Sa04,37,010.055b,010,924,938,116,143,14,27,129,reliable
Sa,Sa04,38,059f,059,943,965,115,143,22,28,177,reliable
Sa,Sa04,39,035,035,967,1002,115,143,35,28,222,reliable
Sa,Sa05,0,203?,203,6,58,160,187,52,27,332,unreliable
Sa,Sa05,1,520f,520,61,100,159,187,39,28,251,unreliable
Sa,Sa05,2,057,057,102,112,162,187,10,25,96,unreliable
Sa,Sa05,3,057,057,116,145,159,187,29,28,275,unreliable
Sa,Sa05,4,053,053,150,169,160,186,19,26,142,unreliable
Sa,Sa05,5,510.055b,510,173,181,160,186,8,26,81,unreliable
Sa,Sa05,6,591,591,185,195,159,187,10,28,104,unreliable
Sa,Sa05,7,055b,055,201,213,159,186,12,27,96,unreliable
Sa,Sa05,8,739,739,218,248,158,186,30,28,243,unreliable
Sa,Sa05,9,068,068,252,266,158,186,14,28,110,unreliable
Sa,Sa05,10,607,607,269,295,158,185,26,27,223,unreliable
Sa,Sa05,11,068,068,299,312,159,184,13,25,109,unreliable
Sa,Sa05,12,607,607,315,349,158,186,34,28,289,unreliable
Sa,Sa05,13,068,068,350,385,156,184,35,28,206,unreliable
Sa,Sa05,14,354,354,417,447,155,183,30,28,162,unreliable
Sa,Sa05,15,007,007,450,465,157,185,15,28,125,unreliable
Sa,Sa05,16,200,200,467,503,155,181,36,26,178,unreliable
Sa,Sa05,17,280,280,511,528,157,183,17,26,99,unreliable
Sa,Sa05,18,002,002,533,544,156,184,11,28,93,unreliable
Sa,Sa05,19,004,004,547,554,157,183,7,26,58,unreliable
Sa,Sa05,20,280,280,556,574,157,183,18,26,167,unreliable
Sa,Sa05,21,002,002,577,585,158,185,8,27,100,unreliable
Sa,Sa05,22,280,280,588,609,157,184,21,27,177,unreliable
Sa,Sa05,23,030a,030,610,628,158,183,18,25,109,unreliable
Sa,Sa05,24,060,060,631,639,158,184,8,26,67,unreliable
Sa,Sa05,25,755,755,643,660,157,183,17,26,143,unreliable
Sa,Sa05,26,022,022,664,669,158,183,5,25,56,unreliable
Sa,Sa05,27,600,600,671,691,157,184,20,27,187,unreliable
Sa,Sa05,28,159,159,698,710,157,183,12,26,131,unreliable
Sa,Sa05,29,060,060,714,722,156,183,8,27,78,unreliable
Sa,Sa05,30,576s.003,576,726,760,157,184,34,27,254,unreliable
Sa,Sa05,31,306s.003,306,764,797,156,184,33,28,243,unreliable
Sa,Sa05,32,001,001,803,808,157,184,5,27,77,unreliable
Sa,Sa05,33,089a,089,811,823,157,184,12,27,91,unreliable
Sa,Sa05,34,005,005,827,839,157,183,12,26,89,unreliable
Sa,Sa05,35,001,001,842,847,156,184,5,28,53,unreliable
Sa,Sa05,36,190a.055b,190,853,888,157,185,35,28,281,unreliable
Sa,Sa05,37,022f,022,892,900,158,184,8,26,74,unreliable
Sa,Sa05,38,055b,055,903,910,159,185,7,26,76,unreliable
Sa,Sa05,39,045.009.037,045,913,920,158,183,7,25,60,unreliable
Sa,Sa05,40,540.001,540,923,930,159,184,7,25,72,unreliable
Sa,Sa05,41,739,739,935,960,157,184,25,27,196,unreliable
Sa,Sa05,42,522f,522,963,988,156,183,25,27,157,unreliable
Sa,Sa05,43,301.009,301,990,1004,156,181,14,25,101,unreliable
Sa,Sa05,44,260.001,260,1005,1021,155,182,16,27,145,unreliable
Sa,Sa05,45,200,200,1025,1092,155,183,67,28,531,unreliable
Sa,Sa06,0,607,607,8,20,196,222,12,26,86,unreliable
Sa,Sa06,1,045.009.037,045,25,52,195,222,27,27,237,unreliable
Sa,Sa06,2,010.001f,010,57,84,195,222,27,27,243,unreliable
Sa,Sa06,3,522f,522,89,106,195,222,17,27,176,unreliable
Sa,Sa06,4,306s.003,306,109,129,194,221,20,27,183,unreliable
Sa,Sa06,5,522f.003,522,132,164,194,222,32,28,270,unreliable
Sa,Sa06,6,022f.003,022,167,193,193,221,26,28,208,unreliable
Sa,Sa06,7,006.074f.003,006,198,212,195,220,14,25,99,unreliable
Sa,Sa06,8,145.003,145,215,242,194,221,27,27,201,unreliable
Sa,Sa06,9,102,102,246,265,193,220,19,27,146,unreliable
Sa,Sa06,10,053,053,268,277,195,218,9,23,67,unreliable
Sa,Sa06,11,005,005,280,310,194,220,30,26,230,unreliable
Sa,Sa06,12,073.064,073,313,329,194,221,16,27,126,unreliable
Sa,Sa06,13,027,027,331,345,194,221,14,27,134,unreliable
Sa,Sa06,14,015,015,348,355,194,220,7,26,75,unreliable
Sa,Sa06,15,097,097,357,371,193,220,14,27,119,unreliable
Sa,Sa06,16,110,110,375,387,193,220,12,27,100,unreliable
Sa,Sa06,17,380.001,380,391,413,192,220,22,28,200,unreliable
Sa,Sa06,18,006,006,416,427,193,220,11,27,88,unreliable
Sa,Sa06,19,005,005,430,440,193,219,10,26,81,unreliable
Sa,Sa06,20,050V,050,442,480,191,219,38,28,286,unreliable
Sa,Sa06,21,432.002,432,483,497,191,219,14,28,122,unreliable
Sa,Sa06,22,070,070,500,523,190,218,23,28,124,unreliable
Sa,Sa06,23,575,575,528,540,194,217,12,23,64,unreliable
Sa,Sa06,24,006.074?,006,543,566,191,221,23,30,222,unreliable
Sa,Sa06,25,745.001,745,569,597,193,221,28,28,284,unreliable
Sa,Sa06,26,002,002,600,617,196,221,17,25,105,unreliable
Sa,Sa06,27,034,034,621,627,193,219,6,26,49,unreliable
Sa,Sa06,28,102.003,102,630,663,192,221,33,29,199,unreliable
Sa,Sa06,29,141,141,695,771,191,220,76,29,426,unreliable
Sa,Sa06,30,286s,286,775,795,190,218,20,28,123,unreliable
Sa,Sa06,31,002,002,799,815,191,219,16,28,128,unreliable
Sa,Sa06,32,282s,282,817,849,191,219,32,28,265,unreliable
Sa,Sa06,33,001.063,001,854,864,193,221,10,28,96,unreliable
Sa,Sa06,34,001.600.077.077,001,867,913,193,221,46,28,420,unreliable
Sa,Sa06,35,522f,522,915,960,191,221,45,30,359,unreliable
Sa,Sa06,36,022f,022,964,983,191,221,19,30,145,unreliable
Sa,Sa06,37,059f,059,986,994,194,221,8,27,58,unreliable
Sa,Sa06,38,631,631,997,1013,192,220,16,28,144,unreliable
Sa,Sa06,39,204,204,1016,1080,190,220,64,30,546,unreliable
Sa,Sa06,40,600,600,1081,1090,190,217,9,27,55,unreliable
Sa,Sa07,0,493?,493,4,161,230,258,157,28,1043,unreliable
Sa,Sa07,1,660.000!,660,164,174,232,255,10,23,81,unreliable
Sa,Sa07,2,102,102,177,211,230,258,34,28,263,unreliable
Sa,Sa07,3,660,660,214,233,233,258,19,25,173,unreliable
Sa,Sa07,4,050.010,050,235,245,232,257,10,25,104,unreliable
Sa,Sa07,5,053,053,250,257,233,255,7,22,51,unreliable
Sa,Sa07,6,102,102,260,279,229,258,19,29,123,unreliable
Sa,Sa07,7,099?,099,282,310,229,258,28,29,215,unreliable
Sa,Sa07,8,660,660,313,335,229,257,22,28,122,unreliable
Sa,Sa07,9,380?,380,337,407,229,257,70,28,338,unreliable
Sa,Sa07,10,305s,305,439,461,228,255,22,27,101,unreliable
Sa,Sa07,11,053,053,466,472,238,253,6,15,25,unreliable
Sa,Sa07,12,400.052,400,475,500,230,256,25,26,153,unreliable
Sa,Sa07,13,305,305,504,512,230,255,8,25,42,unreliable
Sa,Sa07,14,053,053,515,541,228,255,26,27,130,unreliable
Sa,Sa07,15,045.009.037,045,543,565,228,256,22,28,160,unreliable
Sa,Sa07,16,010.001,010,570,581,231,256,11,25,93,unreliable
Sa,Sa07,17,739,739,584,613,229,257,29,28,215,unreliable
Sa,Sa07,18,522f,522,617,630,229,256,13,27,111,unreliable
Sa,Sa07,19,002,002,632,650,229,256,18,27,117,unreliable
Sa,Sa07,20,660.021t,660,653,671,228,256,18,28,161,unreliable
Sa,Sa07,21,069.003,069,678,686,229,256,8,27,93,unreliable
Sa,Sa07,22,047,047,689,735,228,256,46,28,335,unreliable
Sa,Sa07,23,002,002,739,753,228,256,14,28,93,unreliable
Sa,Sa07,24,046,046,758,765,228,255,7,27,73,unreliable
Sa,Sa07,25,073.006,073,770,779,228,255,9,27,81,unreliable
Sa,Sa07,26,007,007,781,799,229,256,18,27,124,unreliable
Sa,Sa07,27,600,600,801,814,228,255,13,27,104,unreliable
Sa,Sa07,28,099,099,818,837,228,255,19,27,140,unreliable
Sa,Sa07,29,050,050,841,859,229,256,18,27,136,unreliable
Sa,Sa07,30,001.009,001,865,873,232,256,8,24,71,unreliable
Sa,Sa07,31,755,755,876,913,229,256,37,27,283,unreliable
Sa,Sa07,32,050,050,917,925,230,256,8,26,103,unreliable
Sa,Sa07,33,356.356,356,927,995,227,255,68,28,493,unreliable
Sa,Sa07,34,045?,045,999,1005,227,254,6,27,46,unreliable
Sa,Sa07,35,159,159,1010,1022,227,254,12,27,104,unreliable
Sa,Sa07,36,432,432,1023,1039,227,253,16,26,125,unreliable
Sa,Sa08,0,028?,028,5,167,271,297,162,26,823,unreliable
Sa,Sa08,1,670?,670,167,186,272,297,19,25,102,unreliable
Sa,Sa08,2,028?,028,186,291,269,297,105,28,576,unreliable
Sa,Sa08,3,006,006,293,312,271,294,19,23,114,unreliable
Sa,Sa08,4,028?,028,314,332,271,294,18,23,84,unreliable
Sa,Sa08,5,006,006,334,359,271,294,25,23,129,unreliable
Sa,Sa08,6,301?,301,361,379,270,294,18,24,106,unreliable
Sa,Sa08,7,059f?,059,380,398,270,294,18,24,69,unreliable
Sa,Sa08,8,019,019,399,412,273,294,13,21,53,unreliable
Sa,Sa08,9,019.061.052x,019,412,430,269,294,18,25,74,unreliable
Sa,Sa08,10,200,200,432,444,269,294,12,25,52,unreliable
Sa,Sa08,11,600V,600,445,451,269,294,6,25,23,unreliable
Sa,Sa08,12,095f?,095,451,458,273,294,7,21,30,unreliable
Sa,Sa08,13,200,200,459,467,269,294,8,25,27,unreliable
Sa,Sa08,14,002,002,467,468,276,280,1,4,4,unreliable
Sa,Sa08,15,006,006,468,548,268,293,80,25,412,unreliable
Ta,Ta01,0,20)!,20),16,919,9,63,903,54,5458,reliable
Ta,Ta02,0,382?,382,20,72,80,129,52,49,333,unreliable
Ta,Ta02,1,480,480,79,129,80,128,50,48,295,unreliable
Ta,Ta02,2,004.076,004,136,176,80,126,40,46,317,unreliable
Ta,Ta02,3,073f?,073,186,246,80,130,60,50,513,unreliable
Ta,Ta02,4,006.074,006,255,271,82,126,16,44,156,unreliable
Ta,Ta02,5,048.076,048,278,306,83,128,28,45,243,unreliable
Ta,Ta02,6,070,070,314,336,82,129,22,47,187,unreliable
Ta,Ta02,7,053,053,342,388,83,129,46,46,413,unreliable
Ta,Ta02,8,322.076,322,394,437,82,129,43,47,374,unreliable
Ta,Ta02,9,011,011,444,533,82,129,89,47,572,unreliable
Ta,Ta02,10,070?.076,070,538,565,82,130,27,48,134,unreliable
Ta,Ta02,11,126.076,126,579,611,84,127,32,43,229,unreliable
Ta,Ta02,12,305,305,617,917,82,131,300,49,1829,unreliable
Ta,Ta03,0,380.070,380,19,83,150,200,64,50,396,unreliable
Ta,Ta03,1,739,739,90,135,150,198,45,48,447,unreliable
Ta,Ta03,2,126?,126,141,164,151,199,23,48,218,unreliable
Ta,Ta03,3,009,009,175,205,152,199,30,47,194,unreliable
Ta,Ta03,4,405.076,405,212,285,151,201,73,50,571,unreliable
Ta,Ta03,5,530,530,292,323,152,199,31,47,285,unreliable
Ta,Ta03,6,069,069,330,430,154,200,100,46,653,unreliable
Ta,Ta03,7,050,050,435,475,154,201,40,47,326,unreliable
Ta,Ta03,8,305s,305,483,508,154,201,25,47,174,unreliable
Ta,Ta03,9,069.076,069,516,554,154,202,38,48,296,unreliable
Ta,Ta03,10,542,542,561,587,155,202,26,47,207,unreliable
Ta,Ta03,11,001V.076?,001,593,615,157,200,22,43,149,unreliable
Ta,Ta03,12,055,055,621,662,156,201,41,45,298,unreliable
Ta,Ta03,13,700,700,669,683,156,201,14,45,144,unreliable
Ta,Ta03,14,055,055,690,916,153,202,226,49,1262,unreliable
Ta,Ta04,0,530.722,530,18,242,224,273,224,49,1268,unreliable
Ta,Ta04,1,420.076,420,250,283,226,272,33,46,272,unreliable
Ta,Ta04,2,010?.044,010,292,308,227,270,16,43,137,unreliable
Ta,Ta04,3,076,076,315,348,226,271,33,45,204,unreliable
Ta,Ta04,4,055,055,354,378,227,272,24,45,207,unreliable
Ta,Ta04,5,076.069,076,389,400,228,272,11,44,106,unreliable
Ta,Ta04,6,049f.076,049,404,406,229,249,2,20,21,unreliable
Ta,Ta04,7,405.300.076,405,412,424,228,272,12,44,118,unreliable
Ta,Ta04,8,430,430,428,459,226,272,31,46,225,unreliable
Ta,Ta04,9,005.077,005,465,489,226,272,24,46,195,unreliable
Ta,Ta04,10,430.076,430,496,579,225,275,83,50,613,unreliable
Ta,Ta04,11,055,055,584,597,227,273,13,46,147,unreliable
Ta,Ta04,12,385,385,602,638,227,273,36,46,270,unreliable
Ta,Ta04,13,076,076,644,656,229,271,12,42,118,unreliable
Ta,Ta04,14,386,386,663,707,227,270,44,43,292,unreliable
Ta,Ta04,15,670.076?,670,714,848,227,272,134,45,881,unreliable
Ta,Ta04,16,320.076,320,851,916,227,275,65,48,339,unreliable
Ta,Ta05,0,095?,095,18,108,297,347,90,50,497,unreliable
Ta,Ta05,1,209.076,209,115,168,297,346,53,49,306,unreliable
Ta,Ta05,2,027,027,174,197,299,343,23,44,177,unreliable
Ta,Ta05,3,430,430,197,199,303,327,2,24,27,unreliable
Ta,Ta05,4,070,070,203,222,297,344,19,47,164,unreliable
Ta,Ta05,5,090,090,227,254,297,343,27,46,260,unreliable
Ta,Ta05,6,090,090,263,276,298,341,13,43,111,unreliable
Ta,Ta05,7,090.076,090,284,296,299,341,12,42,105,unreliable
Ta,Ta05,8,010.002,010,305,339,299,341,34,42,244,unreliable
Ta,Ta05,9,088,088,345,371,299,339,26,40,210,unreliable
Ta,Ta05,10,005,005,378,397,298,343,19,45,125,unreliable
Ta,Ta05,11,005,005,404,424,300,343,20,43,148,unreliable
Ta,Ta05,12,076,076,427,466,300,344,39,44,257,unreliable
Ta,Ta05,13,291,291,473,505,299,344,32,45,248,unreliable
Ta,Ta05,14,039,039,511,548,301,342,37,41,249,unreliable
Ta,Ta05,15,200,200,554,915,299,349,361,50,1912,unreliable
Ta,Ta06,0,600V.076,600,17,157,368,420,140,52,717,unreliable
Ta,Ta06,1,533,533,160,240,367,420,80,53,623,unreliable
Ta,Ta06,2,325,325,242,283,368,418,41,50,309,unreliable
Ta,Ta06,3,053,053,287,314,371,419,27,48,207,unreliable
Ta,Ta06,4,010.020,010,322,354,370,418,32,48,304,unreliable
Ta,Ta06,5,730,730,360,389,371,420,29,49,222,unreliable
Ta,Ta06,6,700,700,394,409,370,418,15,48,160,unreliable
Ta,Ta06,7,470b,470,418,456,371,419,38,48,228,unreliable
Ta,Ta06,8,002,002,460,476,371,419,16,48,165,unreliable
Ta,Ta06,9,535.076,535,479,522,371,421,43,50,319,unreliable
Ta,Ta06,10,430,430,525,552,371,420,27,49,199,unreliable
Ta,Ta06,11,700,700,557,573,371,420,16,49,159,unreliable
Ta,Ta06,12,022.076,022,579,609,371,421,30,50,220,unreliable
Ta,Ta06,13,126,126,614,639,374,421,25,47,158,unreliable
Ta,Ta06,14,070,070,646,671,372,420,25,48,144,unreliable
Ta,Ta06,15,200?,200,673,914,372,421,241,49,1144,unreliable
Ta,Ta07,0,027.076,027,16,368,440,490,352,50,1749,unreliable
Ta,Ta07,1,664,664,374,427,444,491,53,47,344,unreliable
Ta,Ta07,2,076,076,434,490,446,490,56,44,316,unreliable
Ta,Ta07,3,090.076,090,497,523,446,487,26,41,142,unreliable
Ta,Ta07,4,126,126,536,914,441,491,378,50,1796,unreliable
Ta,Ta08,0,002,002,15,85,512,561,70,49,488,unreliable
Ta,Ta08,1,430.076,430,93,130,512,559,37,47,269,unreliable
Ta,Ta08,2,530,530,135,171,513,562,36,49,285,unreliable
Ta,Ta08,3,020,020,178,193,514,560,15,46,159,unreliable
Ta,Ta08,4,023.076,023,201,232,516,561,31,45,235,unreliable
Ta,Ta08,5,530,530,236,275,513,563,39,50,307,unreliable
Ta,Ta08,6,079,079,279,333,515,563,54,48,309,unreliable
Ta,Ta08,7,023,023,336,480,514,563,144,49,917,unreliable
Ta,Ta08,8,070,070,489,501,522,562,12,40,101,unreliable
Ta,Ta08,9,011?,011,515,915,513,564,400,51,2295,unreliable
Ta,Ta09,0,059f,059,13,187,584,635,174,51,957,unreliable
Ta,Ta09,1,090.076,090,192,225,588,633,33,45,202,unreliable
Ta,Ta09,2,070,070,232,355,588,636,123,48,656,unreliable
Ta,Ta09,3,126?,126,360,394,589,637,34,48,216,unreliable
Ta,Ta09,4,073?.010,073,400,441,591,635,41,44,227,unreliable
Ta,Ta09,5,073f.076,073,447,461,590,633,14,43,133,unreliable
Ta,Ta09,6,002,002,468,526,588,636,58,48,346,unreliable
Ta,Ta09,7,381,381,529,915,586,637,386,51,2093,unreliable
Ta,Ta10,0,160?,160,14,65,655,703,51,48,328,unreliable
Ta,Ta10,1,385,385,73,111,655,700,38,45,304,unreliable
Ta,Ta10,2,006,006,119,177,655,703,58,48,483,unreliable
Ta,Ta10,3,600,600,183,217,655,703,34,48,331,unreliable
Ta,Ta10,4,011.076,011,225,242,657,703,17,46,184,unreliable
Ta,Ta10,5,053,053,249,263,656,702,14,46,164,unreliable
Ta,Ta10,6,050,050,273,301,658,702,28,44,164,unreliable
Ta,Ta10,7,059f?,059,310,914,656,706,604,50,3229,unreliable
Ta,Ta11,0,16)!,16),13,917,721,775,904,54,5462,unreliable
