side,line,position,head,height,width,stroke_px,stroke_ratio,density
Br,Br01,0,595,77,75,2.12,0.0276,0.245
Br,Br01,1,001,91,23,2.13,0.0234,0.215
Br,Br01,2,050,100,122,2.13,0.0213,0.255
Br,Br01,3,004,93,29,2.05,0.0221,0.234
Br,Br01,4,002,99,34,2.06,0.0208,0.305
Br,Br01,5,595,103,100,2.17,0.0211,0.252
Br,Br01,6,050,96,29,2.15,0.0224,0.367
Br,Br01,7,301,99,99,2.12,0.0214,0.269
Br,Br01,10,040,99,32,2.1,0.0212,0.292
Br,Br01,11,211,103,91,2.11,0.0205,0.299
Br,Br01,12,091,105,58,2.12,0.0202,0.321
Br,Br01,13,200,106,82,2.13,0.0201,0.252
Br,Br01,14,595,102,60,2.13,0.0209,0.299
Br,Br01,15,394,105,93,2.12,0.0202,0.216
Br,Br01,16,004,105,151,2.13,0.0203,0.279
Br,Br01,17,002,94,30,2.11,0.0225,0.283
Br,Br01,18,595,102,120,2.11,0.0207,0.259
Br,Br01,19,050,94,38,2.12,0.0226,0.255
Br,Br01,20,394,105,130,2.16,0.0206,0.218
Br,Br01,21,004,91,50,2.13,0.0234,0.232
Br,Br01,22,002,102,38,2.19,0.0215,0.325
Br,Br01,23,595,109,106,2.13,0.0195,0.287
Br,Br01,24,050,100,66,2.21,0.0221,0.3
Br,Br01,25,301,99,125,2.21,0.0223,0.318
Br,Br01,26,002,99,99,2.11,0.0214,0.268
Br,Br01,27,211,93,42,2.07,0.0223,0.321
Br,Br01,28,091,99,78,2.11,0.0213,0.257
Br,Br01,29,595,100,32,2.11,0.0211,0.288
Br,Br01,30,600,97,54,2.15,0.0221,0.225
Br,Br01,31,050,96,83,2.11,0.022,0.313
Br,Br01,32,381,94,57,2.1,0.0224,0.3
Br,Br01,33,004,94,77,2.13,0.0227,0.233
Br,Br01,34,002,73,12,2.08,0.0285,0.25
Br,Br01,35,306,81,12,2.06,0.0254,0.302
Br,Br01,36,325,81,9,2.09,0.0258,0.344
Br,Br01,37,430,97,72,2.16,0.0223,0.25
Br,Br01,38,053,93,32,2.09,0.0224,0.184
Br,Br01,40,017,91,25,2.09,0.023,0.181
Br,Br01,41,430,92,39,2.15,0.0234,0.232
Br,Br01,42,004,94,87,2.08,0.0221,0.249
Br,Br01,43,002,94,105,2.11,0.0224,0.28
Br,Br01,44,208,91,34,2.12,0.0233,0.212
Br,Br01,45,200,88,25,2.09,0.0238,0.2
Br,Br01,46,002,88,115,2.08,0.0236,0.235
Br,Br01,47,022,82,50,2.04,0.0249,0.247
Br,Br01,48,305,56,7,2.02,0.0361,0.24
Br,Br01,49,095,38,19,2.06,0.0543,0.391
Br,Br01,50,001,34,2,2.36,0.0695,0.426
Br,Br01,51,069,67,111,2.14,0.032,0.268
Br,Br02,3,059,97,82,2.19,0.0226,0.218
Br,Br02,4,400,100,76,2.02,0.0202,0.144
Br,Br02,6,059,32,12,2.12,0.0661,0.284
Br,Br02,7,600,94,71,2.08,0.0221,0.239
Br,Br02,8,208,100,94,2.14,0.0214,0.225
Br,Br02,9,430,103,139,2.07,0.0201,0.242
Br,Br02,10,059,102,76,2.09,0.0205,0.25
Br,Br02,11,600,96,69,2.06,0.0215,0.238
Br,Br02,12,026,100,110,2.09,0.0209,0.21
Br,Br02,17,300,103,109,2.13,0.0207,0.267
Br,Br02,18,430,97,108,2.09,0.0215,0.265
Br,Br02,19,059,100,74,2.08,0.0208,0.211
Br,Br02,20,600,96,76,2.06,0.0214,0.159
Br,Br02,23,430,100,35,2.08,0.0208,0.2
Br,Br02,24,200,99,79,2.11,0.0213,0.228
Br,Br02,25,040,99,159,2.13,0.0215,0.227
Br,Br02,26,059,94,92,2.19,0.0233,0.24
Br,Br02,27,064,99,124,2.19,0.0221,0.299
Br,Br02,28,205,97,141,2.21,0.0228,0.298
Br,Br02,31,095,96,77,2.06,0.0214,0.216
Br,Br02,32,026,96,65,2.07,0.0215,0.223
Br,Br02,34,208,99,198,2.07,0.0209,0.268
Br,Br02,35,095,97,85,2.09,0.0215,0.235
Br,Br02,36,017,93,32,2.1,0.0226,0.318
Br,Br02,37,022,85,32,2.04,0.024,0.263
Br,Br02,38,430,100,54,2.12,0.0212,0.261
Br,Br02,39,300,99,124,2.09,0.0211,0.263
Br,Br03,8,330,21,8,2.06,0.0983,0.244
Br,Br03,11,016,94,27,2.13,0.0226,0.281
Br,Br03,13,002,97,144,2.09,0.0215,0.247
Br,Br03,14,330,103,186,2.09,0.0203,0.266
Br,Br03,15,330,97,89,2.07,0.0213,0.25
Br,Br03,16,006,103,110,2.09,0.0203,0.269
Br,Br03,17,293,88,64,2.09,0.0237,0.283
Br,Br03,18,008,88,64,2.1,0.0239,0.263
Br,Br03,19,068,100,117,2.06,0.0206,0.274
Br,Br03,20,493,100,82,2.07,0.0207,0.256
Br,Br03,21,755,103,108,2.14,0.0207,0.246
Br,Br03,22,381,103,97,2.12,0.0205,0.231
Br,Br03,25,043,100,112,2.11,0.0211,0.271
Br,Br03,26,384,91,33,2.16,0.0237,0.294
Br,Br03,30,384,90,37,2.05,0.0228,0.238
Br,Br03,32,745,102,47,2.08,0.0204,0.221
Br,Br03,33,569,100,104,2.07,0.0207,0.2
Br,Br03,34,745,97,33,2.13,0.0219,0.222
Br,Br03,35,001,102,91,2.1,0.0206,0.25
Br,Br03,36,745,97,35,2.14,0.022,0.316
Br,Br03,37,016,97,75,2.05,0.0212,0.232
Br,Br03,38,745,25,27,2.03,0.0813,0.258
Br,Br03,39,002,94,35,2.07,0.022,0.287
Br,Br05,15,009,102,93,2.11,0.0207,0.185
Br,Br05,16,066,105,159,2.19,0.0208,0.256
Br,Br05,17,730,100,91,2.19,0.0219,0.276
Br,Br05,22,275,108,78,2.07,0.0191,0.224
Br,Br05,23,331,102,58,2.04,0.02,0.213
Br,Br05,25,730,102,57,2.1,0.0206,0.221
Br,Br05,28,063,105,79,2.08,0.0198,0.23
Br,Br05,29,730,106,153,2.15,0.0202,0.27
Br,Br05,30,133,93,106,2.22,0.0238,0.307
Br,Br05,31,773,101,48,2.06,0.0204,0.229
Br,Br05,32,063,102,81,2.12,0.0207,0.246
Br,Br05,33,730,102,132,2.13,0.0209,0.294
Br,Br05,34,067,94,49,2.06,0.0219,0.255
Br,Br05,35,063,91,11,2.27,0.025,0.23
Br,Br05,36,006,82,11,2.04,0.0248,0.336
Br,Br05,37,028,102,107,2.09,0.0205,0.318
Br,Br05,38,028,36,20,2.07,0.0574,0.385
Br,Br05,39,001,94,100,2.08,0.0221,0.327
Br,Br05,40,205,99,139,2.07,0.0209,0.305
Br,Br05,41,461,94,51,2.04,0.0217,0.204
Br,Br05,42,493,28,16,2.01,0.0717,0.368
Br,Br08,0,280,27,83,2.41,0.0892,0.379
Br,Br08,1,002,61,45,2.56,0.0419,0.185
Br,Br08,3,005,79,67,2.24,0.0283,0.186
Br,Br08,4,392,86,107,2.29,0.0266,0.15
Br,Br08,5,004,81,77,2.26,0.0279,0.207
Br,Br08,6,005,58,92,2.44,0.0421,0.195
Br,Br08,7,001,61,43,2.26,0.0371,0.252
Br,Br08,8,770,103,130,2.29,0.0223,0.176
Br,Br08,10,200,97,73,2.08,0.0215,0.196
Br,Br08,11,522,91,76,2.06,0.0226,0.169
Br,Br08,12,755,97,88,2.09,0.0216,0.209
Br,Br08,13,095,106,185,2.09,0.0197,0.216
Br,Br08,14,200,97,33,2.12,0.0219,0.282
Br,Br08,15,022,100,75,2.09,0.0209,0.26
Br,Br08,16,290,100,136,2.15,0.0215,0.279
Br,Br08,17,208,100,99,2.13,0.0213,0.226
Br,Br08,18,760,105,80,2.09,0.0199,0.245
Br,Br08,20,254,94,51,2.09,0.0223,0.26
Br,Br08,21,235,102,87,2.21,0.0217,0.334
Br,Br08,22,060,103,79,2.18,0.0212,0.271
Br,Br08,23,205,96,62,2.12,0.0221,0.239
Br,Br08,24,747,61,18,2.07,0.0339,0.315
Br,Br08,25,004,100,32,2.17,0.0217,0.319
Br,Br08,26,001,91,64,2.11,0.0232,0.217
Br,Br08,27,747,96,134,2.13,0.0222,0.287
Br,Br08,28,770,93,47,2.15,0.0232,0.264
Br,Br08,29,002,96,95,2.12,0.0221,0.245
Br,Br08,31,653,100,66,2.06,0.0206,0.251
Br,Br08,32,004,100,35,2.02,0.0202,0.197
Br,Br08,33,044,91,92,2.08,0.0229,0.283
Br,Br08,34,071,94,68,2.06,0.0219,0.23
Br,Br08,35,009,100,94,2.07,0.0207,0.275
Br,Br08,36,069,94,76,2.13,0.0227,0.272
Br,Br08,37,133,94,77,2.15,0.0229,0.243
Br,Br08,38,008,91,33,2.19,0.0241,0.255
Br,Br08,41,600,102,110,2.16,0.0212,0.196
Br,Br09,0,008,102,102,2.15,0.021,0.227
Br,Br09,1,009,99,67,2.12,0.0214,0.231
Br,Br09,2,066,100,50,2.15,0.0215,0.193
Br,Br09,3,570,90,39,2.14,0.0238,0.312
Br,Br09,4,038,19,8,2.2,0.1155,0.474
Br,Br09,5,208,85,89,2.13,0.0251,0.241
Br,Br09,6,286,100,140,2.21,0.0221,0.252
Br,Br09,10,600,100,66,2.18,0.0218,0.219
Br,Br09,11,044,109,93,2.15,0.0197,0.247
Br,Br09,12,054,111,128,2.13,0.0192,0.239
Br,Br09,13,066,105,56,2.14,0.0204,0.253
Br,Br09,14,095,105,114,2.16,0.0206,0.262
Br,Br09,15,066,97,44,2.15,0.0222,0.323
Br,Br09,16,301,105,77,2.16,0.0206,0.286
Br,Br09,17,006,96,57,2.14,0.0222,0.25
Br,Br09,19,066,91,107,2.63,0.0289,0.155
Br,Br09,20,022,88,145,2.83,0.0322,0.153
Br,Br10,5,242,64,391,2.44,0.0381,0.195
Br,Br10,6,600,72,29,2.21,0.0307,0.198
Br,Br10,7,004,74,102,2.36,0.0318,0.144
Br,Br10,8,600,66,40,2.3,0.0348,0.222
Br,Br10,9,040,59,51,2.36,0.04,0.238
Br,Br10,10,700,92,145,2.35,0.0255,0.218
Br,Br10,11,324,83,131,2.32,0.0279,0.191
Br,Br10,12,300,81,151,2.25,0.0278,0.234
Br,Br10,13,590,76,129,2.25,0.0296,0.188
Br,Br10,14,380,77,98,2.31,0.0301,0.162
Br,Br10,15,600,71,118,2.4,0.0338,0.164
Br,Br10,16,430,78,102,2.3,0.0295,0.213
Br,Br10,17,430,80,98,2.17,0.0272,0.217
Br,Br10,18,430,98,87,2.17,0.0221,0.241
Br,Br10,19,076,84,136,2.2,0.0262,0.172
Br,Br10,20,755,60,98,2.17,0.0361,0.211
Br,Br10,21,063,56,38,2.14,0.0382,0.257
Bv,Bv03,13,066,60,56,4.05,0.0676,0.303
Bv,Bv03,14,381,57,27,4.06,0.0712,0.325
Bv,Bv03,15,006,59,23,3.27,0.0554,0.352
Bv,Bv03,16,307,61,29,3.71,0.0608,0.305
Bv,Bv03,18,022,60,29,3.31,0.0551,0.309
Bv,Bv03,19,066,62,53,3.2,0.0516,0.246
Bv,Bv03,20,540,62,31,3.3,0.0532,0.313
Bv,Bv03,21,053,61,64,3.19,0.0522,0.196
Bv,Bv03,22,575,63,54,3.21,0.0509,0.211
Bv,Bv03,23,056,63,66,3.02,0.0479,0.198
Bv,Bv03,24,200,60,28,3.2,0.0534,0.204
Bv,Bv03,25,069,66,55,3.19,0.0484,0.223
Bv,Bv03,26,730,65,47,2.9,0.0446,0.226
Bv,Bv03,27,022,62,30,3.05,0.0492,0.206
Bv,Bv03,28,095,60,24,2.93,0.0488,0.206
Bv,Bv03,29,044,60,32,2.83,0.0471,0.219
Bv,Bv03,30,166,66,79,3.04,0.046,0.203
Bv,Bv03,31,068,56,30,3.02,0.0538,0.181
Bv,Bv03,32,022,57,20,3.05,0.0536,0.232
Bv,Bv03,33,300,64,39,2.79,0.0436,0.234
Bv,Bv03,34,065,64,88,2.93,0.0457,0.247
Bv,Bv03,35,200,63,62,2.94,0.0466,0.184
Bv,Bv03,36,235,60,16,2.97,0.0495,0.199
Bv,Bv03,37,100,58,34,2.85,0.0492,0.209
Bv,Bv03,38,054,60,24,3.09,0.0515,0.308
Bv,Bv03,39,050,58,43,3.14,0.0542,0.228
Bv,Bv03,40,002,56,32,3.21,0.0574,0.262
Bv,Bv03,41,013,49,19,3.15,0.0643,0.377
Bv,Bv03,42,095,40,31,3.44,0.0861,0.301
Bv,Bv03,43,065,33,46,3.27,0.099,0.294
Bv,Bv04,9,002,62,19,3.78,0.061,0.31
Bv,Bv04,10,300,63,89,3.31,0.0525,0.232
Bv,Bv04,11,004,60,19,3.26,0.0543,0.289
Bv,Bv04,12,381,64,60,3.38,0.0527,0.186
Bv,Bv04,13,060,61,21,3.62,0.0593,0.356
Bv,Bv04,14,755,64,28,3.28,0.0513,0.277
Bv,Bv04,15,600,61,49,3.41,0.0559,0.329
Bv,Bv04,16,029,60,33,3.52,0.0587,0.283
Bv,Bv04,17,022,65,80,3.21,0.0494,0.2
Bv,Bv04,18,060,62,24,3.0,0.0484,0.184
Bv,Bv04,19,574,65,76,2.99,0.046,0.215
Bv,Bv04,23,001,63,56,3.21,0.0509,0.243
Bv,Bv04,24,009,40,2,5.66,0.1416,0.738
Bv,Bv04,25,005,62,48,2.77,0.0447,0.308
Bv,Bv04,26,001,63,13,2.88,0.0458,0.217
Bv,Bv04,27,200,67,64,3.18,0.0475,0.286
Bv,Bv04,28,095,62,39,2.97,0.0479,0.216
Bv,Bv04,29,032,63,22,3.08,0.0489,0.162
Bv,Bv04,30,700,64,48,3.02,0.0472,0.206
Bv,Bv04,31,032,64,16,2.95,0.0461,0.19
Bv,Bv04,32,200,64,65,3.2,0.05,0.256
Bv,Bv04,33,091,64,41,3.32,0.0519,0.231
Bv,Bv04,34,739,52,31,3.05,0.0587,0.262
Bv,Bv04,35,739,51,19,3.73,0.0731,0.309
Bv,Bv04,36,670,54,31,3.1,0.0575,0.235
Bv,Bv04,37,246,66,138,3.24,0.0491,0.252
Bv,Bv04,38,002,61,49,3.51,0.0576,0.319
Bv,Bv04,39,430,64,33,3.7,0.0578,0.271
Bv,Bv04,40,134,65,30,3.03,0.0466,0.311
Bv,Bv04,41,005,59,34,3.38,0.0573,0.256
Bv,Bv04,42,670,62,53,3.38,0.0544,0.219
Bv,Bv05,0,465,36,45,3.03,0.0843,0.175
Bv,Bv05,1,029,57,16,2.5,0.0439,0.156
Bv,Bv05,2,039,67,55,3.37,0.0503,0.255
Bv,Bv05,3,600,67,57,2.92,0.0435,0.179
Bv,Bv05,4,048,62,27,3.04,0.049,0.232
Bv,Bv05,5,291,66,61,3.13,0.0474,0.213
Bv,Bv05,6,292,67,70,2.97,0.0443,0.22
Bv,Bv05,9,011,66,44,3.02,0.0458,0.205
Bv,Bv05,10,077,68,103,2.96,0.0435,0.224
Bv,Bv05,11,034,56,53,2.97,0.053,0.245
Bv,Bv05,12,027,60,34,2.81,0.0468,0.317
Bv,Bv05,13,663,66,68,3.07,0.0466,0.271
Bv,Bv05,14,002,64,29,3.55,0.0554,0.249
Bv,Bv05,15,065,66,26,2.97,0.045,0.271
Bv,Bv05,16,300,67,45,3.04,0.0453,0.274
Bv,Bv05,17,385,65,48,3.15,0.0485,0.295
Bv,Bv05,18,003,65,91,3.23,0.0496,0.272
Bv,Bv05,19,236,67,124,3.16,0.0471,0.292
Bv,Bv05,20,300,65,67,3.36,0.0517,0.272
Bv,Bv05,21,232,65,53,3.27,0.0502,0.222
Bv,Bv05,22,446,63,61,3.26,0.0518,0.211
Bv,Bv05,23,300,65,68,3.43,0.0528,0.197
Bv,Bv05,24,385,52,15,3.45,0.0663,0.251
Bv,Bv05,28,582,64,37,3.32,0.0518,0.267
Bv,Bv05,32,208,61,75,3.67,0.0601,0.243
Bv,Bv05,33,540,62,89,3.39,0.0546,0.233
Bv,Bv06,4,745,67,49,3.1,0.0462,0.21
Bv,Bv06,10,001,67,54,3.86,0.0576,0.313
Bv,Bv06,11,095,64,48,4.08,0.0637,0.364
Bv,Bv06,12,095,66,40,4.15,0.0629,0.278
Bv,Bv06,13,105,69,57,3.77,0.0546,0.348
Bv,Bv06,14,001,71,86,3.62,0.051,0.268
Bv,Bv06,15,065,65,47,3.51,0.0539,0.332
Bv,Bv06,16,300,72,196,3.35,0.0465,0.278
Bv,Bv06,17,048,71,57,3.45,0.0486,0.342
Bv,Bv06,18,200,67,53,3.39,0.0506,0.27
Bv,Bv06,19,600,13,4,4.54,0.3495,0.808
Bv,Bv06,21,700,67,29,3.17,0.0474,0.269
Bv,Bv06,22,011,71,120,3.18,0.0448,0.248
Bv,Bv06,23,034,66,56,3.12,0.0472,0.265
Bv,Bv06,24,027,69,34,3.05,0.0443,0.25
Bv,Bv06,25,673,71,66,3.03,0.0427,0.231
Bv,Bv06,26,002,70,37,3.08,0.044,0.22
Bv,Bv06,27,065,71,82,3.16,0.0446,0.245
Bv,Bv06,28,385,68,60,3.21,0.0472,0.198
Bv,Bv06,29,003,69,107,3.08,0.0446,0.241
Bv,Bv06,30,092,69,43,3.25,0.0471,0.183
Bv,Bv06,31,092,66,43,2.79,0.0423,0.254
Bv,Bv06,32,002,64,31,3.3,0.0515,0.204
Bv,Bv06,33,600,75,68,2.88,0.0384,0.203
Bv,Bv06,35,206,73,97,3.12,0.0428,0.187
Bv,Bv06,36,326,71,81,2.75,0.0387,0.168
Bv,Bv06,37,326,71,54,3.43,0.0484,0.222
Bv,Bv08,12,260,62,61,3.81,0.0615,0.256
Bv,Bv08,13,004,69,59,3.86,0.0559,0.308
Bv,Bv08,14,260,62,45,3.71,0.0599,0.242
Bv,Bv08,15,004,58,59,3.62,0.0624,0.271
Bv,Bv08,16,700,63,38,3.56,0.0565,0.308
Bv,Bv08,17,095,66,77,3.88,0.0588,0.328
Bv,Bv08,18,022,65,76,3.82,0.0588,0.353
Bv,Bv08,19,360,65,82,4.0,0.0615,0.294
Bv,Bv08,20,006,63,50,3.92,0.0622,0.372
Bv,Bv08,21,006,62,101,3.84,0.0619,0.272
Bv,Bv08,22,567,66,101,3.46,0.0524,0.27
Bv,Bv08,23,208,53,19,3.71,0.07,0.439
Bv,Bv08,24,001,62,50,3.57,0.0576,0.244
Bv,Bv08,25,008,64,28,3.27,0.051,0.324
Bv,Bv08,26,022,64,19,3.88,0.0606,0.185
Bv,Bv08,27,016,60,33,3.64,0.0606,0.263
Bv,Bv08,28,054,65,44,3.43,0.0528,0.226
Bv,Bv08,29,165,63,40,3.72,0.0591,0.219
Bv,Bv08,30,054,65,16,3.82,0.0587,0.334
Bv,Bv08,34,670,61,57,3.16,0.0519,0.222
Bv,Bv08,38,008,57,22,3.2,0.0561,0.266
Bv,Bv08,39,022,63,41,3.41,0.0541,0.3
Bv,Bv08,40,006,61,60,3.26,0.0534,0.247
Bv,Bv08,42,004,62,47,2.94,0.0475,0.284
Bv,Bv09,4,021,65,32,3.57,0.055,0.257
Bv,Bv09,5,211,67,53,3.33,0.0497,0.248
Bv,Bv09,6,006,67,70,3.33,0.0497,0.247
Bv,Bv09,8,140,68,42,2.9,0.0427,0.267
Bv,Bv09,10,007,67,55,2.99,0.0446,0.196
Bv,Bv09,11,004,67,22,3.0,0.0448,0.271
Bv,Bv09,12,156,63,35,3.07,0.0487,0.263
Bv,Bv09,13,007,66,32,2.89,0.0438,0.217
Bv,Bv09,14,004,54,12,2.84,0.0527,0.247
Bv,Bv09,15,154,67,34,2.79,0.0416,0.198
Bv,Bv09,16,079,67,35,3.17,0.0473,0.223
Bv,Bv09,17,065,63,28,3.07,0.0488,0.222
Bv,Bv09,18,022,64,27,2.57,0.0402,0.218
Bv,Bv09,19,027,67,29,2.83,0.0422,0.228
Bv,Bv09,20,024,67,38,3.23,0.0482,0.195
Bv,Bv09,23,044,67,33,3.33,0.0497,0.231
Bv,Bv09,24,522,67,44,3.43,0.0512,0.249
Bv,Bv09,26,260,69,78,3.5,0.0508,0.25
Bv,Bv09,27,004,68,41,3.55,0.0522,0.299
Bv,Bv09,28,059,63,45,3.52,0.0559,0.334
Bv,Bv09,29,304,69,66,3.68,0.0533,0.365
Bv,Bv09,30,493,67,60,3.97,0.0593,0.385
Bv,Bv09,31,304,65,67,3.6,0.0554,0.349
Bv,Bv09,32,407,66,79,3.96,0.06,0.329
Bv,Bv09,33,001,38,12,3.77,0.0992,0.592
Bv,Bv09,34,607,65,59,3.92,0.0603,0.386
Bv,Bv09,35,065,64,26,3.87,0.0605,0.323
Bv,Bv09,36,022,63,25,4.08,0.0648,0.423
Bv,Bv09,37,004,63,41,3.64,0.0578,0.354
Bv,Bv09,38,305,66,52,4.0,0.0606,0.363
Bv,Bv09,39,004,62,41,3.8,0.0613,0.396
Bv,Bv09,40,022,58,25,3.99,0.0687,0.397
Bv,Bv09,41,215,64,63,3.84,0.0599,0.336
Bv,Bv09,42,381,62,82,4.07,0.0656,0.308
Bv,Bv09,43,062,59,44,3.51,0.0594,0.285
Bv,Bv09,44,034,58,36,3.64,0.0627,0.32
Bv,Bv09,45,041,53,19,4.44,0.0838,0.47
Bv,Bv09,46,166,57,61,3.85,0.0675,0.302
Bv,Bv09,47,068,62,42,3.61,0.0582,0.302
Bv,Bv09,48,306,59,69,3.57,0.0606,0.276
Bv,Bv10,2,493,58,97,3.61,0.0622,0.315
Bv,Bv10,3,492,56,119,3.84,0.0685,0.322
Bv,Bv10,4,167,58,65,3.97,0.0685,0.325
Bv,Bv10,5,002,52,66,4.26,0.0818,0.349
Bv,Bv10,6,167,59,65,4.39,0.0744,0.381
Bv,Bv10,7,727,61,45,3.72,0.061,0.369
Bv,Bv10,8,733,62,57,4.18,0.0674,0.365
Bv,Bv10,9,001,60,73,3.71,0.0618,0.376
Bv,Bv10,10,581,63,125,3.79,0.0601,0.348
Bv,Bv10,11,022,54,27,4.19,0.0776,0.392
Bv,Bv10,12,002,61,35,4.21,0.069,0.404
Bv,Bv10,13,022,62,73,3.68,0.0594,0.371
Bv,Bv10,14,002,58,38,4.01,0.0692,0.389
Bv,Bv10,15,022,62,48,3.71,0.0598,0.368
Bv,Bv10,16,022,60,16,3.78,0.063,0.424
Bv,Bv10,17,002,60,37,3.76,0.0626,0.395
Bv,Bv10,18,059,62,48,3.37,0.0543,0.343
Bv,Bv10,19,002,63,29,3.8,0.0603,0.253
Bv,Bv10,20,306,61,68,3.22,0.0528,0.293
Bv,Bv10,21,001,66,37,3.13,0.0475,0.328
Bv,Bv10,22,630,69,58,3.22,0.0467,0.241
Bv,Bv10,23,405,65,61,3.15,0.0485,0.278
Bv,Bv10,24,600,65,79,3.0,0.0462,0.279
Bv,Bv10,25,700,64,23,3.22,0.0504,0.313
Bv,Bv10,26,540,69,74,2.98,0.0433,0.266
Bv,Bv10,27,005,63,24,3.02,0.0479,0.265
Bv,Bv10,28,053,62,9,2.8,0.0452,0.301
Bv,Bv10,29,002,58,8,2.85,0.0492,0.414
Bv,Bv10,30,005,65,45,3.26,0.0502,0.312
Bv,Bv10,31,041,63,42,2.76,0.0438,0.262
Bv,Bv10,32,095,63,49,2.87,0.0455,0.203
Bv,Bv10,33,007,65,132,2.82,0.0433,0.228
Bv,Bv10,35,050,65,19,2.74,0.0421,0.287
Bv,Bv10,36,073,63,41,3.37,0.0535,0.242
Bv,Bv11,28,755,64,84,2.55,0.0398,0.211
Bv,Bv11,29,004,65,104,2.81,0.0432,0.217
Bv,Bv11,30,459,64,131,3.24,0.0506,0.24
Bv,Bv11,31,079,63,112,3.4,0.054,0.3
Bv,Bv11,32,079,63,95,3.54,0.0561,0.311
Bv,Bv11,33,067,61,38,3.72,0.061,0.39
Bv,Bv11,34,022,58,7,4.65,0.0802,0.49
Bv,Bv11,35,007,60,82,3.67,0.0611,0.292
Bv,Bv11,36,010,61,39,3.78,0.062,0.356
Bv,Bv11,37,007,57,11,3.42,0.06,0.434
Bv,Bv11,38,010,57,13,3.11,0.0546,0.332
Bv,Bv11,39,046,61,44,3.51,0.0576,0.298
Bv,Bv11,40,073,63,181,3.65,0.058,0.314
Bv,Bv11,41,244,26,28,3.33,0.1282,0.386
Bv,Bv11,42,033,12,8,3.76,0.3133,0.625
Bv,Bv11,43,002,20,28,3.82,0.1912,0.391
Bv,Bv12,20,065,42,29,3.92,0.0932,0.321
Bv,Bv12,21,044,22,14,3.38,0.1535,0.419
Bv,Bv12,24,006,29,36,2.93,0.101,0.329
Bv,Bv12,26,011,36,128,3.31,0.0919,0.23
Bv,Bv12,27,044,50,103,3.46,0.0691,0.263
Bv,Bv12,28,014,47,34,3.28,0.0699,0.259
Bv,Bv12,29,400,34,25,3.08,0.0905,0.234
Bv,Bv12,30,400,39,51,2.93,0.0752,0.24
Bv,Bv12,31,002,35,20,3.12,0.0891,0.287
Bv,Bv12,32,445,51,79,3.5,0.0687,0.251
Bv,Bv12,33,672,45,31,3.19,0.0709,0.247
Bv,Bv12,34,065,32,29,3.34,0.1045,0.289
Bv,Bv12,35,006,37,45,2.79,0.0754,0.268
Bv,Bv12,36,385,35,49,3.05,0.0873,0.172
Bv,Bv12,37,048,36,21,3.21,0.0893,0.271
Bv,Bv12,38,099,34,51,2.99,0.088,0.272
Bv,Bv12,39,207,36,55,3.04,0.0845,0.272
Bv,Bv12,40,046,31,21,2.51,0.0811,0.26
Bv,Bv12,41,050,31,23,2.55,0.0821,0.273
Ca,Ca02,17,074,88,93,4.68,0.0531,0.284
Ca,Ca02,18,594,80,71,4.07,0.0509,0.259
Ca,Ca02,19,070,75,24,5.53,0.0738,0.438
Ca,Ca02,20,083,78,62,4.28,0.0549,0.323
Ca,Ca02,21,007,78,34,4.34,0.0556,0.308
Ca,Ca02,22,061,82,87,3.99,0.0486,0.282
Ca,Ca02,23,380,81,62,4.25,0.0525,0.258
Ca,Ca02,24,067,81,67,3.77,0.0466,0.223
Ca,Ca02,25,067,62,8,3.29,0.0531,0.373
Ca,Ca03,0,380,78,65,2.86,0.0367,0.178
Ca,Ca03,1,022,78,23,3.53,0.0453,0.266
Ca,Ca03,2,254,78,155,3.36,0.043,0.213
Ca,Ca03,3,005,78,54,3.32,0.0425,0.201
Ca,Ca03,4,380,82,117,4.23,0.0516,0.316
Ca,Ca03,5,022,75,66,4.35,0.058,0.258
Ca,Ca03,7,001,82,80,4.06,0.0495,0.269
Ca,Ca03,8,004,78,121,4.11,0.0527,0.286
Ca,Ca03,9,380,72,48,4.62,0.0642,0.247
Ca,Ca03,10,022,75,19,4.56,0.0608,0.277
Ca,Ca03,11,029,72,19,3.89,0.054,0.287
Ca,Ca03,12,074,77,71,4.91,0.0637,0.304
Ca,Ca03,13,017,77,19,4.59,0.0596,0.475
Ca,Ca03,14,380,78,97,4.51,0.0578,0.342
Ca,Ca03,15,022,78,45,5.31,0.0681,0.377
Ca,Ca03,16,252,78,72,4.92,0.0631,0.285
Ca,Ca03,17,380,78,91,4.56,0.0584,0.279
Ca,Ca03,18,022,78,54,5.38,0.069,0.436
Ca,Ca03,19,050,81,38,5.25,0.0648,0.427
Ca,Ca03,20,079,85,74,5.54,0.0651,0.393
Ca,Ca03,21,380,85,85,4.65,0.0547,0.329
Ca,Ca03,22,286,85,45,3.88,0.0457,0.269
Ca,Ca03,23,001,75,19,5.37,0.0716,0.39
Ca,Ca03,24,007,88,39,4.73,0.0538,0.294
Ca,Ca04,0,031,82,61,4.98,0.0608,0.293
Ca,Ca04,1,031,81,115,4.87,0.0601,0.205
Ca,Ca04,2,005,78,60,4.7,0.0603,0.3
Ca,Ca04,3,200,83,119,4.75,0.0572,0.344
Ca,Ca04,4,004,85,97,4.52,0.0532,0.318
Ca,Ca04,5,065,84,41,6.04,0.0719,0.422
Ca,Ca04,6,200,81,186,4.4,0.0543,0.339
Ca,Ca04,7,400,85,75,4.62,0.0543,0.3
Ca,Ca04,8,066,84,39,4.7,0.056,0.349
Ca,Ca04,9,004,85,29,4.53,0.0533,0.355
Ca,Ca04,10,760,84,81,4.12,0.049,0.279
Ca,Ca04,11,004,81,27,4.64,0.0572,0.413
Ca,Ca04,12,073,85,29,3.92,0.0461,0.293
Ca,Ca04,13,001,82,20,3.74,0.0456,0.419
Ca,Ca04,14,005,78,47,3.6,0.0461,0.272
Ca,Ca04,15,048,84,50,4.18,0.0498,0.332
Ca,Ca04,16,005,78,39,3.74,0.048,0.296
Ca,Ca04,17,010,82,47,3.68,0.0449,0.25
Ca,Ca04,18,005,78,43,3.24,0.0415,0.23
Ca,Ca04,19,073,78,29,3.24,0.0415,0.241
Ca,Ca04,20,777,85,80,3.56,0.0418,0.249
Ca,Ca04,21,777,84,82,3.16,0.0376,0.177
Ca,Ca04,22,760,85,87,3.02,0.0355,0.195
Ca,Ca04,23,608,85,91,2.8,0.0329,0.164
Ca,Ca04,24,073,78,30,2.64,0.0338,0.136
Ca,Ca04,25,091,81,27,2.95,0.0365,0.149
Ca,Ca04,26,091,76,41,3.14,0.0413,0.167
Ca,Ca04,27,730,81,51,3.01,0.0371,0.196
Ca,Ca04,28,730,53,32,2.44,0.046,0.099
Ca,Ca05,2,001,71,24,3.19,0.045,0.249
Ca,Ca05,3,073,75,24,3.18,0.0423,0.246
Ca,Ca05,5,730,82,36,2.72,0.0332,0.175
Ca,Ca05,6,730,85,58,3.98,0.0468,0.263
Ca,Ca05,7,022,85,87,3.98,0.0468,0.279
Ca,Ca05,8,022,78,17,4.77,0.0612,0.399
Ca,Ca05,9,041,76,24,3.46,0.0455,0.258
Ca,Ca05,10,002,75,35,3.91,0.0521,0.304
Ca,Ca05,11,001,81,40,3.65,0.0451,0.254
Ca,Ca05,12,036,82,14,5.08,0.0619,0.416
Ca,Ca05,13,550,85,66,3.99,0.047,0.21
Ca,Ca05,14,022,88,70,3.74,0.0425,0.334
Ca,Ca05,15,280,76,31,3.38,0.0444,0.289
Ca,Ca05,16,385,85,80,3.73,0.0438,0.277
Ca,Ca05,17,385,84,70,3.96,0.0472,0.307
Ca,Ca05,18,038,88,72,4.49,0.051,0.354
Ca,Ca05,19,007,81,103,4.31,0.0532,0.321
Ca,Ca05,20,600,82,66,4.69,0.0572,0.354
Ca,Ca05,21,001,89,70,4.06,0.0456,0.297
Ca,Ca05,22,214,80,22,5.83,0.0729,0.576
Ca,Ca05,23,700,85,208,4.15,0.0489,0.275
Ca,Ca05,24,700,81,68,3.9,0.0481,0.251
Ca,Ca05,25,700,85,94,4.42,0.0521,0.279
Ca,Ca05,26,408,77,52,4.13,0.0537,0.295
Ca,Ca05,27,700,81,22,6.86,0.0847,0.593
Ca,Ca05,28,001,81,66,4.44,0.0548,0.304
Ca,Ca05,29,042,81,60,4.73,0.0584,0.344
Ca,Ca05,30,081,81,57,5.4,0.0666,0.323
Ca,Ca05,31,081,70,52,5.26,0.0752,0.343
Ca,Ca08,0,040,78,18,4.28,0.0549,0.209
Ca,Ca08,1,040,78,25,4.7,0.0602,0.406
Ca,Ca08,2,040,81,29,4.54,0.0561,0.343
Ca,Ca08,3,390,85,99,4.96,0.0583,0.316
Ca,Ca08,4,378,85,87,4.17,0.049,0.281
Ca,Ca08,5,041,29,12,3.99,0.1378,0.543
Ca,Ca08,6,670,81,218,4.54,0.056,0.327
Ca,Ca08,7,008,81,32,5.87,0.0725,0.395
Ca,Ca08,8,040,78,32,5.86,0.0751,0.395
Ca,Ca08,9,040,81,54,5.2,0.0642,0.303
Ca,Ca08,10,003,85,102,4.97,0.0585,0.32
Ca,Ca08,11,390,85,79,4.26,0.0502,0.333
Ca,Ca08,12,378,82,29,5.31,0.0648,0.403
Ca,Ca08,13,041,82,110,5.2,0.0635,0.289
Ca,Ca08,14,670,85,115,4.82,0.0567,0.347
Ca,Ca08,15,008,84,80,4.3,0.0512,0.253
Ca,Ca08,16,600,82,22,4.26,0.0519,0.218
Ca,Ca08,17,040,81,25,4.45,0.0549,0.386
Ca,Ca08,18,040,85,35,4.42,0.052,0.289
Ca,Ca08,19,040,82,35,4.76,0.058,0.247
Ca,Ca08,20,040,84,32,4.78,0.057,0.26
Ca,Ca08,21,040,85,138,4.25,0.0499,0.274
Ca,Ca08,22,390,84,127,4.62,0.055,0.316
Ca,Ca08,23,378,74,50,4.99,0.0674,0.402
Ca,Ca08,24,041,87,104,4.96,0.057,0.315
Ca,Ca08,25,670,78,68,4.2,0.0539,0.278
Ca,Ca10,0,002,74,35,4.91,0.0663,0.363
Ca,Ca10,1,002,74,37,5.15,0.0696,0.349
Ca,Ca10,2,052,74,72,5.23,0.0707,0.367
Ca,Ca10,3,384,81,69,4.71,0.0581,0.367
Ca,Ca10,4,481,81,178,5.27,0.0651,0.341
Ca,Ca10,5,073,78,31,5.1,0.0654,0.373
Ca,Ca10,6,070,82,71,4.21,0.0514,0.312
Ca,Ca10,7,760,85,82,4.23,0.0497,0.301
Ca,Ca10,8,040,74,31,4.91,0.0663,0.428
Ca,Ca10,9,006,78,47,5.4,0.0692,0.315
Ca,Ca10,10,400,78,60,4.62,0.0592,0.316
Ca,Ca10,11,047,78,44,5.96,0.0764,0.361
Ca,Ca10,12,072,81,80,5.31,0.0655,0.42
Ca,Ca10,13,072,78,111,5.2,0.0667,0.327
Ca,Ca10,14,010,81,74,4.84,0.0597,0.325
Ca,Ca10,15,760,82,92,4.21,0.0513,0.296
Ca,Ca10,16,040,78,38,3.55,0.0455,0.268
Ca,Ca10,17,006,76,50,3.77,0.0496,0.258
Ca,Ca11,0,002,78,32,4.37,0.056,0.31
Ca,Ca11,1,002,75,52,4.47,0.0596,0.358
Ca,Ca11,2,290,80,72,4.62,0.0578,0.317
Ca,Ca11,3,010,85,74,5.38,0.0633,0.309
Ca,Ca11,4,760,80,77,4.19,0.0524,0.282
Ca,Ca11,5,040,85,36,5.13,0.0603,0.397
Ca,Ca11,6,006,78,36,5.09,0.0653,0.266
Ca,Ca11,7,400,88,78,4.84,0.055,0.334
Ca,Ca11,8,047,80,53,5.29,0.0662,0.33
Ca,Ca11,9,002,78,46,6.85,0.0878,0.409
Ca,Ca11,10,002,78,30,6.88,0.0883,0.528
Ca,Ca11,11,002,82,46,7.22,0.088,0.413
Ca,Ca11,12,290,85,84,4.99,0.0587,0.352
Ca,Ca11,13,002,82,28,5.57,0.0679,0.531
Ca,Ca11,14,010,82,91,5.83,0.0711,0.409
Ca,Ca11,15,760,85,78,4.56,0.0536,0.349
Ca,Ca11,16,040,85,37,5.1,0.06,0.361
Ca,Ca11,17,006,81,45,5.15,0.0635,0.347
Ca,Ca11,18,430,85,48,4.77,0.0562,0.321
Ca,Ca11,19,047,79,50,5.77,0.073,0.367
Ca,Ca11,20,002,78,51,5.65,0.0724,0.396
Ca,Ca11,21,004,78,35,5.59,0.0717,0.418
Ca,Ca11,22,760,85,79,4.33,0.051,0.257
Ca,Ca11,23,002,85,48,5.39,0.0634,0.3
Ca,Ca11,24,002,82,34,5.22,0.0636,0.35
Ca,Ca11,25,004,81,19,5.01,0.0618,0.513
Ca,Ca11,26,760,84,75,4.5,0.0536,0.331
Ca,Ca11,27,002,84,45,5.83,0.0694,0.371
Ca,Ca11,28,002,81,29,5.65,0.0697,0.429
Ca,Ca11,29,002,81,30,6.18,0.0763,0.421
Ca,Ca11,30,004,84,123,5.01,0.0596,0.274
Ca,Ca11,31,002,85,44,5.48,0.0645,0.367
Ca,Ca11,32,010,82,114,5.04,0.0615,0.346
Ca,Ca12,0,760,82,92,4.63,0.0565,0.273
Ca,Ca12,1,040,85,33,4.47,0.0525,0.278
Ca,Ca12,2,006,72,48,4.62,0.0642,0.288
Ca,Ca12,3,430,84,58,4.04,0.0481,0.292
Ca,Ca12,4,047,77,35,5.2,0.0675,0.371
Ca,Ca12,5,222,84,95,4.88,0.0581,0.339
Ca,Ca12,6,002,59,51,5.84,0.099,0.399
Ca,Ca12,7,047,80,54,5.61,0.0701,0.321
Ca,Ca12,8,060,78,32,4.68,0.06,0.348
Ca,Ca12,9,010,81,108,5.49,0.0677,0.293
Ca,Ca12,10,326,84,100,4.16,0.0496,0.303
Ca,Ca12,11,275,84,149,5.1,0.0608,0.349
Ca,Ca12,12,060,70,19,4.91,0.0701,0.342
Ca,Ca12,13,070,79,55,5.95,0.0753,0.371
Ca,Ca12,14,050,81,35,6.17,0.0761,0.473
Ca,Ca12,15,060,78,36,5.38,0.0689,0.38
Ca,Ca12,16,028,77,48,4.99,0.0648,0.414
Ca,Ca12,17,060,82,35,5.26,0.0642,0.421
Ca,Ca12,18,383,85,141,4.87,0.0573,0.33
Ca,Ca12,19,481,88,104,4.93,0.056,0.334
Ca,Ca12,20,067,85,52,5.08,0.0597,0.339
Ca,Ca12,21,002,64,44,4.57,0.0714,0.424
Ca,Ca12,22,041,79,32,6.18,0.0782,0.447
Ca,Ca12,23,020,71,46,5.76,0.0811,0.436
Ca,Ca12,24,060,85,38,5.57,0.0656,0.387
Ca,Ca12,25,067,81,65,4.45,0.0549,0.306
Ca,Ca12,26,067,82,84,4.04,0.0492,0.261
Ca,Ca12,27,545,88,50,4.34,0.0493,0.32
Cb,Cb04,0,607,101,103,2.16,0.0213,0.025
Cb,Cb04,1,380,103,93,2.23,0.0217,0.088
Cb,Cb04,2,090,94,51,2.46,0.0262,0.093
Cb,Cb04,3,001,103,23,3.09,0.03,0.17
Cb,Cb04,4,007,104,55,2.66,0.0256,0.149
Cb,Cb04,5,053,100,54,2.4,0.024,0.067
Cb,Cb04,8,605,102,131,2.25,0.022,0.051
Cb,Cb04,9,605,99,99,3.93,0.0397,0.112
Cb,Cb05,3,665,83,147,4.16,0.0502,0.134
Cb,Cb05,4,094,49,87,4.81,0.0981,0.216
Cb,Cb05,5,081,76,71,4.86,0.0639,0.164
Cb,Cb05,6,003,38,198,4.77,0.1254,0.288
Cb,Cb05,7,065,76,38,4.29,0.0564,0.138
Cb,Cb05,8,680,91,163,4.14,0.0455,0.122
Cb,Cb05,9,095,94,87,4.46,0.0474,0.131
Cb,Cb05,10,003,89,193,4.1,0.0461,0.135
Cb,Cb05,11,005,26,65,3.95,0.1519,0.392
Cb,Cb05,12,430,46,87,3.8,0.0826,0.221
Cb,Cb05,13,002,78,49,4.41,0.0565,0.132
Cb,Cb05,14,001,44,22,3.36,0.0764,0.23
Cb,Cb05,15,290,22,98,4.2,0.1908,0.459
Cb,Cb05,16,216,57,146,3.96,0.0695,0.176
Cb,Cb05,17,290,53,134,4.32,0.0815,0.201
Cb,Cb05,18,061,24,136,4.6,0.1915,0.403
Cb,Cb05,19,006,22,98,5.32,0.2419,0.438
Cb,Cb05,20,523,26,114,5.07,0.195,0.396
Cb,Cb05,21,522,29,82,3.61,0.1244,0.384
Da,Da02,6,590,122,75,4.28,0.0351,0.147
Da,Da02,7,205,111,76,2.57,0.0232,0.063
Da,Da02,8,678,121,222,2.94,0.0243,0.106
Da,Da02,9,430,121,151,2.73,0.0226,0.074
Da,Da02,10,594,121,192,2.87,0.0237,0.098
Da,Da02,11,284,126,140,2.76,0.0219,0.112
Da,Da02,12,605,121,245,4.03,0.0333,0.132
Da,Da02,13,173,121,98,4.67,0.0386,0.228
Da,Da02,14,006,105,62,4.56,0.0435,0.278
Da,Da03,2,610,126,73,4.86,0.0386,0.153
Da,Da03,4,200,130,138,4.16,0.032,0.153
Da,Da03,5,600,128,131,4.65,0.0363,0.185
Da,Da03,6,002,121,60,4.05,0.0335,0.181
Da,Da03,7,200,125,177,4.18,0.0335,0.211
Da,Da03,8,600,126,102,4.67,0.0371,0.244
Da,Da03,9,460,115,87,4.87,0.0424,0.274
Da,Da03,10,200,127,159,4.55,0.0358,0.222
Da,Da03,11,600,123,129,4.33,0.0352,0.228
Da,Da03,12,200,130,176,4.15,0.0319,0.154
Da,Da03,13,200,130,124,3.88,0.0298,0.201
Da,Da03,14,600,129,201,3.64,0.0282,0.176
Da,Da04,2,700,130,37,4.45,0.0343,0.294
Da,Da04,3,207,125,146,3.08,0.0246,0.116
Da,Da04,4,007,130,115,3.2,0.0246,0.116
Da,Da04,5,002,126,44,3.66,0.0291,0.178
Da,Da04,6,700,117,52,3.95,0.0338,0.23
Da,Da04,7,073,122,102,3.65,0.0299,0.208
Da,Da04,9,002,122,76,3.92,0.0321,0.18
Da,Da04,10,073,121,111,4.32,0.0357,0.257
Da,Da04,11,590,126,129,4.66,0.037,0.212
Da,Da04,12,204,125,134,4.38,0.035,0.247
Da,Da04,13,034,122,112,4.6,0.0377,0.274
Da,Da04,14,360,122,106,4.59,0.0376,0.235
Da,Da07,2,094,98,100,4.6,0.0469,0.23
Da,Da07,3,081,86,113,4.58,0.0532,0.231
Da,Da07,4,450,107,93,5.65,0.0528,0.183
Da,Da07,5,536,115,348,4.73,0.0411,0.161
Da,Da07,6,739,109,307,4.8,0.044,0.173
Da,Da07,7,061,102,220,4.37,0.0429,0.164
Da,Da07,8,590,115,232,3.93,0.0342,0.157
Da,Da07,9,607,116,179,3.77,0.0325,0.168
Da,Da07,10,200,119,92,3.85,0.0324,0.204
Da,Da07,11,739,112,194,4.22,0.0377,0.15
Da,Da07,12,610,101,253,3.97,0.0393,0.117
Db,Db02,1,025,133,290,3.76,0.0283,0.135
Db,Db02,2,009,124,281,3.77,0.0304,0.168
Db,Db02,3,606,135,290,4.34,0.0321,0.159
Db,Db02,4,081,132,242,3.4,0.0258,0.181
Db,Db02,5,670,128,121,3.38,0.0264,0.197
Db,Db02,6,095,120,192,3.11,0.0259,0.157
Db,Db02,7,606,125,139,3.27,0.0261,0.153
Db,Db02,8,073,117,122,3.62,0.0309,0.192
Db,Db02,9,008,106,169,4.24,0.04,0.176
Db,Db06,0,244,89,291,5.58,0.0627,0.143
Db,Db06,1,006,77,103,5.73,0.0744,0.189
Db,Db06,2,009,74,134,5.69,0.0768,0.219
Db,Db06,3,044,81,81,4.65,0.0574,0.213
Db,Db06,4,608,89,268,5.16,0.0579,0.2
Db,Db06,5,006,86,97,5.47,0.0636,0.202
Db,Db06,6,007,95,141,5.01,0.0528,0.188
Db,Db06,7,600,94,193,4.6,0.049,0.169
Db,Db06,8,007,115,141,5.14,0.0447,0.218
Er,Er01,0,040,47,58,4.34,0.0924,0.297
Er,Er01,1,630,47,33,7.53,0.1602,0.391
Er,Er01,2,004,44,69,7.17,0.1629,0.361
Er,Er01,3,739,41,29,4.43,0.1081,0.259
Er,Er01,4,200,35,64,4.89,0.1396,0.214
Er,Er01,5,063,52,114,4.57,0.0879,0.277
Er,Er01,6,208,50,59,3.94,0.0788,0.293
Er,Er01,7,200,45,66,4.23,0.094,0.356
Er,Er01,8,005,34,15,4.48,0.1317,0.422
Er,Er01,9,040,35,36,4.82,0.1377,0.382
Er,Er01,10,041,43,74,4.54,0.1056,0.295
Er,Er01,11,300,48,52,4.06,0.0845,0.269
Er,Er01,12,300,39,50,3.96,0.1016,0.267
Er,Er01,13,004,44,132,4.66,0.1059,0.263
Er,Er01,14,022,48,56,4.52,0.0942,0.329
Er,Er01,15,206,52,17,4.03,0.0774,0.413
Er,Er01,16,086,44,61,3.9,0.0887,0.263
Er,Er01,17,722,38,41,3.74,0.0983,0.32
Er,Er01,18,040,39,72,3.94,0.1009,0.319
Er,Er01,19,300,42,55,4.0,0.0952,0.324
Er,Er01,20,300,35,62,4.13,0.118,0.325
Er,Er01,21,300,33,86,4.9,0.1485,0.357
Er,Er01,22,004,46,55,4.6,0.1001,0.298
Er,Er01,23,022,41,18,4.6,0.1121,0.455
Er,Er01,24,201,14,6,3.71,0.2647,0.667
Er,Er01,25,061,41,12,4.66,0.1137,0.596
Er,Er01,26,063,42,26,4.94,0.1176,0.369
Er,Er01,27,063,30,17,5.17,0.1723,0.496
Er,Er01,31,004,34,53,3.57,0.105,0.281
Er,Er01,32,022,26,10,5.75,0.2213,0.631
Er,Er02,18,070,61,62,3.99,0.0655,0.232
Er,Er02,19,063,53,16,4.63,0.0874,0.453
Er,Er02,20,118,53,24,4.71,0.0888,0.363
Er,Er02,21,040,59,18,4.32,0.0733,0.402
Er,Er02,22,300,61,34,5.44,0.0893,0.334
Er,Er02,23,040,56,16,5.21,0.093,0.578
Er,Er02,24,300,63,48,5.33,0.0846,0.272
Er,Er02,25,004,60,43,6.43,0.1072,0.467
Er,Er02,26,022,54,62,5.34,0.0989,0.435
Er,Er02,27,203,58,56,5.59,0.0964,0.449
Er,Er02,28,004,61,59,5.58,0.0914,0.445
Er,Er02,29,203,57,15,5.61,0.0984,0.544
Er,Er02,30,063,61,74,6.14,0.1006,0.492
Er,Er02,31,203,59,66,5.79,0.0981,0.42
Er,Er02,32,044,58,43,4.62,0.0796,0.418
Er,Er02,33,203,58,48,5.23,0.0902,0.525
Er,Er02,34,063,59,28,5.26,0.0892,0.436
Er,Er02,35,670,61,52,5.28,0.0865,0.459
Er,Er02,36,040,46,14,6.65,0.1446,0.53
Er,Er02,37,040,59,16,4.34,0.0735,0.534
Er,Er02,38,300,59,93,5.65,0.0958,0.443
Er,Er02,39,004,25,18,3.74,0.1495,0.493
Er,Er02,40,022,54,16,4.45,0.0825,0.479
Er,Er03,0,203,57,62,5.92,0.1039,0.414
Er,Er03,1,005,59,32,4.69,0.0794,0.414
Er,Er03,2,678,59,37,8.29,0.1404,0.514
Er,Er03,3,063,57,41,8.29,0.1455,0.517
Er,Er03,4,002,57,26,6.37,0.1118,0.462
Er,Er03,5,123,53,15,7.73,0.1458,0.723
Er,Er03,6,063,59,60,6.66,0.1129,0.443
Er,Er03,7,003,55,18,5.13,0.0932,0.46
Er,Er03,8,063,56,15,7.24,0.1293,0.617
Er,Er03,9,063,60,75,7.0,0.1166,0.541
Er,Er03,10,041,57,66,7.11,0.1247,0.521
Er,Er03,11,040,56,62,7.98,0.1425,0.568
Er,Er03,12,300,57,66,7.29,0.128,0.524
Er,Er03,13,004,59,22,6.72,0.114,0.543
Er,Er03,14,022,53,12,11.2,0.2113,0.869
Er,Er03,15,203,14,4,5.32,0.3797,0.839
Er,Er03,16,060,25,21,6.11,0.2443,0.606
Er,Er03,17,063,56,15,7.6,0.1357,0.696
Er,Er03,18,001,59,30,5.16,0.0874,0.376
Er,Er03,19,063,57,51,5.48,0.0962,0.545
Er,Er03,20,430,57,43,5.32,0.0933,0.461
Er,Er03,21,431,57,68,5.97,0.1047,0.438
Er,Er03,22,203,57,62,5.4,0.0948,0.455
Er,Er03,23,562,59,26,5.02,0.0851,0.394
Er,Er03,24,063,57,32,5.31,0.0931,0.39
Er,Er03,25,048,55,27,5.5,0.1001,0.376
Er,Er03,26,063,57,65,4.58,0.0803,0.457
Er,Er03,27,071,56,19,4.77,0.0852,0.478
Er,Er03,28,041,53,18,5.28,0.0997,0.481
Er,Er03,29,041,60,52,5.87,0.0978,0.477
Er,Er03,30,300,61,49,5.47,0.0896,0.415
Er,Er03,31,004,59,62,5.08,0.0862,0.434
Er,Er03,32,022,56,58,5.72,0.1021,0.428
Er,Er03,33,203,46,65,6.98,0.1518,0.47
Er,Er03,34,022,38,9,5.03,0.1323,0.769
Er,Er03,35,022,35,8,6.94,0.1982,0.893
Er,Er03,36,063,39,23,6.74,0.1727,0.479
Er,Er03,37,041,35,15,9.83,0.2807,0.669
Er,Er03,38,063,31,19,7.79,0.2513,0.643
Er,Er04,0,385,54,27,2.83,0.0524,0.163
Er,Er04,1,040,49,23,5.07,0.1036,0.341
Er,Er04,2,300,56,61,6.28,0.1121,0.424
Er,Er04,3,300,57,85,5.64,0.099,0.386
Er,Er04,4,004,59,76,5.26,0.0892,0.349
Er,Er04,5,022,57,18,4.7,0.0825,0.521
Er,Er04,6,520,59,76,5.58,0.0946,0.466
Er,Er04,7,005,59,76,5.54,0.094,0.392
Er,Er04,8,386,41,13,4.57,0.1115,0.484
Er,Er04,9,013,58,36,5.36,0.0923,0.476
Er,Er04,10,008,54,41,5.23,0.0969,0.438
Er,Er04,11,405,58,67,5.19,0.0894,0.413
Er,Er04,12,670,55,60,5.78,0.1051,0.39
Er,Er04,13,053,17,6,4.25,0.2501,0.667
Er,Er04,14,002,55,8,5.43,0.0988,0.884
Er,Er04,15,002,57,54,5.4,0.0947,0.449
Er,Er04,16,739,61,96,5.77,0.0946,0.376
Er,Er04,17,027,60,54,5.88,0.098,0.414
Er,Er04,18,739,57,34,6.05,0.1061,0.493
Er,Er04,19,006,57,44,4.8,0.0842,0.41
Er,Er04,20,090,57,35,6.84,0.1199,0.476
Er,Er04,21,004,58,30,7.03,0.1212,0.456
Er,Er04,22,022,55,52,5.45,0.0992,0.436
Er,Er04,23,305,54,80,5.73,0.1061,0.431
Er,Er04,24,004,57,109,7.03,0.1233,0.532
Er,Er04,25,048,58,58,5.91,0.1019,0.499
Er,Er04,26,007,57,29,5.8,0.1018,0.517
Er,Er04,27,001,60,41,4.1,0.0684,0.386
Er,Er04,28,191,61,17,4.58,0.0751,0.534
Er,Er04,29,520,59,67,5.65,0.0958,0.537
Er,Er04,30,007,61,72,6.14,0.1006,0.46
Er,Er04,31,380,59,42,4.59,0.0779,0.426
Er,Er04,32,721,61,68,5.18,0.0849,0.481
Er,Er04,33,415,63,179,5.34,0.0848,0.445
Er,Er04,34,074,53,23,5.23,0.0987,0.355
Er,Er04,35,526,59,61,5.03,0.0853,0.423
Er,Er04,36,001,54,10,8.44,0.1563,0.707
Er,Er05,0,204,61,48,6.3,0.1033,0.425
Er,Er05,1,001,47,12,6.59,0.1402,0.608
Er,Er05,2,005,59,27,5.8,0.0983,0.436
Er,Er05,3,204,55,53,5.32,0.0968,0.479
Er,Er05,4,009,59,34,6.88,0.1166,0.331
Er,Er05,5,005,59,86,6.86,0.1162,0.478
Er,Er05,6,204,53,35,7.65,0.1443,0.451
Er,Er05,7,005,55,69,7.7,0.1399,0.47
Er,Er05,8,205,58,89,8.29,0.1429,0.509
Er,Er05,9,005,57,18,6.75,0.1185,0.62
Er,Er05,10,205,56,25,7.57,0.1351,0.537
Er,Er05,11,001,52,30,7.04,0.1354,0.537
Er,Er05,12,049,58,60,8.32,0.1434,0.561
Er,Er05,13,005,54,22,6.76,0.1251,0.578
Er,Er05,14,205,57,23,7.0,0.1229,0.555
Er,Er05,15,700,56,32,8.95,0.1598,0.513
Er,Er05,16,700,51,15,6.18,0.1212,0.72
Er,Er05,17,005,57,55,6.84,0.1201,0.458
Er,Er05,18,001,57,31,6.21,0.109,0.469
Er,Er05,19,670,57,54,7.53,0.1321,0.47
Er,Er05,20,002,56,30,5.87,0.1048,0.476
Er,Er05,21,670,56,70,5.33,0.0952,0.447
Er,Er05,22,002,53,43,5.39,0.1017,0.414
Er,Er05,23,200,46,24,5.09,0.1106,0.534
Er,Er05,24,431,52,60,5.18,0.0996,0.488
Er,Er05,25,002,54,65,5.23,0.0969,0.429
Er,Er05,26,200,53,14,6.1,0.115,0.675
Er,Er05,27,206,56,70,5.33,0.0951,0.469
Er,Er05,28,001,52,18,5.94,0.1142,0.594
Er,Er05,29,206,58,62,5.01,0.0864,0.381
Er,Er05,30,048,59,119,5.21,0.0883,0.422
Er,Er05,31,004,57,68,4.84,0.085,0.412
Er,Er05,32,022,59,77,6.19,0.105,0.434
Er,Er05,33,300,61,68,4.98,0.0817,0.393
Er,Er05,34,300,51,46,4.95,0.097,0.47
Er,Er05,35,300,50,3,4.69,0.0939,0.7
Er,Er05,36,300,50,8,3.55,0.0709,0.573
Er,Er05,37,200,57,19,4.36,0.0765,0.415
Er,Er05,38,017,49,17,4.46,0.091,0.604
Er,Er05,39,053,43,8,4.61,0.1071,0.459
Er,Er05,40,017,55,17,4.63,0.0842,0.359
Er,Er05,41,004,57,48,4.55,0.0798,0.301
Er,Er06,0,022,28,12,4.45,0.159,0.363
Er,Er06,1,739,43,36,3.96,0.0922,0.194
Er,Er06,2,300,57,33,4.98,0.0874,0.366
Er,Er06,3,739,60,36,5.2,0.0866,0.394
Er,Er06,4,300,59,35,5.81,0.0984,0.407
Er,Er06,5,300,61,123,6.48,0.1063,0.468
Er,Er06,6,430,58,31,7.36,0.127,0.556
Er,Er06,7,300,61,95,5.76,0.0945,0.477
Er,Er06,8,430,59,37,5.4,0.0915,0.484
Er,Er06,9,008,57,47,5.95,0.1043,0.468
Er,Er06,10,300,63,116,5.45,0.0864,0.444
Er,Er06,11,049,57,31,5.29,0.0927,0.421
Er,Er06,12,200,59,62,5.25,0.0889,0.456
Er,Er06,13,206,59,120,5.67,0.0962,0.408
Er,Er06,14,004,61,54,5.91,0.0969,0.452
Er,Er06,15,022,59,71,5.73,0.0972,0.467
Er,Er06,16,200,60,54,5.85,0.0975,0.447
Er,Er06,17,280,61,30,6.05,0.0992,0.448
Er,Er06,18,770,63,70,6.02,0.0955,0.466
Er,Er06,19,450,61,29,5.64,0.0925,0.453
Er,Er06,20,730,61,57,6.36,0.1042,0.481
Er,Er06,21,450,52,25,7.79,0.1498,0.517
Er,Er06,22,730,55,57,7.09,0.129,0.514
Er,Er06,23,450,53,29,7.11,0.1341,0.506
Er,Er06,24,407,57,58,7.51,0.1318,0.498
Er,Er06,25,450,54,31,7.77,0.1439,0.474
Er,Er06,26,608,60,70,5.52,0.092,0.435
Er,Er06,27,450,57,27,5.5,0.0965,0.428
Er,Er06,28,680,60,88,4.95,0.0826,0.436
Er,Er06,29,040,56,16,4.53,0.0809,0.443
Er,Er06,30,040,56,16,4.6,0.0821,0.535
Er,Er06,31,300,59,68,7.15,0.1211,0.506
Er,Er06,32,004,61,52,5.49,0.0899,0.474
Er,Er06,33,022,61,64,4.69,0.0769,0.343
Er,Er06,34,204,60,68,4.72,0.0786,0.427
Er,Er06,35,711,51,14,3.2,0.0628,0.203
Er,Er07,2,022,11,12,3.41,0.3096,0.409
Er,Er07,3,022,10,9,3.62,0.3622,0.511
Er,Er07,4,076,43,18,4.2,0.0977,0.366
Er,Er07,5,022,55,24,6.45,0.1173,0.386
Er,Er07,6,022,55,19,7.09,0.1289,0.559
Er,Er07,7,092,57,19,4.74,0.0831,0.409
Er,Er07,8,050,56,40,7.84,0.14,0.416
Er,Er07,9,670,61,123,6.06,0.0994,0.436
Er,Er07,10,092,58,48,8.27,0.1427,0.487
Er,Er07,11,050,57,52,7.79,0.1367,0.593
Er,Er07,12,670,55,76,6.17,0.1122,0.433
Er,Er07,13,092,59,44,6.82,0.1156,0.47
Er,Er07,14,050,56,46,7.5,0.1339,0.548
Er,Er07,15,670,58,55,6.72,0.1158,0.481
Er,Er07,16,002,44,32,7.49,0.1702,0.582
Er,Er07,17,670,54,55,7.05,0.1305,0.51
Er,Er07,18,002,51,29,7.35,0.1441,0.55
Er,Er07,19,670,52,59,7.29,0.1402,0.476
Er,Er07,20,002,43,27,5.3,0.1233,0.56
Er,Er07,21,027,49,36,5.47,0.1116,0.516
Er,Er07,22,027,56,35,5.99,0.107,0.564
Er,Er07,23,420,57,80,5.72,0.1004,0.399
Er,Er07,24,200,56,86,5.87,0.1049,0.488
Er,Er07,25,608,60,67,5.23,0.0872,0.36
Er,Er07,26,205,51,52,5.64,0.1105,0.49
Er,Er07,27,019,50,21,5.13,0.1026,0.54
Er,Er07,28,205,50,61,5.54,0.1108,0.453
Er,Er07,29,697,55,65,5.25,0.0954,0.482
Er,Er07,30,407,57,74,5.2,0.0912,0.381
Er,Er07,31,522,57,57,5.75,0.1009,0.41
Er,Er07,32,002,52,29,5.38,0.1035,0.446
Er,Er07,33,010,61,65,4.89,0.0802,0.43
Er,Er07,34,004,60,76,5.49,0.0915,0.355
Er,Er07,35,022,58,60,6.11,0.1053,0.438
Er,Er07,36,204,53,69,5.14,0.097,0.407
Er,Er07,37,664,57,87,5.6,0.0983,0.389
Er,Er07,38,091,53,32,5.68,0.1072,0.399
Er,Er07,39,008,54,37,4.63,0.0857,0.262
Er,Er07,40,009,45,26,3.71,0.0824,0.23
Er,Er08,2,001,27,32,4.72,0.1749,0.356
Er,Er08,4,004,50,37,6.16,0.1231,0.494
Er,Er08,5,022,61,92,6.16,0.101,0.345
Er,Er08,6,093,51,61,5.55,0.1088,0.435
Er,Er08,7,069,51,36,6.09,0.1195,0.483
Er,Er08,8,004,59,56,6.05,0.1026,0.479
Er,Er08,9,006,57,60,5.44,0.0955,0.467
Er,Er08,10,206,60,29,5.54,0.0924,0.483
Er,Er08,11,004,59,67,6.09,0.1033,0.472
Er,Er08,12,022,60,67,4.97,0.0828,0.381
Er,Er08,13,200,61,103,5.46,0.0894,0.477
Er,Er08,14,400,61,86,5.54,0.0909,0.437
Er,Er08,15,255,59,64,6.75,0.1145,0.505
Er,Er08,16,279,61,59,5.45,0.0893,0.465
Er,Er08,17,010,61,55,6.03,0.0988,0.506
Er,Er08,18,010,59,65,6.92,0.1173,0.566
Er,Er08,19,004,58,75,6.92,0.1193,0.473
Er,Er08,20,022,58,54,7.78,0.1341,0.597
Er,Er08,21,226,59,60,7.79,0.132,0.592
Er,Er08,22,022,59,20,11.84,0.2007,0.653
Er,Er08,23,670,57,57,6.5,0.1141,0.506
Er,Er08,24,700,57,28,6.82,0.1196,0.521
Er,Er08,25,381,60,50,8.19,0.1365,0.552
Er,Er08,26,079,59,32,8.22,0.1393,0.594
Er,Er08,27,004,59,93,6.31,0.107,0.415
Er,Er08,28,022,54,81,6.08,0.1125,0.347
Er,Er08,29,011,59,72,5.49,0.0931,0.409
Er,Er08,30,470,61,70,7.46,0.1222,0.36
Er,Er08,31,739,27,20,4.3,0.1591,0.352
Ev,Ev01,0,022,46,16,5.25,0.114,0.397
Ev,Ev01,1,002,61,24,4.85,0.0795,0.335
Ev,Ev01,2,034,59,52,4.66,0.079,0.318
Ev,Ev01,3,002,61,43,4.72,0.0773,0.358
Ev,Ev01,4,001,34,19,6.62,0.1946,0.457
Ev,Ev01,5,002,38,27,6.41,0.1687,0.503
Ev,Ev01,6,034,39,33,5.16,0.1323,0.311
Ev,Ev01,7,306,42,66,4.71,0.1122,0.331
Ev,Ev01,8,070,38,30,4.21,0.1108,0.357
Ev,Ev01,9,521,62,58,4.47,0.0721,0.333
Ev,Ev01,10,306,34,92,4.17,0.1226,0.299
Ev,Ev01,11,070,47,36,3.97,0.0845,0.292
Ev,Ev01,12,063,41,28,4.56,0.1112,0.287
Ev,Ev01,13,022,36,27,5.52,0.1533,0.38
Ev,Ev01,14,063,33,24,3.78,0.1147,0.264
Ev,Ev02,0,002,60,55,5.38,0.0896,0.31
Ev,Ev02,1,254,62,70,5.81,0.0937,0.41
Ev,Ev02,2,522,54,39,5.1,0.0944,0.45
Ev,Ev02,3,022,55,18,6.5,0.1182,0.679
Ev,Ev02,4,001,56,43,5.83,0.1041,0.512
Ev,Ev02,5,077,55,8,4.94,0.0898,0.591
Ev,Ev02,6,027,59,12,5.51,0.0934,0.662
Ev,Ev02,7,294,62,55,5.1,0.0822,0.398
Ev,Ev02,8,002,62,88,5.33,0.086,0.418
Ev,Ev02,9,211,63,61,6.31,0.1002,0.443
Ev,Ev02,10,091,66,77,5.73,0.0868,0.405
Ev,Ev02,11,071,62,33,5.28,0.0852,0.386
Ev,Ev02,12,006,62,40,5.39,0.0869,0.402
Ev,Ev02,13,047,59,30,5.12,0.0867,0.393
Ev,Ev02,14,380,67,137,5.62,0.0839,0.385
Ev,Ev02,15,739,65,59,5.88,0.0904,0.427
Ev,Ev02,16,400,63,77,5.32,0.0844,0.384
Ev,Ev02,17,700,66,68,5.16,0.0782,0.408
Ev,Ev02,18,004,63,18,6.19,0.0983,0.443
Ev,Ev02,19,700,67,26,4.54,0.0678,0.348
Ev,Ev02,20,380,64,15,5.88,0.0919,0.497
Ev,Ev02,21,022,61,51,6.65,0.109,0.47
Ev,Ev02,22,343,63,58,5.76,0.0914,0.388
Ev,Ev02,23,044,64,80,5.93,0.0926,0.357
Ev,Ev02,24,697,62,71,5.76,0.093,0.373
Ev,Ev02,25,380,62,60,6.62,0.1068,0.45
Ev,Ev02,26,600,62,90,5.0,0.0807,0.255
Ev,Ev02,27,400,61,73,4.66,0.0764,0.237
Ev,Ev03,0,204,60,51,4.43,0.0738,0.221
Ev,Ev03,1,002,57,23,5.16,0.0906,0.297
Ev,Ev03,2,001,44,12,5.64,0.1282,0.544
Ev,Ev03,3,007,49,34,5.94,0.1212,0.396
Ev,Ev03,4,326,62,64,5.48,0.0884,0.383
Ev,Ev03,5,380,61,62,6.91,0.1132,0.495
Ev,Ev03,6,070,60,46,5.88,0.0981,0.426
Ev,Ev03,7,040,62,81,5.61,0.0905,0.362
Ev,Ev03,8,290,59,72,6.04,0.1024,0.448
Ev,Ev03,9,062,61,39,5.26,0.0862,0.475
Ev,Ev03,10,009,58,32,6.17,0.1065,0.427
Ev,Ev03,11,062,59,49,6.75,0.1145,0.484
Ev,Ev03,12,001,59,17,5.46,0.0926,0.583
Ev,Ev03,13,006,57,20,4.46,0.0783,0.406
Ev,Ev03,14,001,59,26,5.63,0.0954,0.517
Ev,Ev03,15,006,57,19,4.81,0.0844,0.44
Ev,Ev03,16,670,52,18,4.77,0.0918,0.467
Ev,Ev03,17,091,59,87,6.23,0.1055,0.435
Ev,Ev03,18,380,61,63,4.97,0.0815,0.356
Ev,Ev03,19,007,61,54,5.32,0.0872,0.513
Ev,Ev03,20,067,61,46,4.68,0.0767,0.409
Ev,Ev03,21,067,62,56,5.5,0.0887,0.45
Ev,Ev03,22,001,61,75,4.89,0.0801,0.434
Ev,Ev03,23,670,65,53,5.05,0.0776,0.437
Ev,Ev03,24,580,66,34,5.29,0.0802,0.431
Ev,Ev03,25,380,66,56,4.92,0.0746,0.439
Ev,Ev03,26,245,61,73,5.11,0.0837,0.466
Ev,Ev03,27,004,60,37,5.77,0.0961,0.523
Ev,Ev03,28,380,65,57,5.63,0.0867,0.517
Ev,Ev03,29,022,61,50,5.9,0.0968,0.48
Ev,Ev03,30,063,62,53,6.32,0.1019,0.479
Ev,Ev03,31,380,63,59,6.68,0.106,0.526
Ev,Ev03,32,002,60,28,6.0,0.1,0.543
Ev,Ev03,33,760,65,66,4.84,0.0744,0.366
Ev,Ev03,34,050,59,25,5.38,0.0912,0.424
Ev,Ev03,35,002,57,26,5.8,0.1018,0.567
Ev,Ev03,36,760,61,66,5.08,0.0832,0.393
Ev,Ev03,38,002,41,27,7.71,0.188,0.473
Ev,Ev04,2,001,64,18,5.08,0.0794,0.424
Ev,Ev04,3,047,61,35,5.57,0.0914,0.349
Ev,Ev04,4,001,52,38,6.44,0.1239,0.56
Ev,Ev04,5,380,57,62,5.5,0.0966,0.486
Ev,Ev04,6,280,63,54,6.17,0.098,0.496
Ev,Ev04,7,001,57,14,6.02,0.1055,0.713
Ev,Ev04,8,280,60,49,6.35,0.1058,0.504
Ev,Ev04,9,002,57,26,5.2,0.0912,0.497
Ev,Ev04,10,001,62,16,4.49,0.0725,0.451
Ev,Ev04,11,380,65,51,5.53,0.0851,0.511
Ev,Ev04,12,001,61,20,5.0,0.082,0.575
Ev,Ev04,13,057,57,44,5.85,0.1026,0.444
Ev,Ev04,14,001,59,15,5.66,0.0959,0.638
Ev,Ev04,15,001,57,20,5.35,0.0938,0.63
Ev,Ev04,17,200,59,34,4.8,0.0814,0.473
Ev,Ev04,18,001,55,16,6.01,0.1092,0.594
Ev,Ev04,19,522,59,39,4.85,0.0822,0.465
Ev,Ev04,20,380,58,35,5.12,0.0884,0.51
Ev,Ev04,21,607,60,51,5.11,0.0852,0.533
Ev,Ev04,22,607,64,64,4.92,0.0769,0.397
Ev,Ev04,23,650,66,105,5.29,0.0801,0.458
Ev,Ev04,24,380,64,51,4.5,0.0702,0.499
Ev,Ev04,25,200,62,86,5.17,0.0833,0.506
Ev,Ev04,26,380,66,52,4.79,0.0726,0.473
Ev,Ev04,27,376,66,71,5.57,0.0845,0.457
Ev,Ev04,28,001,63,13,3.99,0.0634,0.575
Ev,Ev04,29,001,63,17,4.89,0.0776,0.564
Ev,Ev04,31,405,63,75,6.42,0.1019,0.444
Ev,Ev04,32,522,62,60,6.41,0.1033,0.504
Ev,Ev04,33,405,64,60,6.16,0.0962,0.505
Ev,Ev04,34,022,59,14,6.25,0.106,0.614
Ev,Ev04,35,010,64,39,6.0,0.0938,0.534
Ev,Ev04,36,010,64,49,7.77,0.1214,0.455
Ev,Ev04,37,430,27,13,5.06,0.1874,0.459
Ev,Ev04,38,430,64,27,6.14,0.096,0.413
Ev,Ev04,39,407,66,61,6.1,0.0924,0.411
Ev,Ev04,40,405,63,76,5.27,0.0836,0.322
Ev,Ev04,41,407,64,78,4.53,0.0708,0.239
Ev,Ev05,0,022,53,15,3.88,0.0731,0.369
Ev,Ev05,1,205,61,49,5.0,0.082,0.398
Ev,Ev05,2,308,62,71,5.85,0.0944,0.321
Ev,Ev05,3,205,62,57,6.73,0.1086,0.402
Ev,Ev05,4,002,64,29,4.62,0.0722,0.473
Ev,Ev05,5,001,35,17,5.33,0.1522,0.486
Ev,Ev05,6,007,64,48,6.67,0.1043,0.428
Ev,Ev05,8,001,64,67,5.83,0.0911,0.482
Ev,Ev05,9,380,64,32,6.87,0.1074,0.504
Ev,Ev05,10,088,61,41,5.05,0.0828,0.499
Ev,Ev05,11,047,64,44,5.09,0.0795,0.428
Ev,Ev05,12,001,64,66,4.92,0.0769,0.466
Ev,Ev05,13,380,64,73,4.95,0.0774,0.418
Ev,Ev05,14,207,64,47,5.49,0.0858,0.47
Ev,Ev05,15,040,62,24,4.24,0.0684,0.531
Ev,Ev05,16,073,56,11,4.1,0.0731,0.503
Ev,Ev05,17,053,66,57,4.84,0.0733,0.437
Ev,Ev05,18,380,66,85,5.3,0.0803,0.473
Ev,Ev05,19,028,65,27,4.79,0.0737,0.556
Ev,Ev05,20,019,64,58,4.43,0.0693,0.375
Ev,Ev05,21,380,62,58,4.69,0.0757,0.388
Ev,Ev05,22,172,65,52,4.49,0.069,0.335
Ev,Ev05,23,631,64,39,5.13,0.0801,0.495
Ev,Ev05,24,009,66,54,4.43,0.0671,0.468
Ev,Ev05,25,380,61,40,4.38,0.0718,0.339
Ev,Ev05,26,091,61,55,4.47,0.0732,0.405
Ev,Ev05,27,774,62,70,4.61,0.0743,0.402
Ev,Ev05,28,581,64,55,4.51,0.0704,0.448
Ev,Ev05,29,380,51,23,4.28,0.0839,0.436
Ev,Ev05,30,680,61,96,4.51,0.0739,0.438
Ev,Ev05,31,684,62,85,5.83,0.0941,0.426
Ev,Ev05,32,224,58,66,5.37,0.0926,0.455
Ev,Ev05,33,007,60,39,5.27,0.0878,0.399
Ev,Ev05,34,400,61,56,6.29,0.1031,0.444
Ev,Ev05,35,206,62,60,5.41,0.0873,0.383
Ev,Ev05,36,080,52,42,6.23,0.1199,0.401
Ev,Ev06,0,020,47,13,5.61,0.1193,0.434
Ev,Ev06,1,020,48,11,4.61,0.096,0.597
Ev,Ev06,2,004,55,23,3.76,0.0683,0.343
Ev,Ev06,3,056,57,47,4.6,0.0807,0.362
Ev,Ev06,4,007,62,41,5.26,0.0849,0.466
Ev,Ev06,5,067,61,51,5.06,0.0829,0.383
Ev,Ev06,6,244,64,85,4.68,0.0731,0.378
Ev,Ev06,7,027,61,49,5.15,0.0845,0.456
Ev,Ev06,8,077,66,69,5.81,0.0881,0.432
Ev,Ev06,9,004,62,12,4.13,0.0667,0.605
Ev,Ev06,10,522,66,46,5.05,0.0765,0.387
Ev,Ev06,11,700,63,34,4.81,0.0764,0.401
Ev,Ev06,12,600,64,57,4.8,0.075,0.387
Ev,Ev06,13,059,58,41,5.61,0.0967,0.438
Ev,Ev06,14,324,66,64,4.92,0.0746,0.373
Ev,Ev06,15,004,63,38,4.6,0.0731,0.419
Ev,Ev06,16,030,66,49,3.87,0.0586,0.308
Ev,Ev06,17,004,61,19,4.52,0.0742,0.525
Ev,Ev06,18,055,65,50,4.87,0.0749,0.425
Ev,Ev06,19,244,66,87,4.11,0.0623,0.378
Ev,Ev06,20,730,64,60,4.28,0.0669,0.421
Ev,Ev06,21,002,66,71,5.17,0.0784,0.47
Ev,Ev06,22,002,63,33,5.52,0.0876,0.464
Ev,Ev06,23,001,63,17,4.09,0.065,0.472
Ev,Ev06,24,002,66,69,4.51,0.0683,0.374
Ev,Ev06,25,515,64,55,4.91,0.0768,0.443
Ev,Ev06,26,040,63,29,4.6,0.0731,0.383
Ev,Ev06,27,670,66,76,5.17,0.0784,0.34
Ev,Ev06,28,002,64,48,6.32,0.0988,0.497
Ev,Ev06,29,001,64,45,4.84,0.0756,0.435
Ev,Ev06,30,200,64,64,5.78,0.0904,0.523
Ev,Ev06,31,010,66,41,7.84,0.1189,0.596
Ev,Ev06,32,400,66,73,6.44,0.0975,0.434
Ev,Ev06,33,013,67,42,5.74,0.0857,0.398
Ev,Ev06,34,400,66,68,7.52,0.1139,0.446
Ev,Ev06,35,053,57,29,5.17,0.0908,0.405
Ev,Ev06,36,006,65,44,5.95,0.0915,0.343
Ev,Ev06,37,006,60,33,5.2,0.0867,0.269
Ev,Ev07,2,035,61,44,6.72,0.1102,0.351
Ev,Ev07,3,070,63,51,5.87,0.0932,0.258
Ev,Ev07,4,035,55,51,7.16,0.1302,0.362
Ev,Ev07,5,400,64,52,5.82,0.0909,0.343
Ev,Ev07,6,035,59,69,6.94,0.1177,0.354
Ev,Ev07,7,071,64,54,7.52,0.1174,0.437
Ev,Ev07,8,035,64,61,5.83,0.091,0.346
Ev,Ev07,9,010,67,53,5.92,0.0883,0.371
Ev,Ev07,10,035,66,66,5.67,0.0859,0.474
Ev,Ev07,11,276,67,78,5.32,0.0793,0.279
Ev,Ev07,12,188,64,39,5.11,0.0798,0.284
Ev,Ev07,13,031,62,57,4.99,0.0805,0.418
Ev,Ev07,14,509,65,56,4.96,0.0764,0.349
Ev,Ev07,15,062,64,37,4.84,0.0756,0.368
Ev,Ev07,16,009,64,42,5.52,0.0863,0.4
Ev,Ev07,17,092,52,6,4.78,0.0918,0.715
Ev,Ev07,18,001,64,7,5.67,0.0885,0.658
Ev,Ev07,19,092,68,50,4.84,0.0711,0.42
Ev,Ev07,20,009,68,38,5.04,0.0741,0.338
Ev,Ev07,21,092,63,41,4.48,0.0711,0.286
Ev,Ev07,22,005,59,35,3.97,0.0673,0.335
Ev,Ev07,23,092,50,33,4.09,0.0817,0.338
Ev,Ev07,24,005,62,40,3.94,0.0636,0.307
Ev,Ev07,25,092,62,16,4.27,0.0688,0.532
Ev,Ev07,26,001,67,19,4.65,0.0693,0.54
Ev,Ev07,27,739,68,44,4.43,0.0651,0.417
Ev,Ev07,28,244,64,78,4.48,0.0701,0.329
Ev,Ev07,29,044,64,63,4.49,0.0702,0.353
Ev,Ev07,30,092,64,16,5.17,0.0808,0.593
Ev,Ev07,31,022,62,24,4.78,0.0771,0.456
Ev,Ev07,32,092,62,36,4.39,0.0707,0.326
Ev,Ev07,33,090,62,43,4.85,0.0782,0.333
Ev,Ev07,34,092,65,44,4.89,0.0753,0.348
Ev,Ev07,35,386,62,102,4.61,0.0743,0.371
Ev,Ev07,36,755,66,47,4.68,0.0709,0.396
Ev,Ev07,37,298,66,76,4.52,0.0685,0.423
Ev,Ev07,38,020,61,23,4.48,0.0735,0.505
Ev,Ev07,39,079,62,61,4.45,0.0717,0.444
Ev,Ev07,40,079,54,40,4.74,0.0878,0.227
Ev,Ev08,0,200,57,72,4.56,0.0799,0.315
Ev,Ev08,1,073,59,46,3.83,0.0649,0.296
Ev,Ev08,2,001,55,44,3.89,0.0707,0.28
Ev,Ev08,3,011,54,16,4.71,0.0873,0.471
Ev,Ev08,4,073,61,54,4.24,0.0695,0.359
Ev,Ev08,5,700,56,19,3.94,0.0704,0.449
Ev,Ev08,6,022,56,18,3.99,0.0713,0.469
Ev,Ev08,7,022,56,22,3.94,0.0704,0.404
Ev,Ev08,8,305,64,76,4.18,0.0653,0.35
Ev,Ev08,9,022,62,36,4.37,0.0705,0.361
Ev,Ev08,10,022,55,16,3.97,0.0721,0.398
Ev,Ev08,11,022,62,16,4.16,0.0671,0.421
Ev,Ev08,12,755,65,43,3.83,0.0589,0.303
Ev,Ev08,13,099,64,24,4.06,0.0635,0.376
Ev,Ev08,14,755,64,33,4.39,0.0686,0.277
Ev,Ev08,15,001,55,16,4.64,0.0844,0.464
Ev,Ev08,16,046,68,28,4.1,0.0603,0.415
Ev,Ev08,17,073,71,50,4.14,0.0583,0.245
Ev,Ev08,18,522,68,56,4.24,0.0624,0.328
Ev,Ev08,19,050,55,27,4.0,0.0727,0.252
Ev,Ev08,20,022,66,23,3.84,0.0582,0.262
Ev,Ev08,21,055,58,20,4.1,0.0706,0.291
Ev,Ev08,22,590,65,59,3.88,0.0598,0.286
Ev,Ev08,23,755,36,7,3.3,0.0917,0.623
Ev,Ev08,24,459,66,43,3.69,0.0559,0.322
Ev,Ev08,25,379,65,53,4.42,0.0679,0.341
Ev,Ev08,26,006,62,69,5.25,0.0846,0.357
Ev,Ev08,27,202,66,75,4.79,0.0726,0.391
Ev,Ev08,28,739,62,63,4.72,0.0762,0.294
Ev,Ev08,29,020,58,27,6.46,0.1114,0.349
Ev,Ev08,30,002,51,22,5.14,0.1008,0.385
Ev,Ev08,31,068,58,28,5.24,0.0903,0.459
Ev,Ev08,32,077,66,70,5.13,0.0777,0.378
Ev,Ev08,33,055,63,23,4.84,0.0768,0.388
Ev,Ev08,34,095,62,43,4.54,0.0733,0.329
Ev,Ev08,35,326,66,77,6.53,0.0989,0.392
Ev,Ev08,36,019,55,19,5.49,0.0998,0.442
Ev,Ev08,37,057,60,41,4.82,0.0804,0.407
Ev,Ev08,38,019,48,19,4.17,0.0869,0.418
Ev,Ev08,39,107,59,20,5.54,0.0938,0.59
Ev,Ev08,40,019,58,18,5.05,0.0871,0.515
Gr,Gr07,0,079,83,48,5.09,0.0614,0.301
Gr,Gr07,1,450,78,39,4.88,0.0626,0.399
Gr,Gr07,2,019,85,73,5.21,0.0613,0.33
Gr,Gr07,3,380,87,84,5.35,0.0615,0.398
Gr,Gr07,4,162,90,53,5.29,0.0588,0.366
Gr,Gr07,5,522,92,61,5.49,0.0597,0.303
Gr,Gr07,6,050,89,42,5.71,0.0641,0.304
Gr,Gr07,7,002,89,73,5.35,0.0602,0.4
Gr,Gr07,8,450,93,87,5.19,0.0558,0.389
Gr,Gr07,9,380,90,66,4.69,0.0521,0.329
Gr,Gr07,10,091,92,56,4.31,0.0468,0.282
Gr,Gr07,11,773,95,85,4.39,0.0462,0.233
Gr,Gr07,12,260,84,44,4.57,0.0545,0.314
Gr,Gr07,13,020,92,98,5.27,0.0573,0.293
Gr,Gr07,14,306,87,16,5.34,0.0613,0.391
Gr,Gr07,15,730,90,60,4.82,0.0535,0.266
Gr,Gr07,16,006,85,43,4.8,0.0565,0.29
Gr,Gr07,17,002,81,66,4.65,0.0575,0.239
Gr,Gr07,18,020,80,26,5.31,0.0664,0.276
Gr,Gr07,19,302,83,45,5.35,0.0645,0.382
Gr,Gr07,20,098,82,104,4.96,0.0605,0.274
Gr,Gr07,21,007,95,83,4.69,0.0494,0.345
Gr,Gr07,23,002,76,37,4.22,0.0555,0.346
Gr,Gr07,24,022,77,70,4.25,0.0552,0.349
Gr,Gr07,25,291,88,103,4.92,0.0559,0.326
Gr,Gr07,26,773,92,96,4.71,0.0512,0.24
Gr,Gr07,27,005,71,44,5.47,0.077,0.476
Gr,Gr07,28,291,68,32,4.62,0.068,0.302
Gr,Gr07,30,007,78,51,5.94,0.0762,0.402
Gv,Gv02,0,001,63,54,4.69,0.0744,0.442
Gv,Gv02,1,030,74,38,4.45,0.0601,0.216
Gv,Gv02,2,001,13,7,4.94,0.3799,0.692
Gv,Gv02,3,031,58,11,3.91,0.0675,0.213
Gv,Gv02,4,001,63,19,4.39,0.0697,0.342
Gv,Gv02,5,001,69,25,5.13,0.0743,0.367
Gv,Gv02,6,074,76,13,3.75,0.0493,0.26
Gv,Gv02,7,031,73,38,5.15,0.0706,0.305
Gv,Gv02,8,086,81,37,5.79,0.0715,0.357
Gv,Gv02,9,722,70,31,4.49,0.0641,0.305
Gv,Gv02,10,022,76,63,5.51,0.0726,0.394
Gv,Gv02,11,674,87,49,4.85,0.0557,0.321
Gv,Gv02,12,009,81,42,5.02,0.062,0.301
Gv,Gv02,13,452,80,23,5.43,0.0679,0.46
Gv,Gv02,14,112,90,155,5.11,0.0568,0.324
Gv,Gv02,15,059,74,65,4.81,0.065,0.313
Gv,Gv02,16,214,91,96,4.12,0.0452,0.29
Gv,Gv02,17,280,87,150,4.42,0.0508,0.31
Gv,Gv02,18,011,86,71,4.53,0.0526,0.317
Gv,Gv02,19,003,78,18,4.93,0.0632,0.588
Gv,Gv02,20,044,53,12,3.62,0.0682,0.186
Gv,Gv02,21,020,86,30,3.99,0.0464,0.376
Gv,Gv02,22,008,83,31,4.37,0.0526,0.402
Gv,Gv02,23,033,84,65,4.4,0.0524,0.367
Gv,Gv02,24,059,55,25,4.26,0.0774,0.229
Gv,Gv02,25,224,79,32,4.46,0.0565,0.407
Gv,Gv02,26,062,76,50,4.64,0.0611,0.352
Gv,Gv02,27,739,86,154,4.32,0.0502,0.327
Gv,Gv02,28,471,79,34,4.46,0.0565,0.318
Gv,Gv02,29,460,80,74,4.52,0.0565,0.27
Gv,Gv02,30,254,83,171,4.91,0.0592,0.371
Gv,Gv02,31,022,73,37,5.35,0.0733,0.345
Gv,Gv02,32,700,79,88,4.78,0.0605,0.384
Gv,Gv02,33,092,77,17,8.68,0.1127,0.623
Gv,Gv03,0,092,77,36,4.87,0.0632,0.429
Gv,Gv03,1,022,77,33,4.65,0.0604,0.427
Gv,Gv03,2,692,83,77,5.15,0.062,0.412
Gv,Gv03,3,092,87,93,5.26,0.0605,0.408
Gv,Gv03,4,151,93,70,5.02,0.054,0.308
Gv,Gv03,5,692,90,108,5.05,0.0561,0.352
Gv,Gv03,6,525,89,47,5.5,0.0618,0.399
Gv,Gv03,7,739,79,30,5.71,0.0723,0.435
Gv,Gv03,8,044,90,51,6.43,0.0715,0.372
Gv,Gv03,9,090,92,97,5.04,0.0548,0.283
Gv,Gv03,10,430,21,16,4.05,0.1928,0.443
Gv,Gv03,11,670,96,60,4.83,0.0503,0.316
Gv,Gv03,12,256,96,165,4.69,0.0489,0.29
Gv,Gv03,13,044,89,35,4.64,0.0521,0.309
Gv,Gv03,14,291,95,81,4.55,0.0479,0.312
Gv,Gv03,15,776,100,137,4.74,0.0474,0.309
Gv,Gv03,16,306,92,71,4.19,0.0456,0.325
Gv,Gv03,17,770,97,142,4.48,0.0462,0.229
Gv,Gv03,18,306,98,65,4.54,0.0463,0.272
Gv,Gv03,19,608,97,151,4.92,0.0507,0.33
Gv,Gv03,20,005,94,105,4.64,0.0493,0.343
Gv,Gv03,21,608,77,59,5.44,0.0707,0.405
Gv,Gv03,22,006,89,82,5.63,0.0632,0.361
Gv,Gv03,23,430,88,52,4.82,0.0547,0.406
Gv,Gv03,24,070,86,60,6.08,0.0707,0.433
Gv,Gv03,25,003,88,69,5.28,0.06,0.342
Gv,Gv03,26,040,72,49,5.48,0.0762,0.417
Gv,Gv03,27,031,77,29,5.13,0.0666,0.248
Gv,Gv03,28,056,66,45,5.41,0.082,0.423
Gv,Gv04,0,470,94,103,5.3,0.0564,0.375
Gv,Gv04,1,070,89,57,4.41,0.0495,0.348
Gv,Gv04,2,500,91,92,5.15,0.0566,0.348
Gv,Gv04,3,091,84,44,5.76,0.0685,0.308
Gv,Gv04,4,430,90,65,5.37,0.0597,0.345
Gv,Gv04,5,008,94,96,5.35,0.0569,0.373
Gv,Gv04,6,091,91,124,5.06,0.0556,0.351
Gv,Gv04,7,650,71,34,4.63,0.0652,0.361
Gv,Gv04,8,123,95,42,5.47,0.0576,0.379
Gv,Gv04,9,022,95,79,5.21,0.0549,0.336
Gv,Gv04,10,048,86,46,4.75,0.0552,0.381
Gv,Gv04,11,700,79,35,4.08,0.0517,0.335
Gv,Gv04,12,111,78,42,4.33,0.0554,0.334
Gv,Gv04,13,111,36,3,2.14,0.0595,0.528
Gv,Gv04,14,600,81,42,4.43,0.0547,0.304
Gv,Gv04,15,046,80,70,4.68,0.0586,0.342
Gv,Gv04,16,074,84,38,4.86,0.0578,0.44
Gv,Gv04,17,321,83,33,4.92,0.0592,0.339
Gv,Gv04,18,022,83,63,4.22,0.0508,0.335
Gv,Gv04,19,081,78,42,4.29,0.055,0.391
Gv,Gv04,20,227,43,10,3.65,0.0849,0.474
Gv,Gv04,21,460,79,43,4.1,0.0519,0.356
Gv,Gv04,22,021,90,123,4.38,0.0486,0.316
Gv,Gv04,23,040,76,78,4.44,0.0584,0.356
Gv,Gv04,24,005,80,68,4.46,0.0558,0.336
Gv,Gv04,25,502,89,96,5.0,0.0562,0.325
Gv,Gv04,26,002,80,59,4.46,0.0557,0.261
Gv,Gv04,27,008,78,29,4.88,0.0625,0.412
Gv,Gv04,28,005,72,52,4.8,0.0667,0.407
Gv,Gv04,29,040,72,63,4.92,0.0683,0.406
Gv,Gv04,30,048,81,54,5.28,0.0652,0.415
Gv,Gv04,31,009,76,38,5.03,0.0661,0.327
Gv,Gv04,32,005,83,95,5.13,0.0618,0.354
Gv,Gv05,0,005,91,62,5.12,0.0563,0.337
Gv,Gv05,1,001,74,11,4.07,0.055,0.361
Gv,Gv05,2,001,80,60,4.96,0.062,0.301
Gv,Gv05,3,021,54,11,4.41,0.0817,0.391
Gv,Gv05,4,048,77,54,5.22,0.0679,0.396
Gv,Gv05,5,200,35,22,4.77,0.1364,0.36
Gv,Gv05,6,200,80,40,4.51,0.0564,0.408
Gv,Gv05,8,421,87,93,4.72,0.0543,0.27
Gv,Gv05,9,421,94,143,4.77,0.0507,0.288
Gv,Gv05,10,029,93,124,5.16,0.0554,0.32
Gv,Gv05,11,421,90,64,5.11,0.0567,0.321
Gv,Gv05,12,027,90,43,4.67,0.0519,0.408
Gv,Gv05,13,048,84,89,5.3,0.0631,0.369
Gv,Gv05,14,700,86,129,4.99,0.058,0.38
Gv,Gv05,15,700,81,25,5.19,0.064,0.484
Gv,Gv05,16,700,82,26,5.13,0.0625,0.466
Gv,Gv05,17,001,82,26,5.13,0.0625,0.466
Gv,Gv05,18,700,86,51,5.16,0.06,0.373
Gv,Gv05,19,430,87,32,5.04,0.058,0.399
Gv,Gv05,20,700,84,44,4.86,0.0579,0.388
Gv,Gv05,21,005,87,121,4.84,0.0557,0.334
Gv,Gv05,22,316,80,56,4.69,0.0586,0.335
Gv,Gv05,23,001,84,31,5.29,0.063,0.357
Gv,Gv05,24,700,91,185,5.39,0.0592,0.352
Gv,Gv05,25,300,77,62,4.95,0.0643,0.217
Gv,Gv05,26,055,72,87,4.92,0.0683,0.407
Gv,Gv05,27,630,78,56,5.45,0.0699,0.442
Gv,Gv05,29,048,35,39,6.37,0.1819,0.609
Gv,Gv05,30,430,35,12,5.88,0.168,0.571
Gv,Gv06,0,432,69,50,4.57,0.0663,0.308
Gv,Gv06,2,769,74,53,5.56,0.0751,0.381
Gv,Gv06,3,381,76,64,4.75,0.0626,0.319
Gv,Gv06,4,002,77,62,5.08,0.066,0.367
Gv,Gv06,5,200,85,121,5.01,0.0589,0.39
Gv,Gv06,6,280,89,98,5.55,0.0624,0.378
Gv,Gv06,7,200,91,57,4.87,0.0535,0.367
Gv,Gv06,8,280,87,62,5.05,0.058,0.371
Gv,Gv06,9,730,88,93,4.8,0.0545,0.368
Gv,Gv06,10,200,81,58,4.53,0.056,0.347
Gv,Gv06,11,730,81,55,4.07,0.0502,0.276
Gv,Gv06,12,517,88,79,4.92,0.0559,0.317
Gv,Gv06,13,200,89,63,4.63,0.052,0.301
Gv,Gv06,14,517,79,53,4.87,0.0617,0.298
Gv,Gv06,15,222,82,84,4.41,0.0538,0.331
Gv,Gv06,16,062,89,99,4.45,0.05,0.211
Gv,Gv06,17,222,82,132,4.31,0.0526,0.323
Gv,Gv06,18,124,72,43,4.69,0.0651,0.345
Gv,Gv06,19,790,80,98,4.53,0.0566,0.331
Gv,Gv06,20,790,86,82,4.47,0.052,0.267
Gv,Gv06,21,790,84,88,4.72,0.0562,0.32
Gv,Gv06,22,790,81,58,4.91,0.0607,0.355
Gv,Gv06,23,222,84,63,5.0,0.0595,0.391
Gv,Gv06,24,290,59,59,4.71,0.0798,0.392
Gv,Gv06,25,200,77,72,4.77,0.062,0.343
Gv,Gv07,0,630,98,19,7.38,0.0753,0.557
Gv,Gv07,1,005,90,43,4.91,0.0545,0.369
Gv,Gv07,2,091,97,36,4.75,0.049,0.315
Gv,Gv07,3,005,96,63,4.54,0.0473,0.313
Gv,Gv07,4,700,91,16,4.88,0.0536,0.59
Gv,Gv07,5,001,87,9,5.87,0.0674,0.669
Gv,Gv07,6,200,90,82,5.42,0.0603,0.318
Gv,Gv07,7,082,90,87,5.22,0.058,0.248
Gv,Gv07,8,083,94,49,5.03,0.0535,0.338
Gv,Gv07,9,700,92,33,4.86,0.0528,0.371
Gv,Gv07,10,522,87,35,4.89,0.0562,0.355
Gv,Gv07,11,430,89,47,5.02,0.0564,0.32
Gv,Gv07,12,730,91,72,5.03,0.0553,0.343
Gv,Gv07,13,005,96,98,5.06,0.0527,0.358
Gv,Gv07,14,700,91,46,4.83,0.0531,0.286
Gv,Gv07,15,730,88,74,5.17,0.0588,0.389
Gv,Gv07,16,022,92,105,5.49,0.0596,0.365
Gv,Gv07,17,515,88,71,5.1,0.058,0.346
Gv,Gv07,18,700,80,49,4.25,0.0532,0.335
Gv,Gv07,19,047,87,189,4.79,0.055,0.348
Gv,Gv07,20,700,77,70,4.97,0.0646,0.367
Gv,Gv07,21,430,63,19,4.24,0.0673,0.325
Gv,Gv07,22,020,67,15,4.39,0.0655,0.396
Gv,Gv07,23,001,73,31,4.27,0.0585,0.235
Gv,Gv07,24,739,75,97,4.96,0.0661,0.335
Gv,Gv07,25,700,76,106,4.76,0.0627,0.301
Gv,Gv07,26,381,71,116,4.64,0.0654,0.332
Gv,Gv07,27,647,84,55,4.25,0.0506,0.188
Gv,Gv07,28,380,84,62,4.55,0.0542,0.202
Gv,Gv07,29,006,84,140,4.83,0.0575,0.271
Gv,Gv07,30,326,73,54,4.53,0.0621,0.228
Gv,Gv08,0,770,74,91,4.83,0.0653,0.292
Gv,Gv08,1,380,75,102,4.89,0.0652,0.321
Gv,Gv08,2,064,79,91,4.81,0.0608,0.291
Gv,Gv08,3,022,53,72,4.97,0.0938,0.357
Gv,Gv08,4,711,58,107,4.41,0.076,0.331
Gv,Gv08,5,600,57,83,4.77,0.0836,0.365
Gv,Gv08,6,048,57,97,4.95,0.0868,0.444
Gv,Gv08,7,512,56,96,5.3,0.0947,0.439
Gv,Gv08,8,045,53,33,5.31,0.1002,0.465
Gv,Gv08,9,200,68,69,4.6,0.0676,0.364
Gv,Gv08,10,096,57,97,5.01,0.0879,0.465
Gv,Gv08,11,070,56,113,5.65,0.1008,0.508
Gv,Gv08,12,088,56,50,5.78,0.1031,0.466
Gv,Gv08,13,001,43,22,5.07,0.1179,0.58
Gv,Gv08,14,530,65,34,5.02,0.0773,0.359
Gv,Gv08,15,192,60,118,5.54,0.0924,0.386
Gv,Gv08,16,700,76,96,5.21,0.0685,0.321
Gv,Gv08,17,700,65,80,5.12,0.0787,0.433
Gv,Gv08,18,086,75,88,5.3,0.0706,0.379
Gv,Gv08,19,600,71,102,5.36,0.0755,0.387
Gv,Gv08,20,004,68,91,5.14,0.0756,0.394
Gv,Gv08,21,621,75,50,5.27,0.0703,0.356
Gv,Gv08,22,004,77,77,5.12,0.0664,0.418
Gv,Gv08,23,600,72,34,4.42,0.0613,0.46
Gv,Gv08,24,600,76,99,4.89,0.0643,0.398
Gv,Gv08,25,657,77,99,4.99,0.0648,0.34
Gv,Gv08,26,040,77,130,4.85,0.063,0.395
Gv,Gv08,27,600,84,102,5.15,0.0613,0.295
Gv,Gv08,28,646,81,72,4.83,0.0596,0.362
Gv,Gv08,29,600,85,124,4.93,0.058,0.424
Gv,Gv08,30,004,83,72,4.78,0.0575,0.359
Gv,Gv08,31,033,74,28,4.28,0.0579,0.367
Gv,Gv08,32,004,56,22,4.7,0.0838,0.369
Gv,Gv08,33,033,72,61,5.37,0.0745,0.301
Gv,Gv08,34,045,66,30,7.42,0.1124,0.444
Hr,Hr01,3,050,14,12,2.0,0.1429,0.155
Hr,Hr01,4,005,11,17,2.09,0.1896,0.166
Hr,Hr01,6,001,12,22,2.03,0.1688,0.163
Hr,Hr01,12,260,11,10,2.0,0.1818,0.227
Hr,Hr01,14,001,5,8,2.1,0.4207,0.525
Hr,Hr01,16,001,7,27,2.05,0.2931,0.201
Hr,Hr01,18,060,3,27,2.0,0.6667,0.37
Hr,Hr01,21,004,9,16,2.0,0.2222,0.194
Hr,Hr01,22,280,9,26,2.05,0.2279,0.265
Hr,Hr01,23,200,5,26,2.04,0.4085,0.446
Hr,Hr01,24,254,16,17,2.0,0.125,0.107
Hr,Hr01,25,755,12,23,2.0,0.1667,0.272
Hr,Hr01,26,734,14,27,2.0,0.1429,0.204
Hr,Hr01,28,003,13,8,2.03,0.1562,0.356
Hr,Hr01,29,001,14,18,2.09,0.1496,0.234
Hr,Hr01,30,009,15,34,2.02,0.1345,0.237
Hr,Hr01,31,006,18,11,2.0,0.1111,0.278
Hr,Hr01,32,256,14,4,2.04,0.1458,0.464
Hr,Hr01,33,004,17,23,2.16,0.1271,0.251
Hr,Hr02,0,005,15,10,2.06,0.1373,0.18
Hr,Hr02,1,600,16,16,2.02,0.1264,0.215
Hr,Hr02,2,123,14,7,2.05,0.1463,0.316
Hr,Hr02,3,004,16,6,2.05,0.1282,0.396
Hr,Hr02,11,022,11,12,2.04,0.1854,0.227
Hr,Hr02,16,021,19,9,2.0,0.1053,0.187
Hr,Hr02,17,382,9,12,2.0,0.2222,0.259
Hr,Hr02,20,070,16,36,2.02,0.1265,0.155
Hr,Hr02,24,050,13,6,2.0,0.1538,0.295
Hr,Hr02,30,065,17,17,2.0,0.1176,0.142
Hr,Hr02,33,720,13,10,2.0,0.1538,0.185
Hr,Hr02,41,309,12,16,2.04,0.1697,0.203
Hr,Hr02,43,006,11,17,2.0,0.1818,0.235
Hr,Hr02,45,022,8,13,2.0,0.25,0.25
Hr,Hr02,46,320,11,15,2.0,0.1818,0.139
Hr,Hr02,48,301,15,13,2.0,0.1333,0.118
Hr,Hr02,52,200,13,13,2.11,0.1619,0.172
Hr,Hr02,57,084,17,6,2.11,0.1242,0.255
Hr,Hr02,58,200,14,14,2.0,0.1429,0.219
Hr,Hr03,3,220,16,22,2.0,0.125,0.088
Hr,Hr03,4,256,16,21,2.02,0.1265,0.158
Hr,Hr03,9,673,14,8,2.06,0.1471,0.25
Hr,Hr03,11,140,14,9,2.04,0.1454,0.238
Hr,Hr03,13,558,16,24,2.0,0.125,0.148
Hr,Hr03,15,200,17,21,2.0,0.1176,0.196
Hr,Hr03,17,607,17,12,2.0,0.1176,0.172
Hr,Hr03,18,062,11,13,2.0,0.1818,0.182
Hr,Hr03,20,062,13,10,2.0,0.1538,0.215
Hr,Hr03,22,062,19,15,2.0,0.1053,0.158
Hr,Hr03,24,020,16,12,2.0,0.125,0.172
Hr,Hr03,25,201,19,19,2.0,0.1053,0.158
Hr,Hr03,26,004,19,19,2.0,0.1053,0.191
Hr,Hr03,28,006,16,11,2.0,0.125,0.284
Hr,Hr03,29,050,16,11,2.0,0.125,0.273
Hr,Hr03,30,093,16,16,2.02,0.1262,0.254
Hr,Hr06,0,551,19,10,2.12,0.1115,0.421
Hr,Hr06,1,200,19,11,2.05,0.1078,0.273
Hr,Hr06,4,008,14,14,2.04,0.1457,0.184
Hr,Hr06,5,451,15,8,2.0,0.1333,0.292
Hr,Hr06,8,005,10,11,2.0,0.2,0.245
Hr,Hr06,9,015,14,7,2.0,0.1429,0.276
Hr,Hr06,12,015,15,21,2.04,0.1359,0.2
Hr,Hr06,14,008,13,6,2.19,0.1687,0.385
Hr,Hr06,15,004,6,12,2.06,0.3425,0.319
Hr,Hr06,26,007,16,12,2.0,0.125,0.266
Hr,Hr06,27,021,13,6,2.0,0.1538,0.41
Hr,Hr06,30,070,17,11,2.03,0.1194,0.193
Hr,Hr06,31,520,14,12,2.05,0.1461,0.173
Hr,Hr06,32,381,9,8,2.0,0.2222,0.389
Hr,Hr06,33,008,9,10,2.03,0.2261,0.356
Hr,Hr06,47,300,13,31,2.0,0.1538,0.099
Hr,Hr06,51,270,18,10,2.0,0.1111,0.15
Hr,Hr06,53,470,11,16,2.0,0.1818,0.25
Hr,Hr06,54,004,11,5,2.0,0.1818,0.364
Hr,Hr06,55,087,14,5,2.06,0.1468,0.386
Hr,Hr06,56,430,15,10,2.04,0.1361,0.227
Hr,Hr06,57,214,17,19,2.03,0.1195,0.241
Hr,Hr06,58,002,14,8,2.03,0.145,0.304
Hr,Hr06,59,203,20,15,2.0,0.1,0.227
Hr,Hr07,9,001,15,6,2.0,0.1333,0.422
Hr,Hr07,10,366,19,37,2.02,0.1063,0.179
Hr,Hr07,11,200,12,8,2.0,0.1667,0.271
Hr,Hr07,12,091,16,37,2.01,0.1258,0.144
Hr,Hr07,18,045,8,22,2.0,0.25,0.153
Hr,Hr07,19,530,6,18,2.0,0.3333,0.25
Hr,Hr07,20,040,9,16,2.07,0.2299,0.181
Hr,Hr07,21,571,10,10,2.0,0.2,0.24
Hr,Hr07,22,202,8,10,2.0,0.25,0.312
Hr,Hr07,23,535,10,8,2.08,0.2079,0.375
Hr,Hr07,27,739,16,12,2.0,0.125,0.135
Hr,Hr07,31,028,19,16,2.0,0.1053,0.132
Hr,Hr07,36,005,13,22,2.0,0.1538,0.105
Hr,Hr07,37,099,10,13,2.0,0.2,0.177
Hr,Hr07,42,522,13,10,2.05,0.1578,0.169
Hr,Hr07,43,606,5,18,2.04,0.4079,0.278
Hr,Hr07,44,609,12,28,2.03,0.1688,0.116
Hr,Hr07,45,605,5,16,2.0,0.4,0.275
Hr,Hr07,47,401,12,16,2.0,0.1667,0.193
Hr,Hr07,48,605,20,14,2.0,0.1,0.132
Hr,Hr08,0,002,16,8,2.15,0.1344,0.32
Hr,Hr08,2,002,18,6,2.0,0.1111,0.25
Hr,Hr08,3,662,18,23,2.01,0.1119,0.205
Hr,Hr08,4,680,15,14,2.09,0.1396,0.252
Hr,Hr08,6,005,13,11,2.0,0.1538,0.259
Hr,Hr08,7,022,16,18,2.0,0.125,0.128
Hr,Hr08,17,607,17,14,2.0,0.1176,0.092
Hr,Hr08,23,022,12,13,2.0,0.1667,0.186
Hr,Hr08,24,420,13,21,2.0,0.1538,0.143
Hr,Hr08,26,009,15,11,2.02,0.1347,0.279
Hr,Hr08,27,002,8,8,2.0,0.25,0.391
Hr,Hr08,28,760,15,6,2.0,0.1333,0.256
Hr,Hr08,29,050,16,20,2.0,0.125,0.147
Hr,Hr08,30,021,13,5,2.05,0.1576,0.354
Hr,Hr08,31,021,12,7,2.0,0.1667,0.238
Hr,Hr08,35,021,16,14,2.02,0.1261,0.263
Hr,Hr08,40,300,12,11,2.0,0.1667,0.152
Hr,Hr08,44,002,14,6,2.0,0.1429,0.369
Hr,Hr08,45,600,18,11,2.05,0.1137,0.136
Hr,Hr08,46,660,16,14,2.0,0.125,0.228
Hr,Hr08,47,600,19,18,2.0,0.1053,0.175
Hr,Hr08,48,600,15,13,2.04,0.1362,0.303
Hr,Hr08,49,660,19,12,2.02,0.1064,0.224
Hr,Hr08,50,022,12,16,2.0,0.1667,0.188
Hr,Hr09,0,322,14,12,2.09,0.1491,0.226
Hr,Hr09,4,001,11,7,2.0,0.1818,0.351
Hr,Hr09,10,624,17,18,2.04,0.1199,0.101
Hr,Hr09,13,534,16,9,2.0,0.125,0.188
Hr,Hr09,14,591,14,12,2.03,0.145,0.196
Hr,Hr09,16,050,7,9,2.12,0.3026,0.333
Hr,Hr09,17,600,16,9,2.14,0.1338,0.208
Hr,Hr09,18,430,16,12,2.0,0.125,0.203
Hr,Hr09,19,430,14,6,2.0,0.1429,0.25
Hr,Hr09,20,076,18,23,2.0,0.1111,0.092
Hr,Hr09,22,670,12,15,2.0,0.1667,0.228
Hr,Hr09,23,700,17,40,2.0,0.1176,0.153
Hr,Hr09,27,205,15,6,2.0,0.1333,0.3
Hr,Hr09,31,755,17,19,2.0,0.1176,0.161
Hr,Hr09,32,047,14,4,2.0,0.1429,0.429
Hr,Hr09,33,200,14,6,2.11,0.1507,0.262
Hr,Hr09,34,372,19,13,2.0,0.1053,0.251
Hr,Hr09,36,214,20,47,2.06,0.1031,0.266
Hr,Hr11,20,430,16,14,2.04,0.1274,0.29
Hr,Hr11,21,430,16,10,2.2,0.1373,0.35
Hr,Hr11,23,007,15,14,2.02,0.1346,0.3
Hr,Hr11,24,003,15,23,2.03,0.1353,0.255
Hr,Hr11,25,034,16,9,2.03,0.1268,0.326
Hr,Hr11,26,220,14,9,2.08,0.1485,0.27
Hr,Hr11,27,091,17,27,2.06,0.121,0.209
Hr,Hr11,29,005,15,11,2.0,0.1333,0.273
Hr,Hr11,30,005,14,14,2.11,0.151,0.24
Hr,Hr11,31,200,14,7,2.0,0.1429,0.306
Hr,Hr11,32,200,18,11,2.0,0.1111,0.237
Hr,Hr11,34,755,19,17,2.0,0.1053,0.226
Hr,Hr11,36,200,14,7,2.04,0.146,0.276
Hr,Hr12,0,009,8,16,2.03,0.254,0.312
Hr,Hr12,2,724,5,13,2.31,0.4615,0.369
Hr,Hr12,3,734,8,6,2.0,0.25,0.5
Hr,Hr12,4,734,9,8,2.08,0.2306,0.472
Hr,Hr12,5,382,13,28,2.08,0.16,0.288
Hr,Hr12,6,684,13,27,2.12,0.1631,0.396
Hr,Hr12,7,382,13,18,2.41,0.1857,0.376
Hr,Hr12,8,048,15,29,2.09,0.1396,0.352
Hr,Hr12,9,684,16,23,2.07,0.1295,0.285
Hr,Hr12,10,007,14,7,2.13,0.152,0.51
Hr,Hr12,11,600,16,29,2.03,0.1272,0.315
Hr,Hr12,12,326,15,16,2.08,0.1384,0.312
Hr,Hr12,13,305,16,18,2.06,0.1285,0.25
Hr,Hr12,14,308,18,35,2.03,0.1129,0.298
Hr,Hr12,15,008,13,21,2.03,0.1563,0.278
Hv,Hv02,0,600,8,16,2.07,0.2593,0.305
Hv,Hv02,1,280,9,13,2.24,0.2493,0.359
Hv,Hv02,2,600,16,33,2.22,0.1389,0.261
Hv,Hv02,3,034,17,28,2.01,0.1181,0.275
Hv,Hv02,4,256,16,11,2.02,0.1263,0.318
Hv,Hv02,5,006,16,22,2.03,0.1268,0.327
Hv,Hv02,6,308,15,16,2.31,0.154,0.333
Hv,Hv02,7,034,17,32,2.12,0.1249,0.252
Hv,Hv02,8,216,14,11,2.29,0.1635,0.279
Hv,Hv02,9,093,14,17,2.34,0.1673,0.311
Hv,Hv02,10,446,7,16,2.44,0.3488,0.482
Hv,Hv03,23,736,16,35,2.04,0.1274,0.298
Hv,Hv03,24,254,15,51,2.02,0.1347,0.221
Hv,Hv03,25,200,8,16,2.0,0.25,0.211
Hv,Hv03,33,346,8,25,2.02,0.2528,0.27
Hv,Hv03,34,215,14,22,2.0,0.1429,0.201
Hv,Hv03,35,001,10,16,2.0,0.2,0.275
Hv,Hv03,36,421,4,18,2.17,0.5436,0.486
Hv,Hv03,37,020,13,16,2.15,0.1651,0.226
Hv,Hv03,38,021,13,12,2.04,0.1572,0.179
Hv,Hv03,40,591,5,13,2.04,0.4072,0.492
Hv,Hv03,41,451,6,13,2.0,0.3333,0.333
Hv,Hv03,42,700,17,8,2.16,0.1269,0.191
Hv,Hv03,44,069,19,22,2.03,0.1066,0.218
Hv,Hv03,46,073,18,8,2.03,0.1128,0.25
Hv,Hv04,2,600,20,40,2.12,0.1058,0.216
Hv,Hv04,3,600,19,17,2.0,0.1053,0.195
Hv,Hv04,4,200,20,27,2.0,0.1,0.181
Hv,Hv04,8,205,15,8,2.0,0.1333,0.192
Hv,Hv04,10,081,17,9,2.0,0.1176,0.255
Hv,Hv04,12,020,16,9,2.02,0.1264,0.285
Hv,Hv04,13,002,15,12,2.0,0.1333,0.128
Hv,Hv04,15,591,8,5,2.0,0.25,0.5
Hv,Hv04,18,081,16,11,2.0,0.125,0.199
Hv,Hv04,22,385,15,14,2.0,0.1333,0.171
Hv,Hv04,25,200,16,18,2.0,0.125,0.153
Hv,Hv04,39,430,14,9,2.0,0.1429,0.159
Hv,Hv04,42,144,19,9,2.0,0.1053,0.14
Hv,Hv04,43,026,12,9,2.0,0.1667,0.231
Hv,Hv04,44,006,15,6,2.0,0.1333,0.256
Hv,Hv04,45,702,15,10,2.0,0.1333,0.22
Hv,Hv04,47,670,13,10,2.0,0.1538,0.208
Hv,Hv04,48,589,14,12,2.0,0.1429,0.25
Hv,Hv04,50,073,15,3,2.0,0.1333,0.489
Hv,Hv05,44,540,16,14,2.08,0.1299,0.228
Hv,Hv05,45,046,13,15,2.0,0.1538,0.174
Hv,Hv05,46,381,11,14,2.0,0.1818,0.13
Hv,Hv05,47,205,10,17,2.0,0.2,0.224
Hv,Hv05,48,081,11,5,2.0,0.1818,0.418
Hv,Hv05,50,002,12,10,2.04,0.1701,0.217
Hv,Hv06,3,280,19,18,2.03,0.1067,0.234
Hv,Hv06,4,209,14,10,2.05,0.1467,0.421
Hv,Hv06,5,280,16,15,2.0,0.125,0.196
Hv,Hv06,6,144,20,20,2.04,0.1019,0.155
Hv,Hv06,8,002,12,4,2.0,0.1667,0.5
Hv,Hv06,10,065,14,12,2.0,0.1429,0.214
Hv,Hv06,11,086,20,21,2.0,0.1,0.171
Hv,Hv06,12,200,15,15,2.0,0.1333,0.227
Hv,Hv06,14,077,17,17,2.0,0.1176,0.111
Hv,Hv06,15,344,16,27,2.03,0.1271,0.093
Hv,Hv06,16,078,14,8,2.05,0.1463,0.196
Hv,Hv06,17,384,16,5,2.0,0.125,0.362
Hv,Hv06,21,008,15,11,2.0,0.1333,0.152
Hv,Hv06,22,022,15,12,2.0,0.1333,0.15
Hv,Hv06,23,002,15,7,2.0,0.1333,0.276
Hv,Hv06,26,700,11,9,2.08,0.1887,0.343
Hv,Hv06,29,069,14,11,2.02,0.1445,0.279
Hv,Hv06,31,020,11,10,2.0,0.1818,0.218
Hv,Hv06,34,004,19,23,2.0,0.1053,0.16
Hv,Hv06,47,046,14,6,2.0,0.1429,0.31
Hv,Hv06,54,242,11,17,2.0,0.1818,0.144
Hv,Hv07,3,570,16,8,2.0,0.125,0.266
Hv,Hv07,6,280,9,10,2.0,0.2222,0.233
Hv,Hv07,7,604,10,19,2.11,0.211,0.121
Hv,Hv07,11,005,13,9,2.0,0.1538,0.248
Hv,Hv07,12,280,17,44,2.0,0.1176,0.09
Hv,Hv07,13,605,16,16,2.0,0.125,0.164
Hv,Hv07,14,466,15,26,2.0,0.1333,0.067
Hv,Hv07,21,020,9,14,2.0,0.2222,0.167
Hv,Hv07,22,200,16,17,2.0,0.125,0.162
Hv,Hv07,24,180,15,10,2.0,0.1333,0.227
Hv,Hv07,31,001,15,20,2.0,0.1333,0.183
Hv,Hv07,33,254,16,17,2.0,0.125,0.195
Hv,Hv07,35,450,15,7,2.05,0.1364,0.2
Hv,Hv07,36,461,14,15,2.0,0.1429,0.105
Hv,Hv07,37,074,15,24,2.0,0.1333,0.15
Hv,Hv07,40,003,16,11,2.0,0.125,0.148
Hv,Hv07,41,254,17,16,2.0,0.1176,0.184
Hv,Hv07,44,001,21,18,2.14,0.1019,0.172
Hv,Hv07,47,001,19,17,2.0,0.1053,0.22
Hv,Hv07,48,004,13,6,2.0,0.1538,0.308
Hv,Hv07,50,279,20,23,2.0,0.1,0.187
Hv,Hv08,0,079,14,7,2.0,0.1429,0.204
Hv,Hv08,1,001,16,17,2.06,0.1287,0.191
Hv,Hv08,2,002,16,10,2.03,0.1266,0.256
Hv,Hv08,3,254,17,9,2.05,0.1205,0.144
Hv,Hv08,5,001,15,7,2.0,0.1333,0.229
Hv,Hv08,7,002,13,8,2.0,0.1538,0.25
Hv,Hv08,8,256,15,20,2.0,0.1333,0.103
Hv,Hv08,12,001,16,14,2.0,0.125,0.165
Hv,Hv08,24,700,12,6,2.18,0.1819,0.333
Hv,Hv08,33,006,5,19,2.06,0.4127,0.253
Hv,Hv08,41,230,12,9,2.0,0.1667,0.241
Hv,Hv08,45,010,12,12,2.0,0.1667,0.146
Hv,Hv09,11,200,15,19,2.0,0.1333,0.144
Hv,Hv09,12,235,13,10,2.0,0.1538,0.231
Hv,Hv09,29,011,13,6,2.0,0.1538,0.333
Hv,Hv09,33,301,16,22,2.0,0.125,0.088
Hv,Hv09,39,381,17,12,2.0,0.1176,0.127
Hv,Hv09,40,381,17,9,2.0,0.1176,0.144
Hv,Hv09,43,381,12,14,2.03,0.169,0.208
Hv,Hv09,47,011,11,5,2.09,0.1902,0.364
Hv,Hv09,51,230,19,8,2.0,0.1053,0.184
Hv,Hv09,52,324,19,16,2.0,0.1053,0.099
Hv,Hv09,55,007,18,11,2.0,0.1111,0.197
Hv,Hv09,57,600,13,9,2.0,0.1538,0.282
Hv,Hv09,58,205,17,26,2.0,0.1176,0.133
Hv,Hv09,60,200,17,21,2.02,0.1187,0.179
Hv,Hv09,61,084,12,6,2.0,0.1667,0.333
Hv,Hv09,62,730,15,13,2.0,0.1333,0.179
Hv,Hv10,2,073,11,7,2.0,0.1818,0.312
Hv,Hv10,4,005,8,8,2.0,0.25,0.312
Hv,Hv10,5,571,10,6,2.19,0.2189,0.367
Hv,Hv10,6,002,18,9,2.0,0.1111,0.216
Hv,Hv10,8,022,18,5,2.0,0.1111,0.233
Hv,Hv10,16,500,16,7,2.0,0.125,0.25
Hv,Hv10,17,116,14,11,2.0,0.1429,0.188
Hv,Hv10,20,400,14,6,2.0,0.1429,0.262
Hv,Hv10,21,200,15,12,2.0,0.1333,0.239
Hv,Hv10,25,041,14,5,2.0,0.1429,0.343
Hv,Hv10,41,384,15,13,2.0,0.1333,0.133
Hv,Hv10,42,224,16,15,2.0,0.125,0.167
Hv,Hv10,44,381,10,9,2.0,0.2,0.256
Hv,Hv10,46,729,15,11,2.0,0.1333,0.255
Hv,Hv10,49,200,12,19,2.11,0.1757,0.14
Hv,Hv10,52,559,16,13,2.04,0.1274,0.135
Hv,Hv11,18,093,8,12,2.2,0.2754,0.312
Hv,Hv11,19,081,9,13,2.21,0.246,0.316
Hv,Hv11,20,068,5,11,2.41,0.4815,0.436
Hv,Hv11,21,030,5,18,2.54,0.508,0.411
Hv,Hv11,22,035,7,11,2.1,0.3005,0.312
Hv,Hv11,23,068,8,16,2.12,0.2653,0.336
Hv,Hv11,25,068,6,13,2.13,0.3556,0.282
Hv,Hv11,27,010,12,17,2.44,0.2032,0.186
Hv,Hv11,28,010,14,16,2.81,0.2006,0.201
Hv,Hv11,29,062,10,16,2.28,0.2284,0.275
Hv,Hv11,30,022,7,19,2.34,0.335,0.271
Hv,Hv11,33,607,10,27,2.92,0.2918,0.274
Hv,Hv11,34,001,11,23,2.0,0.1818,0.241
Hv,Hv11,36,605,10,24,2.4,0.2397,0.267
Hv,Hv11,37,073,11,23,2.18,0.1979,0.174
Hv,Hv11,38,048,15,17,2.52,0.1677,0.161
Hv,Hv11,39,011,12,11,2.0,0.1667,0.258
Hv,Hv11,40,041,5,11,2.08,0.4166,0.491
Hv,Hv11,41,040,5,17,2.03,0.4064,0.447
Hv,Hv11,42,040,13,16,2.08,0.1598,0.226
Hv,Hv11,44,602,16,51,2.57,0.1609,0.169
Hv,Hv11,46,774,10,18,2.24,0.2236,0.344
Hv,Hv11,47,004,11,18,2.36,0.2145,0.278
Hv,Hv11,48,430,7,16,2.95,0.4209,0.446
Hv,Hv11,49,260,17,34,2.27,0.1333,0.192
Hv,Hv11,50,204,10,35,2.57,0.2566,0.231
Hv,Hv11,51,470,13,27,2.58,0.1984,0.199
Hv,Hv11,52,050,8,17,2.78,0.3474,0.375
Kr,Kr02,0,022,48,22,2.82,0.0588,0.222
Kr,Kr02,1,062,57,43,2.82,0.0495,0.192
Kr,Kr02,2,099,64,66,2.86,0.0447,0.182
Kr,Kr02,3,146,62,34,2.81,0.0453,0.185
Kr,Kr02,4,079,49,23,3.15,0.0644,0.206
Kr,Kr02,5,431,51,61,2.72,0.0533,0.197
Kr,Kr02,6,001,35,8,2.92,0.0833,0.329
Kr,Kr02,7,001,33,8,2.8,0.0848,0.269
Kr,Kr02,8,200,25,9,4.09,0.1636,0.462
Kr,Kr02,9,007,59,29,2.78,0.0471,0.2
Kr,Kr02,10,203,59,57,2.61,0.0442,0.251
Kr,Kr02,11,013,59,43,2.7,0.0457,0.209
Kr,Kr02,12,666,63,110,2.94,0.0467,0.231
Kr,Kr02,13,073,64,104,2.79,0.0435,0.217
Kr,Kr02,14,206,55,61,2.78,0.0506,0.2
Kr,Kr02,15,073,49,131,2.66,0.0544,0.172
Kr,Kr03,15,067,60,69,3.0,0.05,0.253
Kr,Kr03,16,400,62,68,3.11,0.0502,0.297
Kr,Kr03,17,470,59,68,3.31,0.0561,0.267
Kr,Kr03,18,001,60,25,3.3,0.0549,0.377
Kr,Kr03,19,430,62,37,2.83,0.0457,0.245
Kr,Kr03,21,380,64,99,2.98,0.0466,0.217
Kr,Kr04,0,402,62,63,3.14,0.0507,0.282
Kr,Kr04,1,009,58,33,3.16,0.0545,0.291
Kr,Kr04,2,380,66,41,3.24,0.049,0.366
Kr,Kr04,3,595,66,140,3.41,0.0517,0.203
Kr,Kr04,4,122,58,59,3.48,0.06,0.302
Kr,Kr04,5,280,60,66,3.29,0.0548,0.262
Kr,Kr04,6,380,58,32,3.11,0.0536,0.239
Kr,Kr04,7,002,65,71,3.25,0.05,0.257
Kr,Kr04,8,409,58,75,3.27,0.0564,0.308
Kr,Kr04,9,380,61,51,3.31,0.0543,0.281
Kr,Kr04,10,597,64,43,3.1,0.0485,0.253
Kr,Kr04,11,380,41,3,3.27,0.0798,0.317
Kr,Kr04,12,059,56,45,2.74,0.049,0.24
Kr,Kr04,13,720,51,56,2.92,0.0573,0.23
Kr,Kr04,14,380,59,59,2.99,0.0507,0.242
Kv,Kv02,2,528,125,313,3.91,0.0313,0.18
Kv,Kv02,3,280,117,153,5.15,0.044,0.259
Kv,Kv02,4,380,116,97,4.68,0.0404,0.266
Kv,Kv02,5,062,110,8,3.77,0.0343,0.383
Kv,Kv02,6,001,103,55,4.13,0.0401,0.216
Kv,Kv02,7,522,108,89,5.11,0.0473,0.227
Kv,Kv02,8,380,119,89,4.82,0.0405,0.254
Kv,Kv02,9,733,111,92,4.77,0.043,0.237
Kv,Kv02,10,670,118,115,4.55,0.0385,0.245
Kv,Kv02,11,001,103,15,4.55,0.0441,0.334
Kv,Kv02,12,380,121,129,3.85,0.0318,0.218
Kv,Kv02,13,371,121,102,3.05,0.0252,0.147
Kv,Kv02,14,001,109,43,3.9,0.0358,0.131
Kv,Kv02,15,380,121,120,3.67,0.0304,0.178
Na,Na01,1,200,61,31,2.46,0.0403,0.186
Na,Na01,2,004,55,37,2.73,0.0496,0.212
Na,Na01,3,034,61,77,2.42,0.0397,0.162
Na,Na01,4,004,58,43,2.55,0.0439,0.21
Na,Na01,5,034,54,19,2.6,0.0481,0.238
Na,Na01,8,004,65,60,3.02,0.0464,0.204
Na,Na01,9,022,65,56,3.08,0.0473,0.21
Na,Na01,10,205,61,68,4.07,0.0668,0.203
Na,Na01,11,381,14,10,2.42,0.1732,0.321
Na,Na01,12,381,63,24,3.66,0.0581,0.226
Na,Na01,13,004,12,10,2.35,0.1962,0.35
Na,Na01,14,670,63,61,4.16,0.0661,0.221
Na,Na01,15,022,16,12,2.31,0.1445,0.234
Na,Na01,16,205,64,49,2.6,0.0407,0.193
Na,Na01,17,301,60,52,3.22,0.0536,0.2
Na,Na01,18,200,67,128,3.32,0.0496,0.138
Nb,Nb01,3,600,60,45,2.35,0.0391,0.185
Nb,Nb01,4,125,57,49,2.31,0.0405,0.115
Nb,Nb01,5,739,60,50,2.33,0.0388,0.135
Nb,Nb01,6,224,58,67,2.14,0.0369,0.108
Nb,Nb01,7,222,57,57,2.2,0.0385,0.143
Nb,Nb01,8,125,58,51,2.24,0.0386,0.091
Nb,Nb01,9,034,52,43,2.32,0.0445,0.138
Nb,Nb01,11,255,57,35,2.75,0.0482,0.157
Nb,Nb01,12,034,54,49,2.8,0.0519,0.172
Nb,Nb03,0,004,60,39,3.29,0.0549,0.197
Nb,Nb03,1,324,51,64,3.92,0.0768,0.227
Nb,Nb03,2,006,59,48,2.47,0.0419,0.058
Nb,Nb03,3,003,57,28,4.49,0.0788,0.368
Nb,Nb03,4,003,30,9,2.62,0.0873,0.274
Nb,Nb03,5,001,46,16,2.71,0.0588,0.231
Nb,Nb03,6,003,53,14,2.57,0.0485,0.241
Nb,Nb03,7,280,46,12,2.43,0.0528,0.187
Nb,Nb03,8,006,60,75,2.38,0.0397,0.146
Nb,Nb03,9,224,60,72,2.4,0.04,0.124
Nb,Nb03,10,208,55,70,2.73,0.0497,0.164
Nb,Nb03,11,068,57,75,2.55,0.0447,0.142
Nb,Nb03,12,068,59,52,2.3,0.039,0.129
Pr,Pr01,0,001,27,59,2.49,0.0922,0.142
Pr,Pr01,1,755,9,23,2.96,0.329,0.541
Pr,Pr01,2,050,23,29,2.75,0.1196,0.244
Pr,Pr01,3,005,14,35,2.74,0.1954,0.437
Pr,Pr01,4,001,14,7,2.58,0.1843,0.582
Pr,Pr01,5,577,14,60,3.94,0.2815,0.518
Pr,Pr01,6,700,13,16,4.31,0.3314,0.673
Pr,Pr01,7,280,27,34,3.4,0.1261,0.325
Pr,Pr01,8,001,25,8,3.58,0.143,0.395
Pr,Pr01,9,007,14,23,4.44,0.3172,0.602
Pr,Pr01,10,260,15,45,3.71,0.2475,0.535
Pr,Pr01,11,280,13,35,3.39,0.2608,0.53
Pr,Pr01,12,025,21,8,2.78,0.1326,0.31
Pr,Pr01,13,065,14,28,3.46,0.2474,0.523
Pr,Pr01,16,077,15,45,3.41,0.2275,0.523
Pr,Pr01,17,003,13,22,3.16,0.2428,0.584
Pr,Pr01,18,306,14,51,4.11,0.2936,0.611
Pr,Pr01,19,056,33,23,3.02,0.0915,0.321
Pr,Pr01,20,004,12,11,3.78,0.3151,0.758
Pr,Pr01,21,280,13,38,3.81,0.2933,0.725
Pr,Pr01,22,200,13,51,3.98,0.3061,0.709
Pr,Pr01,23,256,19,61,4.59,0.2414,0.455
Pr,Pr01,24,755,15,35,5.21,0.3473,0.579
Pr,Pr01,25,734,16,33,4.75,0.297,0.598
Pr,Pr01,26,306,12,2,6.01,0.5011,0.917
Pr,Pr01,27,001,15,55,3.84,0.256,0.599
Pr,Pr01,28,006,13,35,4.7,0.3614,0.712
Pr,Pr01,29,254,14,29,4.73,0.3377,0.687
Pr,Pr01,30,004,16,61,5.33,0.3334,0.579
Pr,Pr01,31,9),32,269,5.3,0.1657,0.299
Pr,Pr01,32,005,15,22,4.89,0.3259,0.633
Pr,Pr01,33,246,15,71,4.73,0.3156,0.539
Pr,Pr01,34,244,16,50,4.59,0.2867,0.604
Pr,Pr01,35,009,14,22,5.06,0.3612,0.734
Pr,Pr01,36,059,16,80,5.38,0.3364,0.657
Pr,Pr01,37,204,16,50,6.24,0.39,0.688
Pr,Pr01,38,079,13,32,6.83,0.5253,0.796
Pr,Pr01,39,700,12,13,5.75,0.4793,0.846
Pr,Pr01,40,123,14,17,5.08,0.3626,0.752
Pr,Pr01,41,001,12,12,3.25,0.2709,0.792
Pr,Pr01,42,005,13,35,6.26,0.4813,0.76
Pr,Pr01,43,600,14,33,6.08,0.4346,0.747
Pr,Pr01,44,123,13,19,5.97,0.4589,0.802
Pr,Pr01,45,004,13,12,4.37,0.3358,0.769
Pr,Pr01,46,123,13,19,7.45,0.5729,0.785
Pr,Pr01,47,630,11,23,5.19,0.4722,0.711
Pr,Pr02,33,349,24,35,4.68,0.1952,0.427
Pr,Pr02,34,592,15,28,5.3,0.3534,0.652
Pr,Pr02,35,078,13,44,5.39,0.4142,0.839
Pr,Pr02,36,006,26,7,5.38,0.207,0.489
Pr,Pr02,37,304,12,8,6.32,0.5263,0.948
Pr,Pr02,38,030,13,11,3.39,0.2611,0.832
Pr,Pr02,39,001,13,8,3.61,0.2775,0.837
Pr,Pr02,40,078,15,39,6.69,0.4457,0.754
Pr,Pr02,41,306,15,35,5.6,0.3732,0.733
Pr,Pr02,42,300,15,38,6.06,0.4041,0.721
Pr,Pr02,43,300,12,11,5.09,0.4244,0.841
Pr,Pr02,44,077,16,34,5.01,0.3131,0.665
Pr,Pr02,45,460,14,12,4.37,0.3124,0.78
Pr,Pr02,46,065,13,44,6.78,0.5212,0.792
Pr,Pr02,47,204,15,38,6.72,0.4478,0.726
Pr,Pr02,48,675,16,45,5.83,0.3643,0.706
Pr,Pr02,49,670,15,34,4.61,0.3074,0.696
Pr,Pr02,50,020,12,12,6.26,0.5214,0.903
Pr,Pr02,51,056,14,18,4.9,0.3503,0.758
Pr,Pr02,52,003,11,3,9.1,0.8276,0.939
Pr,Pr02,53,204,20,75,4.91,0.2456,0.501
Pr,Pr02,54,260,15,23,4.61,0.3074,0.774
Pr,Pr02,55,062,15,11,4.78,0.3188,0.685
Pr,Pr02,56,070,29,22,4.62,0.1593,0.382
Pr,Pr02,57,060,12,7,4.57,0.3812,0.798
Pr,Pr02,58,226,17,49,4.11,0.2418,0.579
Pr,Pr02,59,005,16,61,5.33,0.333,0.614
Pr,Pr02,60,711,11,12,4.81,0.4369,0.773
Pr,Pr03,5,206,37,17,2.73,0.0737,0.246
Pr,Pr03,8,200,34,12,2.03,0.0596,0.248
Pr,Pr03,9,022,36,34,2.04,0.0566,0.197
Pr,Pr03,10,307,36,25,2.04,0.0567,0.251
Pr,Pr03,11,062,28,9,2.05,0.0733,0.206
Pr,Pr03,12,001,30,27,2.01,0.067,0.201
Pr,Pr03,13,062,26,7,2.07,0.0796,0.154
Pr,Pr03,14,001,38,32,2.01,0.0529,0.238
Pr,Pr03,15,062,37,31,2.04,0.0552,0.21
Pr,Pr03,16,001,36,46,2.05,0.0568,0.208
Pr,Pr03,17,020,36,39,2.04,0.0568,0.257
Pr,Pr03,18,202,36,31,2.0,0.0557,0.254
Pr,Pr03,19,004,36,32,2.05,0.0569,0.29
Pr,Pr03,20,600,35,27,2.05,0.0584,0.261
Pr,Pr03,21,061,33,32,2.02,0.0611,0.211
Pr,Pr03,22,050,36,37,2.03,0.0565,0.276
Pr,Pr03,23,095,34,25,2.02,0.0593,0.218
Pr,Pr03,24,095,32,16,2.05,0.064,0.324
Pr,Pr03,25,027,28,11,2.0,0.0714,0.237
Pr,Pr03,26,086,32,24,2.01,0.0629,0.259
Pr,Pr03,27,060,34,31,2.05,0.0602,0.24
Pr,Pr03,28,095,35,44,2.01,0.0574,0.214
Pr,Pr03,29,247,37,46,2.04,0.0552,0.269
Pr,Pr03,30,003,33,29,2.04,0.0618,0.258
Pr,Pr03,31,117,34,33,2.02,0.0595,0.294
Pr,Pr03,32,450,35,47,2.04,0.0582,0.219
Pr,Pr03,33,551,36,19,2.05,0.057,0.247
Pr,Pr03,34,600,19,6,2.2,0.1156,0.465
Pr,Pr03,35,003,27,28,2.11,0.0782,0.221
Pr,Pr03,36,381,36,22,2.05,0.0569,0.288
Pr,Pr03,37,117,33,25,2.02,0.0612,0.279
Pr,Pr03,38,450,36,33,2.04,0.0566,0.213
Pr,Pr03,39,551,33,44,2.02,0.0612,0.225
Pr,Pr03,40,606,35,58,2.43,0.0693,0.353
Pr,Pr03,41,386,37,34,2.29,0.062,0.248
Pr,Pr03,43,099,33,27,2.42,0.0734,0.276
Pr,Pr03,44,007,29,23,2.48,0.0856,0.582
Pr,Pr03,45,605,33,36,2.38,0.072,0.276
Pr,Pr03,46,752,33,24,2.13,0.0645,0.205
Pr,Pr03,47,006,36,19,2.08,0.0576,0.213
Pr,Pr03,48,752,34,27,2.08,0.0611,0.246
Pr,Pr03,49,360,33,53,2.79,0.0847,0.293
Pr,Pr03,50,009,29,16,2.16,0.0745,0.226
Pr,Pr03,51,005,30,17,2.16,0.0719,0.194
Pr,Pr03,52,001,23,10,2.0,0.087,0.117
Pr,Pr03,53,752,37,24,2.06,0.0557,0.216
Pr,Pr03,54,456,38,46,2.06,0.0543,0.261
Pr,Pr03,55,455,36,35,2.08,0.0577,0.233
Pr,Pr03,58,010,22,39,5.25,0.2387,0.524
Pr,Pr03,59,062,12,17,5.43,0.4528,0.765
Pr,Pr03,60,063,13,23,3.47,0.2667,0.632
Pr,Pr03,61,002,14,18,4.77,0.3406,0.722
Pr,Pr03,62,044,24,16,3.29,0.137,0.372
Pr,Pr03,63,020,12,13,5.11,0.4262,0.737
Pr,Pr04,3,109,26,23,2.04,0.0786,0.134
Pr,Pr04,4,037,36,24,2.01,0.0558,0.179
Pr,Pr04,5,005,25,16,2.0,0.08,0.362
Pr,Pr04,6,052,35,27,2.04,0.0582,0.281
Pr,Pr04,7,043,36,19,2.08,0.0577,0.301
Pr,Pr04,8,600,35,30,2.02,0.0578,0.306
Pr,Pr04,9,021,35,34,2.04,0.0583,0.295
Pr,Pr04,10,043,33,25,2.06,0.0623,0.326
Pr,Pr04,11,600,15,10,2.0,0.1333,0.38
Pr,Pr04,12,600,34,18,2.07,0.0608,0.255
Pr,Pr04,13,400,34,45,2.07,0.0609,0.299
Pr,Pr04,14,710,14,13,2.08,0.1484,0.401
Pr,Pr04,15,020,19,9,2.13,0.112,0.211
Pr,Pr04,17,050,34,50,2.03,0.0597,0.228
Pr,Pr04,18,710,32,16,2.03,0.0633,0.303
Pr,Pr04,19,606,35,23,2.04,0.0584,0.307
Pr,Pr04,20,001,36,29,2.02,0.0561,0.286
Pr,Pr04,21,001,36,41,2.02,0.0562,0.266
Pr,Pr04,22,050,34,30,2.01,0.0592,0.218
Pr,Pr04,23,755,33,34,2.01,0.061,0.254
Pr,Pr04,24,001,25,17,2.04,0.0815,0.193
Pr,Pr04,25,013,36,31,2.07,0.0576,0.288
Pr,Pr04,26,065,36,45,2.05,0.0569,0.251
Pr,Pr04,27,721,34,49,2.04,0.06,0.222
Pr,Pr04,28,065,34,28,2.02,0.0596,0.23
Pr,Pr04,29,026,35,17,2.03,0.058,0.203
Pr,Pr04,30,700,36,23,2.01,0.0558,0.209
Pr,Pr04,31,200,35,43,2.02,0.0576,0.312
Pr,Pr04,32,057,34,27,2.02,0.0595,0.228
Pr,Pr04,33,040,36,34,2.01,0.0559,0.26
Pr,Pr04,36,600,35,27,2.01,0.0573,0.261
Pr,Pr04,37,200,36,29,2.01,0.0558,0.297
Pr,Pr04,38,051,35,32,2.03,0.0579,0.268
Pr,Pr04,39,010,37,34,2.06,0.0556,0.256
Pr,Pr04,40,700,34,28,2.0,0.0588,0.3
Pr,Pr04,41,670,37,64,2.02,0.0547,0.244
Pr,Pr04,42,081,37,39,2.01,0.0544,0.245
Pr,Pr04,43,306,31,11,2.03,0.0654,0.258
Pr,Pr04,45,030,33,27,2.05,0.0622,0.258
Pr,Pr04,47,074,35,13,2.28,0.0652,0.376
Pr,Pr04,48,060,34,34,2.06,0.0606,0.279
Pr,Pr04,49,588,37,20,2.09,0.0565,0.327
Pr,Pr04,50,060,29,11,2.05,0.0708,0.282
Pr,Pr04,51,001,38,8,2.16,0.0568,0.345
Pr,Pr04,52,060,37,15,2.05,0.0553,0.101
Pr,Pr04,53,069,37,21,2.12,0.0573,0.234
Pr,Pr04,54,162,36,32,2.07,0.0575,0.25
Pr,Pr04,56,200,36,47,2.04,0.0566,0.244
Pr,Pr04,57,081,36,29,2.03,0.0564,0.228
Pr,Pr04,59,004,36,20,2.06,0.0572,0.315
Pr,Pr04,60,044,36,11,2.13,0.0593,0.222
Pr,Pr04,61,004,35,12,2.07,0.0592,0.24
Pr,Pr04,62,049,35,19,2.08,0.0594,0.365
Pr,Pr04,63,004,30,9,2.09,0.0697,0.341
Pr,Pr04,64,044,37,13,2.13,0.0574,0.287
Pr,Pr04,65,004,35,30,2.14,0.0611,0.308
Pr,Pr04,66,202,36,24,2.03,0.0564,0.275
Pr,Pr04,67,280,34,45,2.1,0.0617,0.292
Pr,Pr04,68,200,35,48,2.02,0.0577,0.224
Pr,Pr05,23,066,33,8,2.14,0.065,0.386
Pr,Pr05,25,001,34,22,2.0,0.0588,0.152
Pr,Pr05,26,066,32,24,2.02,0.063,0.197
Pr,Pr05,27,022,33,25,2.03,0.0616,0.225
Pr,Pr05,28,022,36,13,2.04,0.0567,0.22
Pr,Pr05,29,066,29,11,2.06,0.0709,0.354
Pr,Pr05,30,066,32,13,2.05,0.0641,0.291
Pr,Pr05,31,554,30,14,2.05,0.0684,0.262
Pr,Pr05,32,015,36,12,2.0,0.0556,0.146
Pr,Pr05,33,022,33,10,2.07,0.0627,0.161
Pr,Pr05,34,386,36,29,2.18,0.0606,0.167
Pr,Pr05,38,081,35,27,2.06,0.0589,0.224
Pr,Pr05,39,027,32,14,2.07,0.0648,0.261
Pr,Pr05,40,015,34,13,2.09,0.0614,0.208
Pr,Pr05,44,015,32,13,2.11,0.0658,0.284
Pr,Pr05,45,022,32,13,2.07,0.0646,0.228
Pr,Pr05,46,008,35,25,2.07,0.0592,0.211
Pr,Pr05,47,200,28,16,2.0,0.0714,0.254
Pr,Pr05,48,015,36,11,2.04,0.0567,0.338
Pr,Pr05,49,022,36,12,2.04,0.0567,0.234
Pr,Pr05,50,008,33,13,2.11,0.0639,0.338
Pr,Pr05,51,451,16,3,2.19,0.1372,0.458
Pr,Pr05,54,005,32,9,2.03,0.0633,0.191
Pr,Pr05,56,022,36,13,2.07,0.0575,0.154
Pr,Pr05,57,008,36,27,2.05,0.057,0.277
Pr,Pr05,58,022,37,26,2.07,0.056,0.336
Pr,Pr05,59,008,30,8,2.13,0.0709,0.279
Pr,Pr05,60,004,34,13,2.13,0.0626,0.371
Pr,Pr05,61,015,36,40,2.02,0.056,0.253
Pr,Pr05,62,022,25,3,2.04,0.0816,0.413
Pr,Pr05,64,015,36,12,2.02,0.056,0.329
Pr,Pr05,65,022,37,19,2.01,0.0543,0.212
Pr,Pr05,67,015,35,39,2.01,0.0573,0.305
Pr,Pr05,68,200,37,65,2.01,0.0544,0.262
Pr,Pr05,69,090,37,48,2.01,0.0543,0.257
Pr,Pr05,70,060,37,43,2.01,0.0545,0.228
Pr,Pr05,71,004,37,23,2.04,0.0551,0.308
Pr,Pr05,72,002,32,12,2.07,0.0647,0.388
Pr,Pr05,73,060,30,12,2.03,0.0676,0.347
Pr,Pr05,74,093,38,32,2.02,0.0531,0.297
Pr,Pr05,75,070,37,24,2.04,0.0551,0.37
Pr,Pr05,76,520,36,35,2.01,0.056,0.318
Pr,Pr05,77,451,33,22,2.03,0.0615,0.27
Pr,Pr06,5,200,35,25,2.0,0.0571,0.144
Pr,Pr06,7,001,37,65,2.0,0.0542,0.275
Pr,Pr06,8,382,34,11,2.0,0.0588,0.187
Pr,Pr06,9,090,37,30,2.05,0.0553,0.316
Pr,Pr06,10,382,36,36,2.01,0.0558,0.24
Pr,Pr06,11,024,36,32,2.01,0.0557,0.174
Pr,Pr06,12,381,34,25,2.02,0.0594,0.168
Pr,Pr06,13,300,36,35,2.02,0.056,0.176
Pr,Pr06,15,326,36,68,2.03,0.0565,0.23
Pr,Pr06,16,700,37,54,2.0,0.0541,0.226
Pr,Pr06,17,386,34,18,2.0,0.0588,0.235
Pr,Pr06,18,270,36,35,2.01,0.0558,0.24
Pr,Pr06,19,067,37,33,2.0,0.0541,0.263
Pr,Pr06,20,470,34,24,2.01,0.059,0.277
Pr,Pr06,21,010,36,46,2.0,0.0557,0.219
Pr,Pr06,22,088,34,39,2.01,0.0591,0.251
Pr,Pr06,23,430,36,19,2.01,0.0559,0.295
Pr,Pr06,24,214,34,23,2.03,0.0596,0.214
Pr,Pr06,27,027,35,44,2.0,0.0571,0.248
Pr,Pr06,28,090,35,30,2.0,0.0571,0.258
Pr,Pr06,29,545,35,23,2.01,0.0574,0.232
Pr,Pr06,31,376,34,18,2.01,0.0592,0.186
Pr,Pr06,32,500,38,74,2.04,0.0537,0.176
Pr,Pr06,33,440,34,20,2.14,0.0629,0.335
Pr,Pr06,34,290,34,31,2.1,0.0619,0.306
Pr,Pr06,35,002,32,17,2.01,0.0627,0.289
Pr,Pr06,36,040,30,17,2.03,0.0677,0.182
Pr,Pr06,37,050,27,19,2.05,0.0759,0.242
Pr,Pr06,38,214,36,61,2.08,0.0578,0.226
Pr,Pr06,39,001,34,18,2.06,0.0606,0.211
Pr,Pr06,40,366,36,42,2.03,0.0564,0.209
Pr,Pr06,41,200,36,60,2.05,0.0571,0.243
Pr,Pr06,42,091,35,24,2.02,0.0576,0.235
Pr,Pr06,43,326,34,41,2.04,0.0599,0.209
Pr,Pr06,44,214,35,37,2.16,0.0617,0.282
Pr,Pr06,45,773,36,22,2.14,0.0595,0.27
Pr,Pr06,46,446,35,34,2.03,0.0579,0.183
Pr,Pr06,47,103,33,19,2.06,0.0625,0.26
Pr,Pr06,48,206,37,55,2.03,0.0548,0.219
Pr,Pr06,49,684,37,58,2.0,0.0541,0.183
Pr,Pr07,0,306,35,42,2.01,0.0573,0.131
Pr,Pr07,1,028,34,27,2.0,0.0588,0.192
Pr,Pr07,2,027,35,35,2.05,0.0585,0.205
Pr,Pr07,3,302,35,33,2.04,0.0582,0.239
Pr,Pr07,4,046,33,29,2.06,0.0624,0.207
Pr,Pr07,5,022,37,61,2.07,0.056,0.198
Pr,Pr07,6,005,36,27,2.17,0.0602,0.228
Pr,Pr07,7,099,36,11,2.17,0.0603,0.27
Pr,Pr07,8,011,36,18,2.14,0.0595,0.154
Pr,Pr07,9,007,13,11,2.0,0.1538,0.196
Pr,Pr07,10,004,37,29,2.03,0.0548,0.207
Pr,Pr07,11,600,35,13,2.08,0.0594,0.242
Pr,Pr07,13,606,23,7,2.03,0.0882,0.317
Pr,Pr07,15,600,27,34,2.03,0.0751,0.119
Pr,Pr07,17,600,35,26,2.03,0.058,0.216
Pr,Pr07,18,600,37,39,2.02,0.0546,0.173
Pr,Pr07,19,002,34,37,2.06,0.0605,0.216
Pr,Pr07,20,144,28,15,2.02,0.072,0.193
Pr,Pr07,21,002,34,22,2.05,0.0603,0.289
Pr,Pr07,22,662,34,13,2.08,0.0613,0.324
Pr,Pr07,23,680,34,42,2.03,0.0597,0.21
Pr,Pr07,24,005,36,49,2.0,0.0556,0.244
Pr,Pr07,25,005,33,16,2.02,0.0612,0.259
Pr,Pr07,26,022,35,23,2.0,0.0571,0.215
Pr,Pr07,27,001,36,60,2.01,0.0557,0.281
Pr,Pr07,28,004,34,23,2.04,0.0601,0.334
Pr,Pr07,29,381,35,29,2.02,0.0578,0.192
Pr,Pr07,30,022,35,49,2.01,0.0575,0.24
Pr,Pr07,31,600,34,39,2.0,0.0588,0.278
Pr,Pr07,32,077,33,10,2.0,0.0606,0.248
Pr,Pr07,33,206,35,65,2.03,0.0579,0.284
Pr,Pr07,34,016,33,7,2.07,0.0626,0.26
Pr,Pr07,35,070,35,20,2.0,0.0571,0.166
Pr,Pr07,36,407,35,44,2.01,0.0575,0.257
Pr,Pr07,37,021,31,16,2.0,0.0645,0.238
Pr,Pr07,38,095,34,33,2.01,0.059,0.225
Pr,Pr07,39,407,35,31,2.01,0.0574,0.256
Pr,Pr07,40,109,36,26,2.02,0.0561,0.235
Pr,Pr07,41,522,32,21,2.01,0.0628,0.205
Pr,Pr07,42,630,33,23,2.02,0.0611,0.279
Pr,Pr07,44,007,37,25,2.0,0.0541,0.216
Pr,Pr07,45,246,35,28,2.03,0.0581,0.18
Pr,Pr07,46,445,32,21,2.05,0.0641,0.193
Pr,Pr07,47,050,36,16,2.05,0.057,0.288
Pr,Pr07,51,050,36,14,2.01,0.0558,0.258
Pr,Pr07,52,002,37,52,2.0,0.0541,0.236
Pr,Pr07,53,050,37,17,2.02,0.0547,0.294
Pr,Pr07,54,005,38,31,2.0,0.0527,0.266
Pr,Pr07,55,004,38,30,2.02,0.0531,0.196
Pr,Pr07,56,009,36,22,2.01,0.0558,0.222
Pr,Pr07,57,005,36,45,2.0,0.0556,0.249
Pr,Pr07,58,007,37,26,2.0,0.0541,0.225
Pr,Pr07,60,002,26,15,2.01,0.0773,0.308
Pr,Pr08,30,232,24,40,2.79,0.1161,0.308
Pr,Pr08,31,081,24,29,3.16,0.1317,0.313
Pr,Pr08,32,739,30,28,2.68,0.0892,0.249
Pr,Pr08,33,070,34,29,2.77,0.0814,0.293
Pr,Pr08,34,001,33,13,2.63,0.0798,0.205
Pr,Pr08,36,606,35,66,2.01,0.0573,0.212
Pr,Pr08,37,004,36,65,2.0,0.0556,0.235
Pr,Pr08,38,040,36,62,2.02,0.0562,0.233
Pr,Pr08,39,430,37,46,2.0,0.0541,0.197
Pr,Pr08,40,433,35,11,2.0,0.0571,0.288
Pr,Pr08,41,004,34,30,2.0,0.0588,0.183
Pr,Pr08,42,534,32,23,2.03,0.0634,0.269
Pr,Pr08,43,593,37,38,2.02,0.0546,0.224
Pr,Pr08,44,375,34,17,2.0,0.0588,0.211
Pr,Pr08,45,050,29,16,2.0,0.069,0.233
Pr,Pr08,46,024,38,46,2.0,0.0526,0.215
Pr,Pr08,47,076,34,13,2.0,0.0588,0.217
Pr,Pr08,48,076,37,86,2.01,0.0542,0.225
Pr,Pr08,49,666,36,38,2.02,0.056,0.257
Pr,Pr08,50,710,36,23,2.02,0.0562,0.3
Pr,Pr08,51,671,36,36,2.02,0.0561,0.289
Pr,Pr08,52,102,35,16,2.0,0.0571,0.234
Pr,Pr08,54,205,37,44,2.01,0.0543,0.243
Pr,Pr09,0,2),10,15,2.0,0.2,0.213
Pr,Pr09,1,002,23,19,2.17,0.0945,0.213
Pr,Pr09,2,755,35,25,2.13,0.0609,0.173
Pr,Pr09,5,372,34,30,2.06,0.0607,0.175
Pr,Pr09,6,021,36,55,2.04,0.0566,0.17
Pr,Pr09,8,214,33,37,2.07,0.0628,0.193
Pr,Pr09,9,001,35,12,2.03,0.0581,0.119
Pr,Pr09,10,405,35,17,2.03,0.0579,0.222
Pr,Pr09,11,770,36,35,2.07,0.0574,0.152
Pr,Pr09,12,060,36,69,2.01,0.0559,0.186
Pr,Pr09,13,070,34,11,2.05,0.0603,0.257
Pr,Pr09,14,061,35,17,2.03,0.0579,0.261
Pr,Pr09,15,386,37,33,2.0,0.0542,0.261
Pr,Pr09,16,206,34,22,2.02,0.0594,0.222
Pr,Pr09,17,091,37,39,2.0,0.0542,0.211
Pr,Pr09,18,091,35,33,2.04,0.0581,0.226
Pr,Pr09,19,381,35,53,2.04,0.0582,0.24
Pr,Pr09,20,065,37,9,2.0,0.0541,0.297
Pr,Pr09,21,594,36,24,2.04,0.0566,0.274
Pr,Pr09,22,200,37,25,2.0,0.0541,0.27
Pr,Pr09,23,010,33,11,2.03,0.0614,0.287
Pr,Pr09,24,200,37,20,2.03,0.055,0.236
Pr,Pr09,25,041,36,11,2.07,0.0576,0.275
Pr,Pr09,26,001,32,13,2.0,0.0625,0.26
Pr,Pr09,27,099,30,13,2.0,0.0667,0.285
Pr,Pr09,28,010,35,6,2.0,0.0571,0.143
Pr,Pr09,29,050,37,41,2.0,0.0541,0.218
Pr,Pr09,30,001,36,37,2.0,0.0556,0.253
Pr,Pr09,31,022,35,11,2.0,0.0571,0.33
Pr,Pr09,33,002,33,14,2.01,0.0611,0.193
Pr,Pr09,34,001,16,12,2.0,0.125,0.24
Pr,Pr09,35,491,33,22,2.11,0.064,0.168
Pr,Pr10,0,780,35,27,2.0,0.0571,0.236
Pr,Pr10,1,600,38,35,2.0,0.0526,0.219
Pr,Pr10,2,053,35,18,2.0,0.0571,0.198
Pr,Pr10,3,004,37,34,2.0,0.0541,0.198
Pr,Pr10,4,290,38,49,2.01,0.0529,0.241
Pr,Pr10,5,400,39,33,2.02,0.0518,0.257
Pr,Pr10,6,067,33,19,2.03,0.0617,0.212
Pr,Pr10,7,600,38,33,2.0,0.0528,0.225
Pr,Pr10,8,600,37,22,2.0,0.0541,0.187
Pr,Pr10,9,600,39,32,2.04,0.0523,0.261
Pr,Pr10,10,430,38,17,2.02,0.0531,0.246
Pr,Pr10,11,300,39,43,2.08,0.0534,0.202
Pr,Pr10,12,004,38,7,2.02,0.0531,0.286
Pr,Pr10,13,700,36,17,2.0,0.0556,0.229
Pr,Pr10,14,600,38,32,2.02,0.0532,0.234
Pr,Pr10,15,365,39,34,2.03,0.0521,0.263
Pr,Pr10,16,406,37,32,2.04,0.0551,0.156
Pr,Pr10,17,365,39,24,2.02,0.0518,0.214
Pr,Pr10,18,400,33,29,2.03,0.0614,0.184
Pr,Pr10,19,021,32,51,2.0,0.0626,0.176
Pr,Pr10,25,700,18,11,2.0,0.1111,0.293
Pr,Pr10,26,020,19,18,2.0,0.1053,0.237
Pr,Pr10,27,710,23,16,2.01,0.0875,0.264
Pr,Pr10,28,020,21,17,2.0,0.0952,0.286
Pr,Pr10,30,001,17,6,2.0,0.1176,0.333
Pr,Pr10,31,710,19,17,2.12,0.1117,0.362
Pr,Pr10,32,700,20,17,2.07,0.1036,0.326
Pr,Pr10,33,700,24,17,2.13,0.089,0.26
Pr,Pr10,34,020,18,16,2.03,0.1125,0.365
Pr,Pr10,35,710,16,16,2.11,0.1316,0.395
Pr,Pr10,36,402,17,16,2.33,0.1368,0.471
Pr,Pr10,37,2),15,23,3.11,0.2077,0.412
Pv,Pv01,0,4),38,103,2.04,0.0538,0.147
Pv,Pv01,1,200,35,31,2.02,0.0576,0.234
Pv,Pv01,2,600,33,30,2.04,0.0619,0.225
Pv,Pv01,3,007,30,18,2.01,0.0671,0.215
Pv,Pv01,4,001,30,34,2.03,0.0676,0.208
Pv,Pv01,5,091,18,8,2.0,0.1111,0.208
Pv,Pv01,6,005,35,16,2.01,0.0575,0.22
Pv,Pv01,7,005,32,13,2.0,0.0625,0.264
Pv,Pv01,8,144,36,28,2.01,0.0558,0.179
Pv,Pv01,10,200,36,31,2.01,0.0558,0.197
Pv,Pv01,11,200,38,24,2.02,0.0531,0.18
Pv,Pv01,12,710,34,35,2.02,0.0593,0.242
Pv,Pv01,13,090,36,13,2.0,0.0556,0.184
Pv,Pv01,15,450,32,59,4.07,0.1273,0.327
Pv,Pv01,16,002,14,22,5.43,0.388,0.747
Pv,Pv01,17,755,15,29,5.6,0.3732,0.678
Pv,Pv01,18,009,15,23,7.25,0.4835,0.757
Pv,Pv01,19,061,17,50,5.52,0.3247,0.671
Pv,Pv01,20,734,16,50,5.36,0.3352,0.704
Pv,Pv01,21,734,14,61,6.83,0.4877,0.819
Pv,Pv01,22,684,17,72,5.69,0.3344,0.657
Pv,Pv02,20,280,15,27,3.83,0.2553,0.714
Pv,Pv02,21,021,15,38,5.02,0.3343,0.721
Pv,Pv02,22,027,14,43,5.7,0.4072,0.754
Pv,Pv02,23,600,17,35,6.0,0.353,0.676
Pv,Pv02,24,209,14,13,6.97,0.4975,0.808
Pv,Pv02,25,600,14,33,6.08,0.4344,0.775
Pv,Pv02,26,048,15,23,5.45,0.3632,0.748
Pv,Pv02,27,021,13,16,6.15,0.4731,0.865
Pv,Pv02,28,739,14,6,5.05,0.3605,0.798
Pv,Pv02,29,020,16,6,2.97,0.1857,0.708
Pv,Pv02,30,053,12,6,6.63,0.5521,0.889
Pv,Pv02,31,360,17,45,5.43,0.3194,0.63
Pv,Pv02,32,360,16,48,5.6,0.35,0.717
Pv,Pv02,33,430,32,29,5.09,0.1591,0.374
Pv,Pv02,34,047,14,19,5.32,0.3798,0.827
Pv,Pv02,35,575,16,39,4.95,0.3093,0.702
Pv,Pv03,0,575,36,30,2.01,0.0558,0.194
Pv,Pv03,1,004,31,11,2.02,0.0653,0.185
Pv,Pv03,4,007,36,16,2.03,0.0563,0.227
Pv,Pv03,5,021,32,14,2.04,0.0636,0.19
Pv,Pv03,6,095,36,31,2.01,0.0559,0.218
Pv,Pv03,7,381,34,25,2.07,0.0607,0.175
Pv,Pv03,8,045,34,13,2.08,0.0612,0.136
Pv,Pv03,9,522,35,22,2.02,0.0577,0.125
Pv,Pv03,10,060,32,14,2.16,0.0675,0.121
Pv,Pv03,11,301,31,28,2.01,0.065,0.135
Pv,Pv03,12,060,26,14,2.02,0.0777,0.236
Pv,Pv03,13,040,31,14,2.06,0.0664,0.177
Pv,Pv03,14,025,15,7,2.09,0.1395,0.2
Pv,Pv03,15,002,36,27,2.01,0.0559,0.237
Pv,Pv03,16,474,37,36,2.03,0.0547,0.252
Pv,Pv03,17,445,28,13,2.1,0.075,0.154
Pv,Pv03,18,001,36,25,2.05,0.0568,0.239
Pv,Pv03,19,030,30,31,2.06,0.0688,0.257
Pv,Pv03,20,030,30,11,2.0,0.0667,0.291
Pv,Pv03,21,002,32,27,2.0,0.0625,0.211
Pv,Pv03,23,030,37,44,2.01,0.0542,0.176
Pv,Pv03,24,044,33,38,3.73,0.113,0.258
Pv,Pv03,25,048,17,11,3.72,0.2188,0.535
Pv,Pv03,26,206,25,33,4.4,0.1759,0.342
Pv,Pv04,0,065,36,14,2.03,0.0564,0.194
Pv,Pv04,2,311,37,104,2.01,0.0545,0.196
Pv,Pv04,3,600,38,40,2.04,0.0537,0.252
Pv,Pv04,4,027,33,28,2.02,0.0613,0.221
Pv,Pv04,5,700,37,16,2.0,0.0541,0.22
Pv,Pv04,6,001,38,12,2.01,0.0529,0.243
Pv,Pv04,9,607,35,46,2.01,0.0575,0.181
Pv,Pv04,10,057,33,15,2.04,0.0619,0.214
Pv,Pv04,11,034,37,29,2.03,0.0549,0.181
Pv,Pv04,12,600,36,28,2.0,0.0556,0.183
Pv,Pv04,13,290,37,35,2.0,0.0541,0.184
Pv,Pv04,15,045,36,21,2.01,0.0558,0.206
Pv,Pv04,16,256,37,42,2.03,0.0549,0.223
Pv,Pv04,17,006,33,17,2.04,0.0617,0.248
Pv,Pv04,18,308,37,34,2.0,0.0541,0.252
Pv,Pv04,19,034,36,22,2.03,0.0563,0.235
Pv,Pv04,20,216,35,48,2.04,0.0584,0.276
Pv,Pv04,21,099,34,18,2.18,0.064,0.155
Pv,Pv04,23,606,34,23,2.01,0.0591,0.237
Pv,Pv04,24,034,37,46,2.01,0.0544,0.254
Pv,Pv04,25,202,34,41,2.02,0.0594,0.166
Pv,Pv04,26,222,35,16,2.0,0.0571,0.173
Pv,Pv04,27,044,38,28,2.02,0.0531,0.197
Pv,Pv04,28,069,36,25,2.04,0.0566,0.226
Pv,Pv04,30,421,35,27,2.03,0.0579,0.195
Pv,Pv04,31,095,34,39,2.04,0.0601,0.204
Pv,Pv04,32,088,37,49,2.07,0.0561,0.145
Pv,Pv04,33,200,30,18,2.11,0.0704,0.137
Pv,Pv04,34,739,37,12,2.0,0.0541,0.173
Pv,Pv04,35,040,32,21,2.03,0.0634,0.272
Pv,Pv04,38,301,36,27,2.02,0.0561,0.176
Pv,Pv04,39,004,34,17,2.05,0.0603,0.178
Pv,Pv04,40,004,34,32,2.08,0.0611,0.135
Pv,Pv04,41,209,30,20,2.04,0.0679,0.163
Pv,Pv04,42,081,28,13,2.0,0.0714,0.14
Pv,Pv04,44,450,31,7,2.12,0.0685,0.226
Pv,Pv04,45,045,31,53,2.05,0.066,0.119
Pv,Pv04,46,027,31,23,2.05,0.066,0.15
Pv,Pv04,47,081,34,15,2.03,0.0597,0.19
Pv,Pv04,48,050,21,13,2.09,0.0994,0.161
Pv,Pv04,49,450,14,15,2.0,0.1429,0.133
Pv,Pv06,3,200,37,75,2.77,0.0747,0.243
Pv,Pv06,4,200,36,89,2.01,0.0558,0.231
Pv,Pv06,5,200,36,74,2.0,0.0556,0.213
Pv,Pv06,6,600,36,48,2.0,0.0557,0.208
Pv,Pv06,7,214,36,55,2.01,0.0558,0.194
Pv,Pv06,8,316,36,34,2.03,0.0564,0.216
Pv,Pv06,10,421,33,25,2.02,0.0612,0.208
Pv,Pv06,11,021,34,21,2.0,0.0588,0.171
Pv,Pv06,12,021,28,23,2.0,0.0714,0.155
Pv,Pv06,13,144,33,29,2.03,0.0614,0.247
Pv,Pv06,14,599,33,19,2.01,0.0609,0.233
Pv,Pv06,16,702,23,23,2.02,0.0876,0.159
Pv,Pv06,17,081,34,32,2.01,0.0591,0.169
Pv,Pv06,20,069,36,23,2.01,0.0559,0.167
Pv,Pv06,21,451,34,41,2.0,0.0588,0.121
Pv,Pv06,22,206,34,22,2.0,0.0588,0.245
Pv,Pv06,23,730,37,39,2.01,0.0542,0.166
Pv,Pv06,24,209,37,53,2.0,0.0541,0.213
Pv,Pv06,25,200,34,22,2.02,0.0594,0.243
Pv,Pv06,26,056,32,33,2.01,0.0627,0.215
Pv,Pv06,27,034,37,18,2.01,0.0543,0.257
Pv,Pv06,28,700,35,37,2.02,0.0577,0.151
Pv,Pv06,29,204,36,26,2.01,0.0558,0.154
Pv,Pv06,30,755,35,34,2.03,0.058,0.146
Pv,Pv06,31,381,30,25,2.02,0.0672,0.143
Pv,Pv06,32,755,35,24,2.04,0.0582,0.16
Pv,Pv06,33,381,29,18,2.0,0.069,0.211
Pv,Pv06,34,006,38,24,2.02,0.0532,0.151
Pv,Pv06,36,132,36,38,2.01,0.0559,0.189
Pv,Pv06,38,316,35,18,2.03,0.0581,0.167
Pv,Pv06,39,008,25,11,2.0,0.08,0.193
Pv,Pv06,40,021,33,26,2.01,0.0609,0.198
Pv,Pv06,41,021,36,27,2.02,0.056,0.189
Pv,Pv06,42,144,36,25,2.03,0.0565,0.159
Pv,Pv06,43,026,35,26,2.05,0.0586,0.175
Pv,Pv06,44,006,32,18,2.03,0.0635,0.156
Pv,Pv06,45,700,36,13,2.01,0.0559,0.239
Pv,Pv06,46,081,32,23,2.06,0.0644,0.163
Pv,Pv06,47,461,37,24,2.05,0.0555,0.198
Pv,Pv06,48,589,35,34,2.03,0.0579,0.176
Pv,Pv06,49,049,37,16,2.05,0.0553,0.199
Pv,Pv06,50,137,27,13,2.05,0.0759,0.199
Pv,Pv06,51,069,33,11,2.04,0.0618,0.35
Pv,Pv06,52,440,32,13,2.04,0.0638,0.214
Pv,Pv06,53,200,38,70,2.03,0.0535,0.145
Pv,Pv06,54,206,35,32,2.04,0.0583,0.078
Pv,Pv07,9,200,38,13,3.89,0.1025,0.571
Pv,Pv07,10,200,22,7,2.18,0.099,0.188
Pv,Pv07,12,004,34,40,2.02,0.0594,0.11
Pv,Pv07,13,045,28,6,2.0,0.0714,0.173
Pv,Pv07,15,045,23,10,2.1,0.0912,0.161
Pv,Pv07,16,004,32,23,2.04,0.0637,0.177
Pv,Pv07,17,200,37,10,2.06,0.0557,0.089
Pv,Pv07,18,001,28,7,2.1,0.0751,0.107
Pv,Pv07,19,200,34,39,2.03,0.0596,0.103
Pv,Pv07,20,001,30,6,2.0,0.0667,0.139
Pv,Pv07,21,022,36,35,2.07,0.0576,0.085
Pv,Pv07,22,200,36,54,2.07,0.0576,0.066
Pv,Pv07,24,004,34,8,2.0,0.0588,0.221
Pv,Pv07,25,045,37,46,2.01,0.0544,0.074
Pv,Pv07,26,711,16,6,2.0,0.125,0.24
Pv,Pv07,27,043,34,10,2.0,0.0588,0.079
Pv,Pv07,28,381,32,13,2.03,0.0636,0.337
Pv,Pv07,29,205,38,69,2.05,0.0539,0.213
Pv,Pv07,30,081,36,23,2.04,0.0566,0.213
Pv,Pv07,31,482,38,36,2.03,0.0534,0.124
Pv,Pv07,32,021,36,25,2.03,0.0564,0.199
Pv,Pv07,33,021,35,33,2.05,0.0586,0.156
Pv,Pv07,35,599,30,22,2.0,0.0667,0.1
Pv,Pv07,36,045,32,17,2.06,0.0642,0.173
Pv,Pv07,37,700,38,25,2.0,0.0526,0.131
Pv,Pv07,38,081,29,14,2.0,0.069,0.172
Pv,Pv07,39,421,36,16,2.03,0.0563,0.104
Pv,Pv07,40,049,35,23,2.06,0.0589,0.165
Pv,Pv07,41,565,38,18,2.01,0.0529,0.222
Pv,Pv07,42,200,28,16,2.0,0.0714,0.141
Pv,Pv07,43,280,35,33,2.0,0.0571,0.194
Pv,Pv07,46,027,37,31,2.0,0.0541,0.203
Pv,Pv07,47,203,35,37,2.01,0.0576,0.243
Pv,Pv07,48,009,36,20,2.02,0.0562,0.203
Pv,Pv07,49,710,39,44,2.03,0.0521,0.19
Pv,Pv07,50,009,34,21,2.0,0.0588,0.136
Pv,Pv07,51,206,39,16,2.01,0.0516,0.2
Pv,Pv07,52,001,36,28,2.01,0.0558,0.183
Pv,Pv07,53,206,35,28,2.01,0.0574,0.186
Pv,Pv07,54,001,39,17,2.02,0.0518,0.225
Pv,Pv07,55,077,39,52,2.02,0.0517,0.164
Pv,Pv07,56,464,37,16,2.02,0.0545,0.166
Pv,Pv07,57,078,37,16,2.0,0.0541,0.201
Pv,Pv07,58,078,39,28,2.0,0.0513,0.144
Pv,Pv07,59,386,14,14,2.0,0.1429,0.148
Pv,Pv07,60,078,34,7,2.0,0.0588,0.13
Pv,Pv07,61,386,39,33,2.01,0.0516,0.204
Pv,Pv07,62,078,27,13,2.0,0.0741,0.165
Pv,Pv07,63,010,36,20,2.0,0.0556,0.182
Pv,Pv07,64,700,33,23,2.0,0.0606,0.165
Pv,Pv08,0,700,29,22,4.04,0.1392,0.29
Pv,Pv08,1,081,34,25,2.0,0.0588,0.136
Pv,Pv08,2,022,38,25,2.03,0.0535,0.157
Pv,Pv08,3,002,34,16,2.01,0.0592,0.215
Pv,Pv08,4,002,37,21,2.01,0.0543,0.225
Pv,Pv08,5,144,30,23,2.03,0.0676,0.193
Pv,Pv08,6,700,30,13,2.0,0.0667,0.297
Pv,Pv08,7,669,38,24,2.01,0.0529,0.171
Pv,Pv08,8,081,28,26,2.03,0.0725,0.334
Pv,Pv08,9,020,28,27,2.03,0.0726,0.336
Pv,Pv08,11,004,25,21,2.0,0.08,0.078
Pv,Pv08,12,004,33,21,2.0,0.0606,0.061
Pv,Pv08,13,010,36,19,2.04,0.0567,0.104
Pv,Pv08,14,431,38,27,2.02,0.0531,0.145
Pv,Pv08,15,053,29,13,2.0,0.069,0.164
Pv,Pv08,16,381,34,24,2.0,0.0588,0.129
Pv,Pv08,17,053,38,33,2.0,0.0526,0.181
Pv,Pv08,18,381,33,11,2.0,0.0606,0.275
Pv,Pv08,19,053,21,6,2.0,0.0952,0.31
Pv,Pv08,20,016,21,10,2.0,0.0952,0.281
Pv,Pv08,21,260,39,36,2.03,0.0521,0.147
Pv,Pv08,22,450,34,15,2.04,0.06,0.169
Pv,Pv08,23,209,38,25,2.0,0.0526,0.18
Pv,Pv08,24,030,33,18,2.01,0.061,0.172
Pv,Pv08,25,290,33,24,2.0,0.0606,0.145
Pv,Pv08,26,256,37,28,2.06,0.0556,0.154
Pv,Pv08,27,046,31,13,2.0,0.0645,0.169
Pv,Pv08,28,710,29,12,2.01,0.0695,0.264
Pv,Pv08,29,005,26,14,2.08,0.0801,0.165
Pv,Pv08,34,252,31,29,2.04,0.0659,0.138
Pv,Pv08,35,002,28,10,2.12,0.0758,0.221
Pv,Pv08,36,599,26,13,2.17,0.0835,0.225
Pv,Pv08,38,570,26,14,2.02,0.0779,0.181
Pv,Pv08,41,280,35,24,2.06,0.059,0.1
Pv,Pv08,42,606,34,42,2.02,0.0593,0.067
Pv,Pv08,43,280,35,18,2.03,0.0579,0.1
Pv,Pv08,46,405,24,36,2.02,0.0841,0.104
Pv,Pv08,47,669,29,25,2.0,0.069,0.081
Pv,Pv08,50,099,41,16,3.73,0.091,0.47
Pv,Pv08,51,048,40,11,3.68,0.0921,0.65
Pv,Pv09,0,226,36,34,2.01,0.056,0.094
Pv,Pv09,1,095,27,22,2.0,0.0741,0.051
Pv,Pv09,2,001,39,9,2.0,0.0513,0.137
Pv,Pv09,3,290,21,28,2.0,0.0952,0.17
Pv,Pv09,4,256,34,38,2.08,0.0611,0.109
Pv,Pv09,5,450,15,9,2.0,0.1333,0.163
Pv,Pv09,6,669,29,44,2.06,0.0709,0.114
Pv,Pv09,8,209,31,6,2.27,0.0731,0.226
Pv,Pv09,9,534,39,34,2.03,0.052,0.105
Pv,Pv09,10,003,38,49,2.1,0.0552,0.159
Pv,Pv09,11,010,38,60,2.02,0.0533,0.146
Pv,Pv09,12,048,38,62,2.01,0.0529,0.133
Pv,Pv09,13,370,34,15,2.02,0.0593,0.169
Pv,Pv09,14,093,36,53,2.03,0.0563,0.138
Pv,Pv09,15,002,23,13,2.0,0.087,0.181
Pv,Pv09,16,001,39,51,2.0,0.0514,0.21
Pv,Pv09,17,004,36,27,2.02,0.0562,0.149
Pv,Pv09,18,074,35,12,2.0,0.0571,0.155
Pv,Pv09,19,431,38,32,2.03,0.0533,0.123
Pv,Pv09,20,280,25,28,2.02,0.0808,0.223
Pv,Pv09,21,079,30,18,2.0,0.0667,0.128
Pv,Pv09,25,001,36,50,2.93,0.0815,0.2
Pv,Pv09,26,133,33,34,3.74,0.1133,0.249
Pv,Pv09,27,002,35,60,3.47,0.099,0.175
Pv,Pv09,29,004,18,10,2.11,0.1175,0.328
Pv,Pv09,31,001,35,36,2.0,0.0571,0.102
Pv,Pv09,32,381,38,48,2.0,0.0526,0.102
Pv,Pv09,33,106,21,12,2.52,0.1201,0.452
Pv,Pv09,34,450,25,18,2.03,0.0812,0.222
Pv,Pv09,36,450,30,16,2.03,0.0676,0.115
Pv,Pv09,37,010,38,18,2.0,0.0526,0.115
Pv,Pv09,38,326,38,37,2.08,0.0547,0.225
Pv,Pv09,39,067,26,13,2.02,0.0778,0.192
Pv,Pv09,40,710,18,14,2.0,0.1111,0.159
Pv,Pv09,41,710,33,13,2.03,0.0616,0.322
Pv,Pv09,42,084,23,23,2.0,0.087,0.134
Pv,Pv09,43,001,38,11,2.87,0.0754,0.227
Pv,Pv09,44,084,33,38,4.13,0.1252,0.325
Pv,Pv09,45,326,19,55,4.29,0.2257,0.468
Pv,Pv09,46,734,30,64,3.81,0.1271,0.294
Pv,Pv09,47,254,18,64,4.55,0.2527,0.464
Pv,Pv09,48,604,19,60,4.56,0.24,0.472
Pv,Pv09,49,290,25,44,5.3,0.2121,0.377
Pv,Pv10,5,330,35,60,4.53,0.1294,0.246
Pv,Pv10,6,332,37,43,3.54,0.0957,0.26
Pv,Pv10,7,233,30,40,3.93,0.1311,0.292
Pv,Pv10,8,381,21,43,4.82,0.2295,0.504
Pv,Pv10,9,030,38,39,4.21,0.1109,0.293
Pv,Pv10,10,473,31,33,2.01,0.0649,0.22
Pv,Pv10,11,010,28,27,2.01,0.072,0.132
Pv,Pv10,12,006,38,29,2.0,0.0526,0.166
Pv,Pv10,13,006,36,18,2.0,0.0556,0.127
Pv,Pv10,14,387,29,23,2.0,0.069,0.13
Pv,Pv10,15,062,30,25,2.04,0.0679,0.163
Pv,Pv10,16,034,35,27,2.42,0.069,0.169
Pv,Pv10,17,335,32,75,2.0,0.0625,0.122
Pv,Pv10,18,397,33,40,2.04,0.062,0.114
Pv,Pv10,19,200,37,67,3.4,0.092,0.164
Pv,Pv10,20,401,39,50,2.78,0.0714,0.143
Pv,Pv10,24,235,20,17,2.0,0.1,0.147
Pv,Pv10,25,120,34,15,2.0,0.0588,0.222
Pv,Pv10,26,120,28,11,2.0,0.0714,0.208
Pv,Pv10,27,005,34,25,2.1,0.0617,0.205
Pv,Pv10,28,011,37,32,2.55,0.069,0.179
Pv,Pv10,29,070,19,44,2.82,0.1484,0.323
Pv,Pv10,30,670,21,32,2.61,0.1245,0.278
Pv,Pv10,31,011,32,34,2.17,0.0678,0.229
Pv,Pv10,32,730,32,13,2.06,0.0642,0.274
Pv,Pv10,33,001,35,35,2.16,0.0618,0.23
Pv,Pv10,34,730,8,13,4.12,0.5151,0.596
Pv,Pv10,35,001,21,19,3.62,0.1725,0.571
Pv,Pv10,36,040,21,17,2.16,0.1029,0.246
Pv,Pv10,37,098,26,33,2.32,0.0892,0.232
Pv,Pv10,38,011,28,14,2.1,0.0749,0.161
Pv,Pv10,39,022,30,15,2.34,0.0781,0.224
Pv,Pv10,40,022,36,28,2.37,0.0659,0.178
Pv,Pv10,41,011,39,61,2.29,0.0588,0.214
Pv,Pv10,42,356,37,22,2.09,0.0566,0.167
Pv,Pv10,43,017,31,19,2.13,0.0687,0.195
Pv,Pv10,44,019,22,32,2.27,0.1033,0.305
Pv,Pv10,45,001,19,55,2.33,0.1228,0.4
Pv,Pv10,46,309,16,20,2.44,0.1523,0.419
Pv,Pv10,47,054,19,22,2.29,0.1204,0.301
Pv,Pv10,48,380,18,8,3.02,0.168,0.486
Pv,Pv10,49,054,13,13,2.13,0.1641,0.331
Pv,Pv10,50,401,28,36,2.13,0.076,0.169
Pv,Pv10,51,011,28,28,2.18,0.0777,0.176
Pv,Pv10,52,048,21,18,2.05,0.0976,0.225
Pv,Pv10,53,017,27,18,2.05,0.0759,0.212
Pv,Pv10,54,011,28,30,2.04,0.0729,0.16
Pv,Pv10,55,230,23,27,2.0,0.087,0.192
Qv,Qv01,11,602,49,90,2.19,0.0447,0.254
Qv,Qv01,13,600,34,46,2.07,0.0609,0.162
Qv,Qv01,14,600,18,44,2.1,0.1165,0.215
Qv,Qv01,16,097,35,49,2.15,0.0615,0.282
Qv,Qv01,17,067,28,37,2.11,0.0754,0.32
Qv,Qv01,18,710,46,38,2.38,0.0517,0.333
Qv,Qv01,19,710,44,32,2.41,0.0547,0.362
Qv,Qv01,20,739,44,31,2.88,0.0654,0.521
Qv,Qv02,10,011,56,19,2.15,0.0384,0.33
Qv,Qv02,11,710,52,56,2.15,0.0414,0.247
Qv,Qv02,12,600,50,49,2.15,0.043,0.236
Qv,Qv02,13,205,48,55,2.29,0.0477,0.154
Qv,Qv02,16,599,52,49,2.25,0.0433,0.243
Qv,Qv02,17,591,42,45,2.2,0.0523,0.343
Qv,Qv03,36,069,12,14,5.55,0.4623,0.702
Qv,Qv03,37,070,31,41,2.13,0.0687,0.302
Qv,Qv03,38,007,39,61,2.28,0.0585,0.359
Qv,Qv03,39,021,38,24,2.2,0.058,0.379
Qv,Qv03,40,093,48,54,2.17,0.0452,0.262
Qv,Qv03,41,381,46,28,2.06,0.0447,0.198
Qv,Qv03,42,045,43,69,2.08,0.0483,0.343
Qv,Qv03,43,685,44,23,2.02,0.0459,0.126
Qv,Qv03,44,060,39,70,2.02,0.0518,0.207
Qv,Qv03,45,301,35,19,2.03,0.0581,0.254
Qv,Qv03,46,060,40,24,2.01,0.0502,0.346
Qv,Qv03,47,040,40,65,2.04,0.051,0.255
Qv,Qv03,48,025,17,12,2.12,0.125,0.446
Qv,Qv03,49,300,12,6,2.09,0.1743,0.514
Qv,Qv04,0,002,35,28,2.05,0.0587,0.279
Qv,Qv04,1,670,35,66,2.09,0.0597,0.244
Qv,Qv04,2,445,35,44,2.07,0.0592,0.259
Qv,Qv04,3,011,37,19,2.05,0.0553,0.354
Qv,Qv04,4,030,38,44,2.04,0.0537,0.297
Qv,Qv04,5,030,43,49,2.1,0.0488,0.206
Qv,Qv04,6,002,49,45,2.04,0.0417,0.253
Qv,Qv04,7,430,51,44,2.03,0.0397,0.209
Qv,Qv04,8,030,48,54,2.03,0.0423,0.212
Qv,Qv04,9,044,52,24,2.01,0.0387,0.248
Qv,Qv04,10,048,47,82,2.06,0.0438,0.197
Qv,Qv04,11,206,51,144,2.03,0.0398,0.184
Qv,Qv04,12,430,48,51,2.02,0.0422,0.23
Qv,Qv04,13,600,47,42,2.05,0.0437,0.252
Qv,Qv04,14,027,41,28,2.06,0.0503,0.343
Qv,Qv04,15,700,39,17,2.08,0.0534,0.332
Qv,Qv04,16,011,51,132,2.25,0.0441,0.287
Qv,Qv04,17,078,45,23,2.22,0.0493,0.338
Qv,Qv04,18,021,42,23,2.08,0.0494,0.285
Qv,Qv05,1,421,43,36,2.02,0.047,0.096
Qv,Qv05,2,095,49,37,2.06,0.0421,0.083
Qv,Qv05,3,087,53,47,2.01,0.0379,0.07
Qv,Qv05,4,200,53,85,2.07,0.0391,0.179
Qv,Qv05,5,739,47,38,2.12,0.0451,0.155
Qv,Qv05,6,040,48,22,2.17,0.0452,0.169
Qv,Qv05,7,140,55,38,2.14,0.039,0.135
Qv,Qv05,9,301,51,41,2.22,0.0436,0.159
Qv,Qv05,10,004,51,51,2.4,0.047,0.218
Qv,Qv05,11,004,51,53,2.33,0.0458,0.216
Qv,Qv05,12,209,46,48,2.38,0.0517,0.298
Qv,Qv05,13,081,19,17,2.15,0.113,0.195
Qv,Qv05,14,050,50,84,2.09,0.0417,0.114
Qv,Qv06,4,344,14,8,2.12,0.1513,0.348
Qv,Qv06,5,048,47,45,2.26,0.0481,0.274
Qv,Qv06,8,021,52,51,2.13,0.041,0.28
Qv,Qv06,9,304,48,23,2.29,0.0476,0.222
Qv,Qv06,11,093,52,77,2.18,0.0418,0.193
Qv,Qv06,13,200,54,84,2.08,0.0385,0.122
Qv,Qv06,14,254,45,29,2.02,0.0448,0.166
Qv,Qv06,15,301,50,56,2.06,0.0413,0.105
Qv,Qv06,16,600,54,50,2.12,0.0392,0.187
Qv,Qv06,18,301,49,28,2.24,0.0457,0.3
Qv,Qv06,20,200,56,58,2.06,0.0368,0.223
Qv,Qv06,21,600,56,39,2.01,0.036,0.189
Qv,Qv06,22,200,57,159,2.12,0.0371,0.23
Qv,Qv06,23,346,50,66,2.13,0.0426,0.28
Qv,Qv06,24,305,56,51,2.22,0.0397,0.257
Qv,Qv06,25,001,53,38,2.09,0.0395,0.212
Qv,Qv06,26,430,52,48,2.24,0.0432,0.379
Qv,Qv06,27,020,50,51,2.46,0.0492,0.319
Qv,Qv06,28,002,54,46,2.47,0.0457,0.293
Qv,Qv07,11,300,56,37,2.34,0.0418,0.183
Qv,Qv07,12,209,43,80,2.23,0.0518,0.217
Qv,Qv07,13,300,49,38,2.53,0.0517,0.296
Qv,Qv07,14,084,52,49,2.31,0.0444,0.382
Qv,Qv07,15,034,55,23,2.23,0.0406,0.446
Qv,Qv07,16,710,55,78,2.05,0.0373,0.182
Qv,Qv07,17,204,29,38,2.11,0.0727,0.338
Qv,Qv07,18,755,30,34,2.2,0.0733,0.37
Qv,Qv07,19,755,40,45,2.14,0.0534,0.329
Qv,Qv07,20,006,51,40,2.11,0.0414,0.304
Qv,Qv07,21,205,49,49,2.11,0.043,0.274
Qv,Qv07,22,375,55,52,2.03,0.037,0.23
Qv,Qv07,23,008,53,117,2.06,0.039,0.203
Qv,Qv07,24,430,49,34,2.07,0.0422,0.325
Qv,Qv07,25,002,54,50,2.2,0.0407,0.276
Qv,Qv07,26,002,48,50,2.21,0.0461,0.298
Qv,Qv07,27,144,54,39,2.42,0.0447,0.299
Qv,Qv07,28,026,49,45,2.26,0.046,0.313
Qv,Qv07,29,006,53,32,2.15,0.0406,0.239
Qv,Qv07,30,700,51,22,2.25,0.0441,0.332
Qv,Qv07,31,008,51,45,2.21,0.0434,0.326
Qv,Qv07,32,670,50,52,2.31,0.0462,0.313
Qv,Qv07,33,10),57,177,2.26,0.0397,0.273
Qv,Qv08,0,3),29,40,2.7,0.0932,0.314
Qv,Qv08,1,400,43,48,2.92,0.0678,0.236
Qv,Qv08,2,072,47,24,2.79,0.0595,0.262
Qv,Qv08,3,002,29,12,2.08,0.0719,0.259
Qv,Qv08,4,003,50,39,2.48,0.0496,0.171
Qv,Qv08,5,072,38,28,2.87,0.0755,0.25
Qv,Qv08,8,072,48,24,2.54,0.0528,0.292
Qv,Qv08,9,002,39,59,2.35,0.0602,0.36
Qv,Qv08,10,200,36,21,2.2,0.0612,0.251
Qv,Qv08,11,045,36,16,2.23,0.0619,0.273
Qv,Qv08,12,004,43,18,2.17,0.0504,0.27
Qv,Qv08,13,045,47,50,2.12,0.0451,0.204
Qv,Qv08,14,001,43,19,2.02,0.0471,0.132
Qv,Qv08,15,045,40,17,2.32,0.0581,0.218
Qv,Qv08,16,004,34,81,3.02,0.0889,0.249
Qv,Qv08,17,200,24,16,3.29,0.1373,0.435
Qv,Qv08,18,001,29,86,3.71,0.128,0.307
Qv,Qv08,19,200,7,3,6.41,0.9163,1.0
Qv,Qv08,20,001,37,108,5.19,0.1402,0.475
Qv,Qv08,21,022,35,19,4.16,0.1188,0.537
Qv,Qv08,22,200,39,81,2.46,0.0632,0.23
Qv,Qv08,23,022,32,16,2.2,0.0687,0.43
Qv,Qv08,24,255,28,40,2.0,0.0714,0.165
Qv,Qv08,25,004,24,15,2.0,0.0833,0.139
Qv,Qv08,26,045,18,17,2.04,0.1135,0.212
Qv,Qv08,27,711,26,18,2.04,0.0785,0.152
Qv,Qv08,29,045,4,16,2.2,0.551,0.562
Qv,Qv08,30,711,4,13,2.1,0.5259,0.404
Ra,Ra02,18,207,73,37,4.9,0.0672,0.338
Ra,Ra02,19,022,81,84,4.63,0.0572,0.323
Ra,Ra02,20,207,82,91,4.78,0.0583,0.301
Ra,Ra02,21,022,73,134,5.15,0.0705,0.267
Ra,Ra02,22,226,71,84,4.11,0.0579,0.181
Ra,Ra02,23,232,71,43,4.03,0.0567,0.208
Ra,Ra02,24,302,74,70,4.83,0.0653,0.308
Ra,Ra02,25,600,72,48,4.68,0.0649,0.351
Ra,Ra02,26,200,77,157,5.12,0.0665,0.281
Ra,Ra03,0,044,79,70,4.35,0.0551,0.317
Ra,Ra03,1,044,86,113,5.22,0.0608,0.355
Ra,Ra03,2,036,86,102,5.46,0.0635,0.309
Ra,Ra03,3,004,73,74,6.21,0.085,0.386
Ra,Ra03,4,410,85,104,5.31,0.0625,0.329
Ra,Ra03,5,004,82,63,4.89,0.0597,0.202
Ra,Ra03,6,153,89,91,4.82,0.0542,0.262
Ra,Ra03,7,011,79,29,5.13,0.0649,0.391
Ra,Ra03,8,721,77,73,4.0,0.0519,0.241
Ra,Ra03,9,040,69,25,4.32,0.0626,0.361
Ra,Ra03,10,002,69,25,4.32,0.0626,0.361
Ra,Ra03,11,306,82,80,3.62,0.0441,0.214
Ra,Ra03,12,001,68,22,4.85,0.0713,0.386
Ra,Ra03,13,778,76,60,4.12,0.0542,0.29
Ra,Ra03,14,778,79,61,4.45,0.0564,0.295
Ra,Ra03,15,002,85,32,4.38,0.0515,0.238
Ra,Ra03,16,778,82,51,4.32,0.0526,0.258
Ra,Ra03,17,254,89,119,4.51,0.0506,0.275
Ra,Ra03,18,007,86,72,4.59,0.0534,0.27
Ra,Ra03,19,206,89,91,4.13,0.0464,0.238
Ra,Ra03,20,004,79,27,3.86,0.0488,0.195
Ra,Ra03,22,020,79,68,4.55,0.0576,0.249
Ra,Ra03,24,004,65,25,3.88,0.0597,0.185
Ra,Ra03,25,004,62,27,4.69,0.0757,0.397
Ra,Ra03,26,040,71,25,4.55,0.0641,0.342
Ra,Ra03,27,460,69,38,4.3,0.0623,0.236
Ra,Ra03,28,070,75,81,4.75,0.0633,0.248
Ra,Ra03,29,600,82,89,4.44,0.0541,0.262
Ra,Ra04,0,600,82,90,4.39,0.0535,0.329
Ra,Ra04,1,005,80,128,4.56,0.0569,0.322
Ra,Ra04,2,001,82,144,4.55,0.0555,0.254
Ra,Ra04,3,001,55,19,4.04,0.0734,0.301
Ra,Ra04,4,670,73,43,4.39,0.0601,0.224
Ra,Ra04,5,004,75,29,5.06,0.0675,0.351
Ra,Ra04,6,053,63,23,4.13,0.0656,0.208
Ra,Ra04,7,001,86,86,4.37,0.0509,0.285
Ra,Ra04,8,006,73,33,5.38,0.0737,0.387
Ra,Ra04,9,306,84,60,4.47,0.0532,0.306
Ra,Ra04,10,002,72,71,4.68,0.065,0.337
Ra,Ra04,11,631,77,79,4.92,0.0639,0.3
Ra,Ra04,12,004,78,75,5.07,0.065,0.281
Ra,Ra04,13,004,78,61,5.38,0.069,0.288
Ra,Ra04,14,020,82,115,5.71,0.0696,0.313
Ra,Ra04,15,004,72,32,5.02,0.0697,0.43
Ra,Ra04,16,002,86,81,5.07,0.059,0.331
Ra,Ra04,17,206,69,11,5.71,0.0828,0.598
Ra,Ra04,18,050,72,55,5.0,0.0694,0.295
Ra,Ra04,20,200,34,29,4.18,0.1229,0.166
Ra,Ra04,21,004,17,3,3.58,0.2106,0.686
Ra,Ra07,7,004,42,27,5.64,0.1343,0.474
Ra,Ra07,8,001,61,70,5.94,0.0974,0.325
Ra,Ra07,9,215,75,99,6.57,0.0876,0.358
Ra,Ra07,10,007,79,70,5.95,0.0753,0.334
Ra,Ra07,11,002,50,29,6.64,0.1328,0.446
Ra,Ra07,12,020,48,29,6.71,0.1398,0.476
Ra,Ra07,13,080,55,48,6.72,0.1222,0.379
Ra,Ra07,14,004,52,22,6.43,0.1237,0.289
Ra,Ra07,15,610,74,123,5.64,0.0762,0.317
Ra,Ra07,16,631,71,80,5.21,0.0734,0.299
Ra,Ra07,17,047,53,179,5.52,0.1041,0.347
Ra,Ra07,18,735,75,77,5.42,0.0723,0.308
Ra,Ra07,19,280,65,49,5.48,0.0843,0.349
Ra,Ra07,20,047,53,32,5.39,0.1017,0.389
Ra,Ra07,21,053,68,29,4.18,0.0615,0.369
Ra,Ra07,22,020,62,35,4.32,0.0697,0.342
Ra,Ra07,23,700,44,29,4.58,0.104,0.495
Ra,Ra07,24,430,62,227,5.77,0.093,0.326
Rb,Rb01,3,028,85,199,5.31,0.0625,0.249
Rb,Rb01,4,642,75,50,5.0,0.0667,0.28
Rb,Rb01,5,043,69,35,4.78,0.0693,0.263
Rb,Rb01,6,065,82,137,4.45,0.0542,0.213
Rb,Rb01,7,001,27,23,3.06,0.1135,0.32
Rb,Rb01,8,506,17,27,3.26,0.1917,0.488
Rb,Rb02,0,410,63,152,5.59,0.0887,0.216
Rb,Rb02,1,400,85,57,4.85,0.057,0.296
Rb,Rb02,2,001,88,98,3.95,0.0449,0.296
Rb,Rb02,3,007,89,78,3.58,0.0402,0.207
Rb,Rb02,4,700,88,59,3.34,0.038,0.165
Rb,Rb02,5,093,85,32,3.74,0.044,0.224
Rb,Rb02,6,040,85,34,4.04,0.0475,0.272
Rb,Rb02,7,040,91,256,3.94,0.0432,0.218
Rb,Rb02,8,062,88,99,4.3,0.0489,0.225
Rb,Rb02,9,309,91,92,5.8,0.0638,0.286
Rb,Rb02,10,007,91,105,6.16,0.0677,0.294
Rb,Rb02,11,206,88,103,6.8,0.0773,0.291
Rb,Rb02,12,522,88,103,6.02,0.0684,0.254
Rb,Rb02,13,099,89,45,5.0,0.0562,0.31
Rb,Rb02,14,073,66,32,6.66,0.1009,0.361
Rb,Rb02,15,700,79,40,7.77,0.0984,0.274
Rb,Rb02,16,001,88,76,6.29,0.0715,0.247
Rb,Rb02,18,005,58,45,5.49,0.0947,0.354
Rb,Rb02,19,680,5,10,2.54,0.5073,0.66
Rb,Rb03,5,001,88,69,5.75,0.0653,0.183
Rb,Rb03,6,680,82,107,5.89,0.0719,0.21
Rb,Rb03,7,254,92,173,5.04,0.0548,0.278
Rb,Rb03,8,680,88,151,3.92,0.0446,0.224
Rb,Rb03,9,002,85,40,3.3,0.0389,0.224
Rb,Rb03,10,680,85,116,3.57,0.042,0.237
Rb,Rb03,11,002,85,32,3.64,0.0429,0.31
Rb,Rb03,12,680,92,111,3.73,0.0406,0.295
Rb,Rb03,13,020,92,57,2.81,0.0305,0.186
Rb,Rb03,14,007,92,75,3.81,0.0414,0.262
Rb,Rb03,15,304,92,244,3.66,0.0398,0.235
Rb,Rb04,0,060,89,45,5.35,0.0601,0.305
Rb,Rb04,1,280,95,139,4.71,0.0495,0.273
Rb,Rb04,2,003,69,40,5.18,0.075,0.255
Rb,Rb04,3,700,83,40,4.94,0.0595,0.347
Rb,Rb04,4,700,81,40,5.09,0.0628,0.335
Rb,Rb04,5,700,76,45,4.95,0.0651,0.22
Rb,Rb05,1,049,88,208,4.2,0.0478,0.261
Rb,Rb05,3,200,85,101,3.17,0.0373,0.214
Rb,Rb05,4,605,82,30,2.94,0.0359,0.179
Rb,Rb05,5,205,85,84,3.11,0.0365,0.161
Rb,Rb05,6,087,86,85,3.81,0.0443,0.23
Rb,Rb05,7,200,77,93,3.42,0.0444,0.194
Rb,Rb05,8,522,85,108,3.47,0.0409,0.196
Rb,Rb05,9,600,85,46,3.01,0.0354,0.214
Rb,Rb05,10,605,89,138,2.9,0.0326,0.151
Rb,Rb05,11,002,78,86,3.85,0.0494,0.179
Rb,Rb05,13,003,88,124,4.3,0.0488,0.276
Rb,Rb05,14,047,79,45,3.38,0.0428,0.36
Rb,Rb05,15,070,72,44,4.33,0.0602,0.289
Rb,Rb05,16,074,79,23,3.29,0.0417,0.349
Rb,Rb05,17,001,73,40,4.54,0.0622,0.249
Rb,Rb05,18,700,88,98,4.44,0.0505,0.215
Rb,Rb05,19,007,85,50,2.92,0.0344,0.163
Rb,Rb06,20,200,71,25,2.44,0.0343,0.101
Rb,Rb06,21,001,91,31,3.09,0.0339,0.099
Rb,Rb06,22,001,85,24,3.03,0.0357,0.219
Rb,Rb06,23,004,89,35,2.83,0.0319,0.244
Rb,Rb06,24,004,92,68,3.18,0.0345,0.177
Rb,Rb06,25,005,92,32,3.12,0.0339,0.219
Rb,Rb06,26,065,94,71,3.04,0.0323,0.168
Rb,Rb06,27,007,92,69,2.73,0.0297,0.155
Rb,Rb06,28,067,88,56,2.79,0.0317,0.14
Rb,Rb06,29,280,83,24,3.83,0.0461,0.189
Rb,Rb07,0,050,89,98,4.91,0.0552,0.26
Rb,Rb07,1,089,85,36,3.04,0.0358,0.175
Rb,Rb07,2,600,86,68,3.3,0.0384,0.179
Rb,Rb07,3,045,82,33,4.58,0.0558,0.3
Rb,Rb07,4,005,89,105,4.54,0.051,0.274
Rb,Rb07,5,024,69,47,4.08,0.0592,0.355
Rb,Rb07,6,001,82,33,4.88,0.0596,0.349
Rb,Rb07,7,200,88,103,3.72,0.0423,0.275
Rb,Rb07,8,001,86,35,3.13,0.0365,0.262
Rb,Rb07,9,001,74,27,4.16,0.0562,0.295
Rb,Rb07,10,116,85,90,4.21,0.0495,0.318
Rb,Rb07,11,002,85,64,4.53,0.0533,0.293
Rb,Rb07,12,700,85,78,4.13,0.0485,0.231
Rb,Rb07,13,205,88,70,3.1,0.0352,0.143
Rb,Rb07,14,001,76,23,3.1,0.0408,0.157
Rb,Rb07,15,254,88,121,2.89,0.0328,0.171
Rb,Rb07,16,082,85,57,2.85,0.0335,0.172
Rb,Rb07,17,244,92,153,2.71,0.0295,0.129
Rb,Rb07,18,575,89,79,2.78,0.0312,0.15
Rb,Rb07,19,004,83,33,2.64,0.0318,0.102
Rb,Rb07,20,575,89,83,2.84,0.0319,0.124
Rb,Rb07,21,583,89,103,3.2,0.0359,0.199
Rb,Rb07,22,082,88,65,3.39,0.0386,0.208
Rb,Rb07,23,606,91,169,3.96,0.0435,0.237
Rb,Rb07,24,004,76,20,3.13,0.0412,0.233
Rb,Rb07,25,771,85,51,3.05,0.0359,0.232
Rb,Rb08,2,762,80,107,3.53,0.0441,0.209
Rb,Rb08,3,680,84,128,3.46,0.0411,0.229
Rb,Rb08,5,762,83,32,3.06,0.0369,0.215
Rb,Rb08,6,127,87,239,2.91,0.0335,0.135
Rb,Rb08,7,280,84,74,2.76,0.0329,0.111
Rb,Rb08,8,606,88,137,2.68,0.0304,0.136
Rb,Rb08,9,001,81,29,2.69,0.0333,0.106
Rb,Rb08,10,280,85,71,2.93,0.0344,0.16
Rb,Rb08,11,606,85,123,3.7,0.0435,0.231
Rb,Rb08,12,005,75,50,3.45,0.046,0.189
Rb,Rb08,13,730,88,124,3.96,0.045,0.219
Rb,Rb08,14,301,88,89,3.56,0.0404,0.25
Rb,Rb08,15,073,88,110,3.7,0.0421,0.214
Sa,Sa01,0,739,27,156,3.23,0.1197,0.234
Sa,Sa01,1,062,12,29,3.45,0.2876,0.589
Sa,Sa01,2,053,9,11,3.56,0.3955,0.626
Sa,Sa01,3,015,5,6,4.51,0.9024,0.833
Sa,Sa01,6,002,13,33,2.54,0.1957,0.324
Sa,Sa01,8,001,9,15,2.28,0.2537,0.356
Sa,Sa01,9,280,7,16,2.41,0.344,0.429
Sa,Sa02,0,600,23,7,2.0,0.087,0.18
Sa,Sa02,1,700,31,29,2.12,0.0684,0.27
Sa,Sa02,10,260,32,36,2.06,0.0643,0.246
Sa,Sa02,11,001,32,32,2.12,0.0661,0.207
Sa,Sa02,12,204,32,8,2.09,0.0653,0.305
Sa,Sa02,13,001,34,45,2.05,0.0603,0.217
Sa,Sa02,14,022,33,43,2.12,0.0642,0.231
Sa,Sa02,15,027,32,36,2.04,0.0639,0.214
Sa,Sa02,16,077,32,25,2.19,0.0685,0.198
Sa,Sa02,17,522,27,25,2.05,0.076,0.197
Sa,Sa02,18,011,27,7,2.13,0.0789,0.339
Sa,Sa02,20,601,30,15,2.08,0.0693,0.231
Sa,Sa02,21,062,32,29,2.1,0.0655,0.239
Sa,Sa02,22,001,28,7,2.07,0.074,0.286
Sa,Sa02,23,006,31,17,2.14,0.069,0.239
Sa,Sa02,24,001,29,15,2.38,0.0822,0.343
Sa,Sa02,25,459,30,11,3.19,0.1063,0.421
Sa,Sa02,26,003,32,30,2.41,0.0753,0.271
Sa,Sa03,2,004,30,22,2.6,0.0868,0.367
Sa,Sa03,8,004,31,21,2.21,0.0714,0.275
Sa,Sa03,9,745,31,24,2.16,0.0696,0.247
Sa,Sa03,10,306,30,27,2.18,0.0726,0.267
Sa,Sa03,11,400,31,27,2.04,0.0657,0.17
Sa,Sa03,12,522,31,24,2.02,0.065,0.199
Sa,Sa03,13,016,24,7,2.02,0.0842,0.339
Sa,Sa03,14,070,30,20,2.12,0.0708,0.195
Sa,Sa03,15,046,30,15,2.02,0.0672,0.193
Sa,Sa03,16,522,30,19,2.1,0.0699,0.237
Sa,Sa03,17,002,27,12,2.0,0.0741,0.086
Sa,Sa03,18,386,25,26,2.16,0.0863,0.205
Sa,Sa03,19,002,21,21,2.06,0.0979,0.168
Sa,Sa03,20,141,18,15,2.39,0.1325,0.17
Sa,Sa03,21,093,27,10,2.08,0.077,0.115
Sa,Sa03,29,007,14,14,2.0,0.1429,0.153
Sa,Sa03,30,380,33,38,2.06,0.0623,0.139
Sa,Sa03,31,600,32,29,2.15,0.0671,0.207
Sa,Sa03,32,062,32,25,2.11,0.0659,0.25
Sa,Sa03,34,600,32,21,2.17,0.0679,0.189
Sa,Sa03,35,380,32,24,2.12,0.0663,0.198
Sa,Sa04,0,067,22,16,2.36,0.1072,0.318
Sa,Sa04,1,022,18,11,2.4,0.1333,0.455
Sa,Sa04,2,046,23,11,2.58,0.1122,0.411
Sa,Sa04,3,522,31,12,2.46,0.0794,0.277
Sa,Sa04,4,046,31,12,2.5,0.0807,0.374
Sa,Sa04,5,022,23,8,2.57,0.1118,0.473
Sa,Sa04,6,046,25,56,2.92,0.1168,0.411
Sa,Sa04,7,246,28,23,3.04,0.1087,0.478
Sa,Sa04,8,001,29,24,3.08,0.1061,0.432
Sa,Sa04,9,280,17,7,2.08,0.1221,0.319
Sa,Sa04,10,001,29,7,2.1,0.0723,0.232
Sa,Sa04,11,001,30,44,2.39,0.0797,0.32
Sa,Sa04,12,001,32,35,2.8,0.0876,0.373
Sa,Sa04,13,206,28,75,3.56,0.1271,0.394
Sa,Sa04,14,206,23,42,2.76,0.1198,0.364
Sa,Sa04,15,260,30,20,2.57,0.0857,0.355
Sa,Sa04,16,430,28,6,2.6,0.0928,0.429
Sa,Sa04,17,522,29,16,2.7,0.0932,0.433
Sa,Sa04,18,590,28,7,2.45,0.0873,0.327
Sa,Sa04,19,017,29,6,2.34,0.0807,0.264
Sa,Sa04,20,070,26,45,3.1,0.119,0.354
Sa,Sa04,21,017,13,11,2.3,0.1771,0.503
Sa,Sa04,22,001,29,23,2.52,0.0868,0.273
Sa,Sa04,23,510,29,22,2.6,0.0896,0.312
Sa,Sa04,24,039,33,24,2.79,0.0845,0.336
Sa,Sa04,25,040,30,18,3.58,0.1195,0.452
