side,line,position,unit,head,x0,x1,y0,y1,print_ink_width,tracing_width,local_score,orientation,source
Br,Br01,0,595,595,371,469,1243,1317,85,24,0.505,upright,auto
Br,Br01,1,001,001,473,496,1208,1305,23,6,0.236,upright,auto
Br,Br01,2,050.394s,050,470,508,1211,1316,38,9,0.53,upright,auto
Br,Br01,3,004,004,481,622,1213,1318,93,34,0.481,upright,auto
Br,Br01,4,002,002,613,645,1220,1320,29,8,0.454,upright,auto
Br,Br01,5,595.001,595,652,690,1223,1328,34,9,0.494,upright,auto
Br,Br01,6,050,050,667,824,1224,1333,103,38,0.309,upright,auto
Br,Br01,7,301s,301,802,835,1198,1301,33,8,0.316,upright,auto
Br,Br01,8,004,004,812,946,1191,1296,98,32,0.263,upright,auto
Br,Br01,9,002,002,903,926,1183,1283,22,6,0.33,upright,auto
Br,Br01,10,040,040,896,931,1180,1285,22,9,0.421,upright,auto
Br,Br01,11,211,211,939,972,1179,1285,33,8,0.368,upright,auto
Br,Br01,12,091,091,936,1070,1175,1283,89,32,0.3,upright,auto
Br,Br01,13,200,200,1066,1132,1176,1288,52,16,0.273,upright,auto
Br,Br01,14,595.002,595,1114,1217,1175,1287,79,25,0.341,upright,auto
Br,Br01,15,394,394,1161,1236,1177,1285,50,18,0.361,upright,auto
Br,Br01,16,004t,004,1232,1331,1172,1284,74,24,0.408,upright,auto
Br,Br01,17,002,002,1328,1368,1171,1283,36,10,0.434,upright,auto
Br,Br01,18,595.002,595,1347,1478,1170,1282,96,32,0.28,upright,auto
Br,Br01,19,050,050,1437,1470,1178,1277,33,8,0.296,upright,auto
Br,Br01,20,394,394,1468,1618,1167,1276,100,36,0.26,upright,auto
Br,Br01,21,004t,004,1606,1646,1169,1268,29,10,0.264,upright,auto
Br,Br01,22,002,002,1612,1748,1161,1273,95,33,0.286,upright,auto
Br,Br01,23,595.002,595,1730,1784,1169,1265,37,13,0.414,upright,auto
Br,Br01,24,050,050,1775,1815,1165,1274,34,10,0.43,upright,auto
Br,Br01,25,301s.004,301,1798,1955,1158,1272,117,38,0.221,upright,auto
Br,Br01,26,002,002,1931,2002,1165,1270,50,17,0.365,upright,auto
Br,Br01,27,211s:042,211,1961,2095,1164,1269,86,32,0.193,upright,auto
Br,Br01,28,091,091,2048,2156,1158,1264,78,26,0.302,upright,auto
Br,Br01,29,595s,595,2143,2192,1163,1263,36,12,0.463,upright,auto
Br,Br01,30,600,600,2178,2274,1156,1261,64,23,0.416,upright,auto
Br,Br01,31,050,050,2264,2297,1158,1263,30,8,0.476,upright,auto
Br,Br01,32,381,381,2258,2314,1188,1290,49,14,0.255,upright,auto
Br,Br01,33,004,004,2285,2414,1180,1283,112,31,0.363,upright,auto
Br,Br01,34,002,002,2382,2490,1185,1284,71,26,0.348,upright,auto
Br,Br01,35,306,306,2488,2570,1159,1258,73,20,0.325,upright,auto
Br,Br01,36,325,325,2530,2570,1185,1279,38,10,0.521,upright,auto
Br,Br01,37,430,430,2567,2647,1181,1284,66,19,0.422,upright,auto
Br,Br01,38,053,053,2624,2657,1186,1286,33,8,0.328,upright,auto
Br,Br01,39,430,430,2650,2727,1182,1269,67,19,0.224,upright,auto
Br,Br01,40,017,017,2730,2758,1163,1259,28,7,0.219,upright,auto
Br,Br01,41,430,430,2769,2809,1153,1249,37,10,0.397,upright,auto
Br,Br01,42,004,004,2769,2905,1148,1224,100,33,0.406,upright,auto
Br,Br01,43,002,002,2864,3009,1149,1224,104,35,0.205,upright,auto
Br,Br01,44,208,208,2988,3028,1151,1200,22,10,0.175,upright,auto
Br,Br01,45,200,200,3032,3060,1150,1200,25,7,0.172,upright,auto
Br,Br01,46,002,002,3060,3105,1146,1200,34,11,0.22,upright,auto
Br,Br01,47,022,022,3073,3202,1145,1197,94,31,0.097,upright,auto
Br,Br01,48,305.074f,305,3186,3240,1177,1194,33,13,0.131,upright,auto
Br,Br01,49,095,095,3236,3264,1143,1233,19,7,0.175,upright,auto
Br,Br01,50,001,001,3263,3312,1142,1214,30,12,0.094,upright,auto
Br,Br01,51,069,069,3280,3405,1141,1213,42,30,0.0,upright,auto
Br,Br03,0,360.063,360,217,335,988,1091,81,31,0.314,upright,auto
Br,Br03,1,008,008,309,390,997,1093,71,21,0.394,upright,auto
Br,Br03,2,330.063,330,292,607,993,1099,199,82,0.405,upright,auto
Br,Br03,3,330.755,330,555,723,1001,1101,110,44,0.271,upright,auto
Br,Br03,4,330.004.064,330,664,810,997,1106,112,38,0.352,upright,auto
Br,Br03,5,330.043:050,330,786,915,1006,1106,87,34,0.37,upright,auto
Br,Br03,6,330.004,330,856,964,1002,1102,74,28,0.311,upright,auto
Br,Br03,7,231,231,936,1075,1008,1104,91,36,0.407,upright,auto
Br,Br03,8,330.015,330,1000,1123,967,1073,86,32,0.381,upright,auto
Br,Br03,9,330.569,330,1102,1189,973,1073,55,23,0.333,upright,auto
Br,Br03,10,330,330,1171,1194,964,1063,21,6,0.418,upright,auto
Br,Br03,11,016,016,1162,1250,982,1081,63,23,0.279,upright,auto
Br,Br03,12,330,330,1238,1267,982,1078,26,8,0.357,upright,auto
Br,Br03,13,002?,002,1236,1404,975,1078,114,44,0.173,upright,auto
Br,Br03,14,330.020.006,330,1314,1540,965,1074,145,59,0.271,upright,auto
Br,Br03,15,330.749,330,1510,1601,961,1064,76,24,0.237,upright,auto
Br,Br03,16,006.074f,006,1587,1717,951,1060,87,34,0.301,upright,auto
Br,Br03,17,293s,293,1700,1761,963,1056,58,16,0.283,upright,auto
Br,Br03,18,008,008,1721,1781,957,1053,51,16,0.296,upright,auto
Br,Br03,19,068,068,1795,1929,956,1062,98,35,0.257,upright,auto
Br,Br03,20,493,493,1898,1970,956,1061,53,19,0.215,upright,auto
Br,Br03,21,755,755,1943,2040,980,1089,68,25,0.281,upright,auto
Br,Br03,22,381,381,2019,2099,979,1088,58,21,0.331,upright,auto
Br,Br03,23,004.064,004,2074,2166,1007,1115,62,24,0.257,upright,auto
Br,Br03,24,381,381,2147,2196,1003,1115,32,13,0.393,upright,auto
Br,Br03,25,043:050,043,2162,2281,987,1093,80,31,0.319,upright,auto
Br,Br03,26,384,384,2270,2297,987,1083,19,7,0.45,upright,auto
Br,Br03,27,004,004,2257,2364,974,1083,71,28,0.352,upright,auto
Br,Br03,28,384,384,2301,2424,980,1089,84,32,0.423,upright,auto
Br,Br03,29,061.022.061,061,2417,2531,979,1085,79,30,0.406,upright,auto
Br,Br03,30,384,384,2526,2564,988,1085,37,10,0.445,upright,auto
Br,Br03,31,015,015,2567,2647,985,1087,61,21,0.392,upright,auto
Br,Br03,32,745,745,2634,2679,978,1087,42,12,0.541,upright,auto
Br,Br03,33,569,569,2667,2754,975,1081,74,23,0.452,upright,auto
Br,Br03,34,745,745,2749,2773,975,1077,24,7,0.356,upright,auto
Br,Br03,35,001,001,2762,2844,956,1052,55,22,0.269,upright,auto
Br,Br03,36,745,745,2837,2866,946,1052,27,8,0.179,upright,auto
Br,Br03,37,016,016,2854,2942,946,1049,66,23,0.153,upright,auto
Br,Br03,38,745,745,2922,2944,967,993,17,6,0.382,upright,auto
Br,Br03,39,002?,002,2941,2973,964,1064,25,8,0.489,upright,auto
Br,Br04,23,091t,091,3474,3504,851,947,0,30,-1.0,flipped,auto
Br,Br04,24,450,450,3412,3476,826,926,39,13,0.265,flipped,auto
Br,Br04,25,063,063,3354,3413,823,932,37,12,0.207,flipped,auto
Br,Br04,26,385,385,3194,3386,826,932,126,39,0.143,flipped,auto
Br,Br04,27,071,071,3142,3234,832,938,57,19,0.215,flipped,auto
Br,Br04,28,003.001f,003,3000,3176,829,941,121,36,0.128,flipped,auto
Br,Br04,29,203s,203,2911,3068,832,947,111,32,0.34,flipped,auto
Br,Br04,30,263s,263,2781,2958,845,953,121,36,0.366,flipped,auto
Br,Br04,31,463s,463,2772,2831,839,950,44,12,0.332,flipped,auto
Br,Br04,32,263s,263,2625,2846,845,956,142,45,0.259,flipped,auto
Br,Br04,33,200.063,200,2606,2683,845,956,55,16,0.424,flipped,auto
Br,Br04,34,700,700,2583,2632,848,947,29,10,0.341,flipped,auto
Br,Br04,35,001,001,2557,2585,845,950,20,6,0.323,flipped,auto
Br,Br04,36,263s,263,2426,2562,851,960,90,28,0.311,flipped,auto
Br,Br04,37,200.063,200,2305,2492,851,960,119,38,0.472,flipped,auto
Br,Br04,38,053,053,2274,2328,857,963,40,11,0.341,flipped,auto
Br,Br04,39,001,001,2230,2259,857,966,21,6,0.233,flipped,auto
Br,Br04,40,263s,263,2081,2263,860,969,108,37,0.094,flipped,auto
Br,Br04,41,373y,373,1960,2132,869,975,114,35,0.202,flipped,auto
Br,Br04,42,135,135,1942,1996,835,944,43,11,0.252,flipped,auto
Br,Br04,43,200,200,1874,1997,835,938,81,25,0.396,flipped,auto
Br,Br05,0,063,063,55,114,697,809,57,12,0.281,upright,auto
Br,Br05,1,095,095,106,170,728,827,59,13,0.279,upright,auto
Br,Br05,2,303,303,131,223,749,858,80,19,0.489,upright,auto
Br,Br05,3,013,013,178,328,740,849,108,31,0.348,upright,auto
Br,Br05,4,303s,303,277,440,718,830,109,34,0.27,upright,auto
Br,Br05,5,079,079,422,508,722,833,50,18,0.339,upright,auto
Br,Br05,6,001,001,474,507,725,833,23,7,0.471,upright,auto
Br,Br05,7,755,755,495,577,718,830,57,17,0.387,upright,auto
Br,Br05,8,207,207,577,727,728,836,101,31,0.254,upright,auto
Br,Br05,9,009,009,685,848,728,839,106,34,0.288,upright,auto
Br,Br05,10,203,203,779,942,728,839,105,34,0.399,upright,auto
Br,Br05,11,400y.063,400,900,982,731,843,61,17,0.517,upright,auto
Br,Br05,12,065.610,065,946,1107,728,839,107,33,0.186,upright,auto
Br,Br05,13,065.600,065,1060,1215,728,839,119,32,0.175,upright,auto
Br,Br05,14,610,610,1145,1247,725,833,72,21,0.316,upright,auto
Br,Br05,15,009,009,1213,1328,728,836,82,24,0.3,upright,auto
Br,Br05,16,066V.203s,066,1279,1498,728,833,139,45,0.167,upright,auto
Br,Br05,17,730,730,1475,1572,722,830,73,20,0.206,upright,auto
Br,Br05,18,063,063,1544,1763,737,849,147,45,0.311,upright,auto
Br,Br05,19,630.063,630,1705,1830,728,833,79,26,0.527,upright,auto
Br,Br05,20,062.064,062,1798,1849,743,846,41,11,0.565,upright,auto
Br,Br05,21,065,065,1819,1950,718,830,80,27,0.407,upright,auto
Br,Br05,22,275,275,1916,2036,718,827,79,25,0.408,upright,auto
Br,Br05,23,331,331,2022,2060,743,855,25,8,0.409,upright,auto
Br,Br05,24,001,001,2077,2179,752,867,71,21,0.277,upright,auto
Br,Br05,25,730.006x,730,2148,2212,749,858,48,13,0.408,upright,auto
Br,Br05,26,002,002,2165,2315,731,843,93,31,0.273,upright,auto
Br,Br05,27,607,607,2291,2342,722,830,37,11,0.299,upright,auto
Br,Br05,28,063,063,2322,2429,718,827,72,22,0.373,upright,auto
Br,Br05,29,730,730,2358,2582,718,830,154,46,0.301,upright,auto
Br,Br05,30,133,133,2519,2600,718,830,58,17,0.411,upright,auto
Br,Br05,31,773,773,2549,2743,725,836,132,40,0.316,upright,auto
Br,Br05,32,063,063,2695,2841,728,827,98,30,0.168,upright,auto
Br,Br05,33,730,730,2826,2877,718,827,45,11,0.324,upright,auto
Br,Br05,34,067,067,2849,2936,718,827,64,18,0.535,upright,auto
Br,Br05,35,063.096,063,2891,3062,718,827,111,35,0.529,upright,auto
Br,Br05,36,006.009,006,3020,3091,722,821,52,15,0.423,upright,auto
Br,Br05,37,028.006,028,3084,3118,731,830,28,7,0.41,upright,auto
Br,Br05,38,028,028,3094,3239,725,833,96,30,0.393,upright,auto
Br,Br05,39,001,001,3214,3237,780,818,17,5,0.523,upright,auto
Br,Br05,40,205,205,3189,3329,722,821,102,29,0.259,upright,auto
Br,Br05,41,461,461,3274,3463,688,793,136,39,0.25,upright,auto
Br,Br05,42,493,493,3416,3482,694,793,33,14,0.511,upright,auto
Br,Br06,5,004.009,004,3489,3504,715,785,0,10,-1.0,flipped,auto
Br,Br06,6,002,002,3378,3504,676,779,70,27,-0.05,flipped,auto
Br,Br06,7,420,420,3325,3416,685,785,68,19,0.334,flipped,auto
Br,Br06,8,002,002,3205,3382,683,785,112,37,0.218,flipped,auto
Br,Br06,9,430y,430,3177,3248,677,779,54,15,0.283,flipped,auto
Br,Br06,10,780,780,3064,3215,718,772,100,32,0.09,flipped,auto
Br,Br06,11,290.063,290,2942,3119,659,765,121,37,0.155,flipped,auto
Br,Br06,12,755,755,2888,2984,652,751,71,20,0.175,flipped,auto
Br,Br06,13,063,063,2743,2890,642,747,90,31,0.304,flipped,auto
Br,Br06,14,004.064,004,2725,2781,640,746,56,12,0.329,flipped,auto
Br,Br06,15,063,063,2663,2728,640,743,50,14,0.278,flipped,auto
Br,Br06,16,043:050,043,2648,2696,610,706,33,10,0.23,flipped,auto
Br,Br06,17,063,063,2597,2630,602,701,33,7,0.374,flipped,auto
Br,Br06,18,004,004,2458,2625,599,704,106,35,0.186,flipped,auto
Br,Br06,19,063,063,2436,2479,599,695,33,9,0.463,flipped,auto
Br,Br06,20,061.022.061,061,2409,2437,622,688,26,6,0.538,flipped,auto
Br,Br06,21,063,063,2392,2415,594,687,23,5,0.472,flipped,auto
Br,Br06,22,015f.063,015,2353,2391,670,696,24,8,0.373,flipped,auto
Br,Br06,23,569,569,2287,2338,589,692,39,11,0.501,flipped,auto
Br,Br06,24,063,063,2245,2293,598,700,40,10,0.635,flipped,auto
Br,Br06,25,001f,001,2243,2291,597,703,40,10,0.656,flipped,auto
Br,Br06,26,063,063,2173,2259,596,702,53,18,0.538,flipped,auto
Br,Br06,27,016t?,016,2120,2201,602,705,50,17,0.441,flipped,auto
Br,Br06,28,063,063,2056,2112,605,708,38,12,0.458,flipped,auto
Br,Br06,29,016?,016,2025,2063,596,698,27,8,0.44,flipped,auto
Br,Br06,30,063.037,063,1969,2039,599,698,27,15,0.442,flipped,auto
Br,Br06,31,063,063,1925,1976,596,699,37,11,0.596,flipped,auto
Br,Br06,32,020.006,020,1875,1966,594,703,62,19,0.484,flipped,auto
Br,Br06,33,063,063,1830,1878,592,704,41,10,0.561,flipped,auto
Br,Br06,34,618,618,1694,1856,594,706,102,34,0.375,flipped,auto
Br,Br06,35,063,063,1701,1749,600,709,41,10,0.409,flipped,auto
Br,Br06,36,016?,016,1681,1709,598,704,28,6,0.602,flipped,auto
Br,Br06,37,300.008,300,1509,1704,629,738,129,41,0.244,flipped,auto
Br,Br06,38,053,053,1465,1508,612,718,26,9,0.379,flipped,auto
Br,Br06,39,200.022.077.074f,200,1220,1516,617,732,193,62,0.15,flipped,auto
Br,Br06,40,380.022.077,380,1094,1294,633,739,132,42,0.161,flipped,auto
Br,Br06,41,300.027.063,300,916,1169,641,759,169,53,0.086,flipped,auto
Br,Br06,42,244,244,839,1026,683,795,119,39,0.212,flipped,auto
Br,Br06,43,039,039,764,888,715,807,98,26,0.164,flipped,auto
Br,Br06,44,004.064,004,680,771,718,826,73,19,0.246,flipped,auto
Br,Br06,45,300.083,300,534,700,723,835,107,35,0.233,flipped,auto
Br,Br06,46,324,324,429,581,727,833,93,32,0.342,flipped,auto
Br,Br08,0,280,280,2901,2967,367,456,46,18,0.309,flipped,auto
Br,Br08,1,002,002,2868,2903,355,461,31,10,0.3,flipped,auto
Br,Br08,2,280,280,2793,2857,349,447,47,17,0.265,flipped,auto
Br,Br08,3,005,005,2748,2803,325,421,40,15,0.406,flipped,auto
Br,Br08,4,392,392,2687,2770,318,423,65,23,0.254,flipped,auto
Br,Br08,5,004.064?:042,004,2668,2729,323,422,47,17,0.304,flipped,auto
Br,Br08,6,005:042,005,2583,2655,352,445,55,20,0.355,flipped,auto
Br,Br08,7,001,001,2555,2588,364,463,28,9,0.448,flipped,auto
Br,Br08,8,770,770,2498,2602,363,471,71,28,0.376,flipped,auto
Br,Br08,9,001,001,2490,2523,365,464,29,9,0.602,flipped,auto
Br,Br08,10,200,200,2404,2490,361,463,70,23,0.539,flipped,auto
Br,Br08,11,522y,522,2367,2444,366,462,64,21,0.401,flipped,auto
Br,Br08,12,755,755,2306,2383,361,464,60,21,0.193,flipped,auto
Br,Br08,13,095,095,2149,2360,341,453,155,57,0.316,flipped,auto
Br,Br08,14,200.022,200,2159,2183,346,449,24,7,0.503,flipped,auto
Br,Br08,15,022,022,2048,2136,331,436,60,24,0.372,flipped,auto
Br,Br08,16,290,290,1933,2063,335,441,93,35,0.416,flipped,auto
Br,Br08,17,208,208,1903,1995,343,449,73,25,0.375,flipped,auto
Br,Br08,18,760,760,1821,1925,324,436,68,28,0.29,flipped,auto
Br,Br08,19,738,738,1581,1880,326,437,193,80,0.241,flipped,auto
Br,Br08,20,254,254,1622,1670,355,455,32,13,0.359,flipped,auto
Br,Br08,21,235.109b,235,1543,1655,330,439,71,30,0.358,flipped,auto
Br,Br08,22,060,060,1478,1564,327,435,62,23,0.309,flipped,auto
Br,Br08,23,205,205,1408,1489,326,429,59,22,0.218,flipped,auto
Br,Br08,24,747,747,1383,1407,347,453,23,7,0.243,flipped,auto
Br,Br08,25,004.064,004,1385,1409,356,444,24,7,0.27,flipped,auto
Br,Br08,26,001,001,1341,1385,356,453,44,12,0.201,flipped,auto
Br,Br08,27,747,747,1248,1363,356,459,78,31,0.139,flipped,auto
Br,Br08,28,770,770,1215,1259,331,431,43,12,0.221,flipped,auto
Br,Br08,29,002,002,1144,1226,328,430,64,22,0.187,flipped,auto
Br,Br08,30,747,747,1054,1177,331,430,76,33,0.242,flipped,auto
Br,Br08,31,653y,653,1020,1097,331,436,66,21,0.329,flipped,auto
Br,Br08,32,004.450y,004,994,1023,318,424,20,8,0.283,flipped,auto
Br,Br08,33,044,044,916,1023,324,421,79,29,0.307,flipped,auto
Br,Br08,34,071.065.010,071,851,917,327,427,44,18,0.422,flipped,auto
Br,Br08,35,009:008,009,751,850,331,436,76,27,0.491,flipped,auto
Br,Br08,36,069.006,069,684,772,331,430,64,24,0.498,flipped,auto
Br,Br08,37,133:042,133,633,697,337,436,57,17,0.508,flipped,auto
Br,Br08,38,008,008,605,634,337,433,25,8,0.495,flipped,auto
Br,Br08,39,049f,049,584,613,334,433,25,8,0.375,flipped,auto
Br,Br08,40,006.074f,006,521,596,313,415,48,20,0.227,flipped,auto
Br,Br08,41,600,600,440,537,310,418,86,26,0.15,flipped,auto
Br,Br08,42,462.760,462,349,509,298,407,119,43,0.209,flipped,auto
Br,Br08,43,607,607,284,383,299,404,75,27,0.135,flipped,auto
Br,Br08,44,164,164,238,302,299,401,49,17,0.172,flipped,auto
Br,Br08,45,300.022,300,182,294,330,433,70,30,0.232,flipped,auto
Br,Br09,0,008,008,0,-985,183,291,0,21,0.508,upright,auto
Br,Br09,1,009,009,0,-931,207,313,0,14,0.442,upright,auto
Br,Br09,2,066.037?,066,0,-870,192,298,0,14,0.525,upright,auto
Br,Br09,3,570,570,0,-843,192,291,0,8,0.584,upright,auto
Br,Br09,4,038,038,0,-733,198,288,0,25,0.515,upright,auto
Br,Br09,5,208,208,0,-607,192,298,0,34,0.493,upright,auto
Br,Br09,6,286.074f,286,0,-498,204,310,0,33,0.398,upright,auto
Br,Br09,7,650y,650,0,-390,226,338,0,31,0.351,upright,auto
Br,Br09,8,083.041,083,0,-357,235,341,0,14,0.508,upright,auto
Br,Br09,9,700,700,0,-283,201,316,0,19,0.532,upright,auto
Br,Br09,10,600,600,0,-180,198,316,0,28,0.541,upright,auto
Br,Br09,11,044,044,0,-154,204,316,0,12,0.511,upright,auto
Br,Br09,12,054,054,0,-46,204,316,0,27,0.55,upright,auto
Br,Br09,13,066,066,0,-20,207,310,0,9,-1.0,upright,auto
Br,Br09,14,095x,095,0,53,201,313,0,16,-1.0,upright,auto
Br,Br09,15,066,066,43,102,238,307,42,12,0.045,upright,auto
Br,Br09,16,301,301,46,356,217,331,206,62,0.215,upright,auto
Br,Br09,17,006.074f,006,284,393,235,338,91,22,0.297,upright,auto
Br,Br09,18,307,307,333,483,232,344,119,30,0.261,upright,auto
Br,Br09,19,066,066,454,508,238,344,46,11,0.302,upright,auto
Br,Br09,20,022f,022,498,552,235,341,46,11,0.274,upright,auto
Br,Br09,21,066,066,553,597,238,341,39,9,0.336,upright,auto
Br,Br09,22,300.066,300,568,751,235,344,118,37,0.155,upright,auto
Br,Br09,23,054,054,731,806,207,316,56,15,0.265,upright,auto
Br,Br09,24,066,066,767,837,210,319,46,14,0.386,upright,auto
Br,Br09,25,741,741,805,924,204,307,87,24,0.305,upright,auto
Br,Br09,26,066,066,942,996,177,282,41,11,0.419,upright,auto
Br,Br09,27,381,381,972,1097,180,279,89,25,0.157,upright,auto
Br,Br09,28,104,104,1070,1225,173,276,107,31,0.213,upright,auto
Br,Br09,29,027x,027,1193,1273,173,273,61,16,0.199,upright,auto
Br,Br09,30,301,301,1244,1391,170,279,102,30,0.155,upright,auto
Br,Br09,31,540,540,1333,1468,170,276,90,27,0.268,upright,auto
Br,Br09,32,091,091,1435,1510,173,279,64,15,0.425,upright,auto
Br,Br09,33,053,053,1489,1544,173,270,44,11,0.211,upright,auto
Br,Br09,34,002,002,1536,1622,201,304,72,17,0.287,upright,auto
Br,Br09,35,381,381,1595,1719,201,301,88,25,0.45,upright,auto
Br,Br09,36,091,091,1694,1774,198,301,61,16,0.433,upright,auto
Br,Br09,37,381,381,1734,1853,201,298,88,24,0.397,upright,auto
Br,Br09,38,091,091,1816,1881,198,298,57,13,0.437,upright,auto
Br,Br09,39,166,166,1882,1965,207,307,65,17,0.462,upright,auto
Br,Br09,40,068,068,1942,2017,210,301,55,15,0.419,upright,auto
Br,Br09,41,034,034,1971,2095,238,319,84,25,0.374,upright,auto
Br,Br09,42,493,493,2047,2213,201,298,119,33,0.275,upright,auto
Br,Br09,43,010.044,010,2206,2325,226,319,71,24,0.28,upright,auto
Br,Br09,44,001,001,2318,2357,226,328,33,8,0.442,upright,auto
Br,Br09,45,522y,522,2339,2464,226,325,89,25,0.452,upright,auto
Br,Br09,46,745,745,2436,2576,226,328,89,28,0.198,upright,auto
Br,Br09,47,093,093,2548,2662,235,331,74,23,0.327,upright,auto
Br,Br09,48,207?,207,2623,2768,269,328,94,29,0.398,upright,auto
Br,Br10,0,008,008,2915,3024,0,4,0,21,-1.0,flipped,auto
Br,Br10,1,739,739,2857,2945,0,8,0,17,-1.0,flipped,auto
Br,Br10,2,001V,001,2827,2867,0,14,0,8,-1.0,flipped,auto
Br,Br10,3,101,101,2743,2831,0,26,0,17,-1.0,flipped,auto
Br,Br10,4,244,244,2689,2771,0,35,0,16,-1.0,flipped,auto
Br,Br10,5,242,242,2555,2738,0,44,0,35,-1.0,flipped,auto
Br,Br10,6,600,600,2488,2612,0,53,0,24,-1.0,flipped,auto
Br,Br10,7,004,004,2391,2542,0,59,0,29,-1.0,flipped,auto
Br,Br10,8,600,600,2373,2413,0,63,0,8,-1.0,flipped,auto
Br,Br10,9,040,040,2253,2393,0,77,0,27,-1.0,flipped,auto
Br,Br10,10,700f,700,2220,2276,0,81,0,11,0.0,flipped,auto
Br,Br10,11,324.076,324,2162,2233,0,87,0,14,-0.041,flipped,auto
Br,Br10,12,300.001,300,1994,2192,1,107,0,38,-0.061,flipped,auto
Br,Br10,13,590.005,590,1873,2055,11,114,0,35,-0.088,flipped,auto
Br,Br10,14,380.050,380,1727,1936,25,130,127,40,-0.148,flipped,auto
Br,Br10,15,600,600,1619,1796,38,137,98,34,-0.071,flipped,auto
Br,Br10,16,430.076,430,1536,1671,48,154,86,26,-0.014,flipped,auto
Br,Br10,17,430y.076,430,1413,1574,109,162,97,31,0.142,flipped,auto
Br,Br10,18,430,430,1319,1459,70,173,82,27,0.151,flipped,auto
Br,Br10,19,076,076,1220,1354,124,210,89,26,0.259,flipped,auto
Br,Br10,20,755,755,1125,1245,127,225,94,23,0.302,flipped,auto
Br,Br10,21,063.004.064,063,976,1163,134,230,132,36,0.356,flipped,auto
Br,Br10,22,670.700,670,919,1054,126,229,96,26,0.385,flipped,auto
Br,Br10,23,470,470,892,943,127,224,46,10,0.486,flipped,auto
Br,Br10,24,021ft,021,781,931,133,235,106,29,0.262,flipped,auto
Br,Br10,25,244,244,628,842,146,254,150,41,0.346,flipped,auto
Br,Br10,26,290,290,576,700,146,250,111,24,0.425,flipped,auto
Br,Br10,27,379.065,379,421,624,152,243,135,39,0.332,flipped,auto
Br,Br10,28,290.053,290,315,476,156,264,114,31,0.378,flipped,auto
Br,Br10,29,015?,015,325,373,167,258,42,9,0.424,flipped,auto
Br,Br10,30,002,002,285,325,170,260,40,8,0.274,flipped,auto
Br,Br10,31,300.755,300,230,286,167,268,49,11,0.369,flipped,auto
Br,Br10,32,004.064,004,0,275,226,308,171,54,0.227,flipped,auto
Br,Br10,33,755?,755,0,64,213,322,0,25,-1.0,flipped,auto
Bv,Bv02,0,067?,067,1893,1933,983,1036,0,17,0.0,flipped,auto
Bv,Bv02,1,044,044,1870,1892,981,1049,0,9,0.0,flipped,auto
Bv,Bv02,2,067,067,1837,1869,980,1048,0,13,0.011,flipped,auto
Bv,Bv02,3,044,044,1828,1846,965,1031,0,8,0.224,flipped,auto
Bv,Bv02,4,541,541,1767,1833,962,1031,5,27,0.298,flipped,auto
Bv,Bv02,5,040,040,1755,1779,966,1032,0,10,0.189,flipped,auto
Bv,Bv02,6,040,040,1753,1772,968,1003,0,8,0.3,flipped,auto
Bv,Bv02,7,445.041,445,1689,1760,967,1004,32,29,0.246,flipped,auto
Bv,Bv02,8,040,040,1677,1700,967,1004,20,10,0.133,flipped,auto
Bv,Bv02,9,745.076,745,1611,1683,970,1006,43,30,0.094,flipped,auto
Bv,Bv02,10,430,430,1593,1625,971,1006,26,13,0.086,flipped,auto
Bv,Bv02,11,739,739,1578,1596,989,1018,6,8,0.065,flipped,auto
Bv,Bv02,12,022,022,1511,1587,969,1035,51,31,0.192,flipped,auto
Bv,Bv02,13,050,050,1499,1517,978,1044,10,8,0.332,flipped,auto
Bv,Bv02,14,022,022,1472,1499,974,1044,16,11,0.149,flipped,auto
Bv,Bv02,15,002,002,1438,1456,969,1012,18,8,0.228,flipped,auto
Bv,Bv02,16,022.010,022,1394,1423,967,1016,29,12,0.205,flipped,auto
Bv,Bv02,17,007,007,1352,1401,970,1016,26,20,0.378,flipped,auto
Bv,Bv02,18,059f,059,1273,1375,971,1016,64,42,0.156,flipped,auto
Bv,Bv02,19,006.074f.326.077,006,1254,1313,974,1020,42,24,0.207,flipped,auto
Bv,Bv02,20,420y.430,420,1156,1258,973,1024,71,42,0.248,flipped,auto
Bv,Bv02,21,077,077,1100,1182,976,1036,42,34,0.154,flipped,auto
Bv,Bv02,22,654y,654,1102,1124,977,1037,17,9,0.322,flipped,auto
Bv,Bv02,23,380.007,380,1013,1133,976,1039,83,49,0.273,flipped,auto
Bv,Bv02,24,380y.280,380,930,1049,974,1047,73,49,0.274,flipped,auto
Bv,Bv02,25,060,060,833,961,977,1047,93,52,0.259,flipped,auto
Bv,Bv02,26,380y.002,380,759,873,975,1047,82,47,0.198,flipped,auto
Bv,Bv02,27,010.133,010,742,787,979,1045,32,19,0.3,flipped,auto
Bv,Bv02,28,060.169.678,060,707,730,985,1051,15,10,0.237,flipped,auto
Bv,Bv02,29,040,040,655,732,1001,1061,57,32,0.277,flipped,auto
Bv,Bv02,30,041,041,644,678,1000,1051,34,14,0.414,flipped,auto
Bv,Bv02,31,700,700,619,636,998,1061,17,7,0.456,flipped,auto
Bv,Bv02,32,522y.070,522,618,634,991,1057,16,7,0.474,flipped,auto
Bv,Bv02,33,484,484,593,615,987,1053,21,9,0.502,flipped,auto
Bv,Bv02,34,470,470,496,593,979,1047,71,40,0.331,flipped,auto
Bv,Bv02,35,021t,021,383,538,993,1049,108,63,0.243,flipped,auto
Bv,Bv02,36,360.040,360,342,435,992,1049,60,38,0.424,flipped,auto
Bv,Bv02,37,630,630,309,364,992,1060,47,23,0.379,flipped,auto
Bv,Bv02,38,047,047,285,325,993,1047,33,17,0.353,flipped,auto
Bv,Bv02,39,326.076,326,194,285,992,1043,62,37,0.383,flipped,auto
Bv,Bv02,40,006.074f,006,174,228,995,1041,35,22,0.464,flipped,auto
Bv,Bv02,41,374y.074,374,99,196,992,1062,0,40,0.118,flipped,auto
Bv,Bv02,42,084,084,76,119,991,1059,0,17,0.0,flipped,auto
Bv,Bv02,43,007,007,43,88,990,1057,0,19,0.0,flipped,auto
Bv,Bv02,44,095,095,6,49,991,1056,0,18,0.0,flipped,auto
Bv,Bv02,45,700.003,700,0,19,989,1055,0,23,-1.0,flipped,auto
Bv,Bv03,0,095,095,0,-1522,905,966,0,17,0.488,upright,auto
Bv,Bv03,1,755,755,0,-1474,913,977,0,21,0.391,upright,auto
Bv,Bv03,2,116,116,0,-1430,905,966,0,19,0.423,upright,auto
Bv,Bv03,3,206.074f,206,0,-1318,905,966,0,45,0.461,upright,auto
Bv,Bv03,4,050,050,0,-1314,907,966,0,9,0.569,upright,auto
Bv,Bv03,5,381,381,0,-1134,905,969,0,68,0.481,upright,auto
Bv,Bv03,6,003,003,0,-1063,913,977,0,40,0.448,upright,auto
Bv,Bv03,7,405,405,0,-1045,915,979,0,14,0.465,upright,auto
Bv,Bv03,8,071,071,0,-1021,907,971,0,10,0.454,upright,auto
Bv,Bv03,9,002.600,002,0,-986,909,969,0,13,0.654,upright,auto
Bv,Bv03,10,054,054,0,-961,925,987,0,11,0.556,upright,auto
Bv,Bv03,11,066,066,0,-902,923,989,0,23,0.483,upright,auto
Bv,Bv03,12,095x,095,0,-853,909,969,0,22,0.639,upright,auto
Bv,Bv03,13,066,066,0,-793,909,975,0,27,0.432,upright,auto
Bv,Bv03,14,381,381,0,-782,919,983,0,9,0.542,upright,auto
Bv,Bv03,15,006.074f,006,0,-757,905,969,0,9,0.536,upright,auto
Bv,Bv03,16,307,307,0,-726,905,969,0,11,0.643,upright,auto
Bv,Bv03,17,066,066,0,-614,913,977,0,44,0.435,upright,auto
Bv,Bv03,18,022f,022,0,-606,907,969,0,11,0.522,upright,auto
Bv,Bv03,19,066,066,0,-541,923,987,0,26,0.543,upright,auto
Bv,Bv03,20,540.091,540,0,-517,925,989,0,14,0.53,upright,auto
Bv,Bv03,21,053,053,0,-461,905,969,0,23,0.484,upright,auto
Bv,Bv03,22,575,575,0,-403,905,971,0,26,0.492,upright,auto
Bv,Bv03,23,056,056,0,-337,927,993,0,30,0.454,upright,auto
Bv,Bv03,24,200,200,0,-322,932,995,0,10,0.526,upright,auto
Bv,Bv03,25,069.056,069,0,-251,907,975,0,23,0.415,upright,auto
Bv,Bv03,26,730.069,730,0,-196,923,991,0,22,0.489,upright,auto
Bv,Bv03,27,022f,022,0,-173,907,971,0,12,0.445,upright,auto
Bv,Bv03,28,095,095,0,-153,907,969,0,8,0.54,upright,auto
Bv,Bv03,29,044f,044,0,-111,907,969,0,15,0.531,upright,auto
Bv,Bv03,30,166,166,0,-24,921,989,0,37,0.36,upright,auto
Bv,Bv03,31,068,068,0,-10,923,987,0,12,-1.0,upright,auto
Bv,Bv03,32,022f,022,0,2,921,985,0,7,-1.0,upright,auto
Bv,Bv03,33,300.079,300,0,61,923,989,0,22,0.0,upright,auto
Bv,Bv03,34,065.003,065,26,161,923,962,68,44,0.021,upright,auto
Bv,Bv03,35,200,200,129,190,927,993,50,20,0.22,upright,auto
Bv,Bv03,36,235.065.003,235,185,198,929,991,13,5,0.346,upright,auto
Bv,Bv03,37,100.003,100,179,222,931,993,35,14,0.526,upright,auto
Bv,Bv03,38,054,054,215,247,929,993,28,10,0.594,upright,auto
Bv,Bv03,39,050,050,243,286,929,993,38,14,0.487,upright,auto
Bv,Bv03,40,002,002,273,324,931,989,51,17,0.349,upright,auto
Bv,Bv03,41,013.003,013,311,344,931,981,18,11,0.347,upright,auto
Bv,Bv03,42,095,095,340,395,932,973,33,18,0.17,upright,auto
Bv,Bv03,43,065.003,065,384,451,932,968,39,22,0.215,upright,auto
Bv,Bv04,0,065.003,065,2251,2310,695,759,50,20,0.346,flipped,auto
Bv,Bv04,1,006.001,006,2200,2261,706,769,49,21,0.231,flipped,auto
Bv,Bv04,2,006.009.003,006,2128,2216,711,775,62,30,0.091,flipped,auto
Bv,Bv04,3,005.003,005,2126,2145,720,778,19,7,0.054,flipped,auto
Bv,Bv04,4,005.003,005,2060,2131,719,781,58,24,0.119,flipped,auto
Bv,Bv04,5,001,001,2017,2082,729,793,44,22,0.203,flipped,auto
Bv,Bv04,6,059f.450y,059,2007,2024,710,776,17,6,0.251,flipped,auto
Bv,Bv04,7,059f.450y,059,1913,2026,712,780,76,38,0.199,flipped,auto
Bv,Bv04,8,059f.003,059,1834,1954,718,786,84,41,0.168,flipped,auto
Bv,Bv04,9,002,002,1763,1855,718,784,77,31,0.238,flipped,auto
Bv,Bv04,10,300.002,300,1726,1755,722,786,25,10,0.273,flipped,auto
Bv,Bv04,11,004,004,1636,1739,726,792,75,35,0.178,flipped,auto
Bv,Bv04,12,381,381,1628,1650,741,804,21,7,0.329,flipped,auto
Bv,Bv04,13,060,060,1564,1634,737,803,54,24,0.379,flipped,auto
Bv,Bv04,14,755,755,1546,1579,738,802,22,11,0.285,flipped,auto
Bv,Bv04,15,600,600,1519,1574,747,813,49,19,0.203,flipped,auto
Bv,Bv04,16,029y,029,1447,1514,756,825,61,23,0.357,flipped,auto
Bv,Bv04,17,022.600,022,1415,1455,762,830,37,14,0.433,flipped,auto
Bv,Bv04,18,060,060,1335,1434,764,832,79,34,0.266,flipped,auto
Bv,Bv04,19,574s.003,574,1319,1352,770,834,32,11,0.426,flipped,auto
Bv,Bv04,20,204s,204,1220,1344,778,846,87,42,0.325,flipped,auto
Bv,Bv04,21,054,054,1134,1268,781,849,97,45,0.285,flipped,auto
Bv,Bv04,22,306s.003,306,1070,1194,782,848,92,42,0.39,flipped,auto
Bv,Bv04,23,001.006,001,1022,1087,793,859,59,22,0.391,flipped,auto
Bv,Bv04,24,009.006,009,956,1042,793,859,62,29,0.46,flipped,auto
Bv,Bv04,25,005.006,005,897,977,803,867,48,27,0.497,flipped,auto
Bv,Bv04,26,001,001,891,908,804,873,17,6,0.578,flipped,auto
Bv,Bv04,27,200.003,200,803,902,806,876,64,34,0.521,flipped,auto
Bv,Bv04,28,095f,095,766,820,815,879,39,18,0.578,flipped,auto
Bv,Bv04,29,032,032,755,778,817,883,22,8,0.525,flipped,auto
Bv,Bv04,30,700.069,700,693,760,820,887,50,23,0.305,flipped,auto
Bv,Bv04,31,032,032,682,701,825,891,17,7,0.58,flipped,auto
Bv,Bv04,32,200.032,200,607,695,828,894,65,30,0.575,flipped,auto
Bv,Bv04,33,091.032,091,558,619,827,893,46,21,0.507,flipped,auto
Bv,Bv04,34,739.003,739,519,579,831,895,32,20,0.414,flipped,auto
Bv,Bv04,35,739,739,514,536,837,898,19,8,0.6,flipped,auto
Bv,Bv04,36,670,670,473,521,838,904,34,16,0.488,flipped,auto
Bv,Bv04,37,246.077,246,299,513,847,915,147,72,0.374,flipped,auto
Bv,Bv04,38,002.077,002,269,345,859,923,56,26,0.354,flipped,auto
Bv,Bv04,39,430,430,230,285,859,927,37,19,0.505,flipped,auto
Bv,Bv04,40,134,134,199,247,862,930,31,16,0.52,flipped,auto
Bv,Bv04,41,005,005,168,206,864,929,38,13,0.395,flipped,auto
Bv,Bv04,42,670,670,103,189,860,926,64,29,0.418,flipped,auto
Bv,Bv05,0,465,465,0,112,696,762,45,37,0.714,upright,auto
Bv,Bv05,1,029y,029,82,127,696,764,16,14,0.561,upright,auto
Bv,Bv05,2,039,039,105,187,701,771,55,25,0.505,upright,auto
Bv,Bv05,3,600V,600,151,239,721,791,56,27,0.295,upright,auto
Bv,Bv05,4,048,048,238,265,715,781,27,8,0.327,upright,auto
Bv,Bv05,5,291,291,246,334,715,783,61,27,0.321,upright,auto
Bv,Bv05,6,292s,292,297,395,705,775,76,30,0.266,upright,auto
Bv,Bv05,7,200.600,200,347,508,705,775,100,48,0.132,upright,auto
Bv,Bv05,8,027.006,027,466,563,697,767,66,29,0.293,upright,auto
Bv,Bv05,9,011.006,011,536,606,697,765,38,21,0.362,upright,auto
Bv,Bv05,10,077.208,077,593,743,696,766,95,45,0.202,upright,auto
Bv,Bv05,11,034,034,702,782,698,762,58,24,0.126,upright,auto
Bv,Bv05,12,027,027,767,816,698,764,33,15,0.112,upright,auto
Bv,Bv05,13,663,663,794,885,696,764,43,27,0.134,upright,auto
Bv,Bv05,14,002,002,857,890,704,770,33,10,0.366,upright,auto
Bv,Bv05,15,065:042,065,880,925,723,791,25,14,0.248,upright,auto
Bv,Bv05,16,300,300,902,974,721,791,47,22,0.386,upright,auto
Bv,Bv05,17,385,385,954,1030,715,783,71,23,0.304,upright,auto
Bv,Bv05,18,003.065.200,003,1011,1172,707,775,91,48,0.515,upright,auto
Bv,Bv05,19,236s,236,1103,1303,699,769,124,60,0.369,upright,auto
Bv,Bv05,20,300,300,1251,1344,697,765,66,28,0.453,upright,auto
Bv,Bv05,21,232b,232,1326,1402,695,763,53,23,0.422,upright,auto
Bv,Bv05,22,446,446,1377,1457,695,761,41,24,0.466,upright,auto
Bv,Bv05,23,300,300,1442,1514,695,763,67,22,0.443,upright,auto
Bv,Bv05,24,385,385,1512,1529,702,757,14,5,0.341,upright,auto
Bv,Bv05,25,003.065.200,003,1527,1556,696,763,24,9,0.191,upright,auto
Bv,Bv05,26,002,002,1533,1630,696,763,66,29,0.163,upright,auto
Bv,Bv05,27,091,091,1615,1644,698,762,24,9,0.217,upright,auto
Bv,Bv05,28,582.074,582,1648,1691,698,764,37,13,0.178,upright,auto
Bv,Bv05,29,006.024.062,006,1660,1794,696,766,99,40,0.134,upright,auto
Bv,Bv05,30,291,291,1756,1879,698,764,77,37,0.19,upright,auto
Bv,Bv05,31,034,034,1858,1934,700,764,49,23,0.475,upright,auto
Bv,Bv05,32,208,208,1897,1983,700,764,63,26,0.208,upright,auto
Bv,Bv05,33,540.065.003,540,1973,2082,699,766,72,33,0.239,upright,auto
Bv,Bv05,34,027f,027,2039,2194,699,765,107,46,0.225,upright,auto
Bv,Bv05,35,001.063,001,2154,2214,699,765,38,18,0.228,upright,auto
Bv,Bv05,36,430.076,430,2197,2369,707,754,106,52,0.231,upright,auto
Bv,Bv05,37,011,011,2328,2351,712,775,23,7,0.403,upright,auto
Bv,Bv05,38,065:042,065,2329,2372,716,775,43,13,0.278,upright,auto
Bv,Bv05,39,600.076,600,2351,2403,718,775,30,30,-1.0,upright,auto
Bv,Bv08,0,045,045,2378,2402,378,446,12,8,0.456,flipped,auto
Bv,Bv08,1,002.010,002,2318,2378,380,449,39,19,0.241,flipped,auto
Bv,Bv08,2,451,451,2281,2332,393,459,34,17,0.32,flipped,auto
Bv,Bv08,3,205.003,205,2194,2309,392,462,72,37,0.296,flipped,auto
Bv,Bv08,4,490.079.010.003,490,2099,2227,402,476,88,41,0.44,flipped,auto
Bv,Bv08,5,099,099,2067,2128,407,477,42,20,0.348,flipped,auto
Bv,Bv08,6,166,166,2019,2084,416,483,45,21,0.434,flipped,auto
Bv,Bv08,7,068,068,1982,2032,418,482,35,16,0.46,flipped,auto
Bv,Bv08,8,045.009.037,045,1896,1999,420,488,74,33,0.447,flipped,auto
Bv,Bv08,9,010.001f,010,1860,1915,422,492,45,18,0.674,flipped,auto
Bv,Bv08,10,522f,522,1797,1872,424,496,53,24,0.574,flipped,auto
Bv,Bv08,11,381.009,381,1608,1861,430,502,156,81,0.402,flipped,auto
Bv,Bv08,12,260.001,260,1594,1659,438,508,46,21,0.563,flipped,auto
Bv,Bv08,13,004.711,004,1519,1616,439,511,67,31,0.573,flipped,auto
Bv,Bv08,14,260.001,260,1486,1540,445,513,40,17,0.619,flipped,auto
Bv,Bv08,15,004.711,004,1436,1497,444,512,43,20,0.566,flipped,auto
Bv,Bv08,16,700.003,700,1400,1443,448,516,35,14,0.579,flipped,auto
Bv,Bv08,17,095,095,1312,1427,450,520,68,37,0.568,flipped,auto
Bv,Bv08,18,022.095f:008,022,1235,1350,450,524,74,37,0.541,flipped,auto
Bv,Bv08,19,360.008,360,1163,1267,457,528,67,34,0.541,flipped,auto
Bv,Bv08,20,006.001.006,006,1120,1181,462,532,37,20,0.526,flipped,auto
Bv,Bv08,21,006.001,006,1044,1141,473,537,58,31,0.48,flipped,auto
Bv,Bv08,22,567.006:005,567,1038,1070,478,540,22,10,0.639,flipped,auto
Bv,Bv08,23,208.016,208,938,1058,478,546,86,39,0.5,flipped,auto
Bv,Bv08,24,001,001,932,954,482,546,14,7,0.525,flipped,auto
Bv,Bv08,25,008,008,888,939,488,552,34,17,0.471,flipped,auto
Bv,Bv08,26,022,022,871,903,492,558,27,10,0.412,flipped,auto
Bv,Bv08,27,016,016,871,893,494,560,16,7,0.415,flipped,auto
Bv,Bv08,28,054,054,829,878,496,566,42,16,0.353,flipped,auto
Bv,Bv08,29,165,165,763,830,501,569,55,22,0.256,flipped,auto
Bv,Bv08,30,054,054,735,779,505,571,27,14,0.391,flipped,auto
Bv,Bv08,31,001,001,723,740,507,575,17,6,0.345,flipped,auto
Bv,Bv08,32,492,492,608,743,509,579,80,43,0.197,flipped,auto
Bv,Bv08,33,200.171,200,535,643,525,591,75,35,0.203,flipped,auto
Bv,Bv08,34,670,670,481,552,539,603,45,23,0.245,flipped,auto
Bv,Bv08,35,060,060,408,499,543,607,52,29,0.208,flipped,auto
Bv,Bv08,36,008,008,391,430,544,613,23,13,0.316,flipped,auto
Bv,Bv08,37,053,053,346,400,549,611,40,17,0.399,flipped,auto
Bv,Bv08,38,008,008,321,356,554,614,28,12,0.342,flipped,auto
Bv,Bv08,39,022,022,281,332,552,619,36,17,0.331,flipped,auto
Bv,Bv08,40,006.074f,006,202,305,557,621,62,33,0.238,flipped,auto
Bv,Bv08,41,240.545,240,61,245,562,630,118,59,0.101,flipped,auto
Bv,Bv08,42,004.064,004,52,123,565,629,46,23,0.204,flipped,auto
Bv,Bv09,0,060,060,93,176,470,536,42,30,0.264,upright,auto
Bv,Bv09,1,430,430,159,172,474,538,7,5,0.244,upright,auto
Bv,Bv09,2,450,450,171,188,481,539,15,6,0.318,upright,auto
Bv,Bv09,3,440,440,174,283,472,542,80,39,0.159,upright,auto
Bv,Bv09,4,021t,021,258,317,468,538,44,21,0.196,upright,auto
Bv,Bv09,5,211,211,300,391,462,532,63,32,0.204,upright,auto
Bv,Bv09,6,006,006,376,408,460,530,32,11,0.417,upright,auto
Bv,Bv09,7,400.004,400,385,482,457,527,59,34,0.236,upright,auto
Bv,Bv09,8,140,140,467,512,452,522,41,16,0.345,upright,auto
Bv,Bv09,9,200.022,200,498,602,448,520,72,37,0.249,upright,auto
Bv,Bv09,10,007,007,574,630,440,510,40,20,0.257,upright,auto
Bv,Bv09,11,004,004,617,635,436,507,18,7,0.354,upright,auto
Bv,Bv09,12,156,156,648,686,431,501,35,14,0.325,upright,auto
Bv,Bv09,13,007,007,681,725,431,499,37,16,0.257,upright,auto
Bv,Bv09,14,004,004,721,738,423,487,15,6,0.412,upright,auto
Bv,Bv09,15,154,154,738,782,415,485,30,16,0.361,upright,auto
Bv,Bv09,16,079,079,773,812,413,483,15,14,0.405,upright,auto
Bv,Bv09,17,065,065,799,827,415,481,24,10,0.402,upright,auto
Bv,Bv09,18,022f,022,800,834,415,482,24,12,0.472,upright,auto
Bv,Bv09,19,027x,027,827,866,409,479,28,14,0.576,upright,auto
Bv,Bv09,20,024,024,863,898,407,477,28,13,0.484,upright,auto
Bv,Bv09,21,045.009.037,045,890,983,404,470,69,33,0.476,upright,auto
Bv,Bv09,22,010.001,010,968,1016,401,471,29,17,0.567,upright,auto
Bv,Bv09,23,044f,044,1008,1040,393,463,27,11,0.562,upright,auto
Bv,Bv09,24,522f,522,1027,1092,390,460,43,23,0.534,upright,auto
Bv,Bv09,25,045.061.009,045,1070,1174,388,454,89,37,0.474,upright,auto
Bv,Bv09,26,260.001,260,1143,1241,382,454,82,35,0.507,upright,auto
Bv,Bv09,27,004.711,004,1219,1279,378,448,41,21,0.388,upright,auto
Bv,Bv09,28,059f,059,1259,1324,377,443,45,23,0.398,upright,auto
Bv,Bv09,29,304s,304,1300,1404,371,443,66,37,0.484,upright,auto
Bv,Bv09,30,493,493,1371,1462,370,440,60,32,0.57,upright,auto
Bv,Bv09,31,304s,304,1434,1527,368,436,61,33,0.669,upright,auto
Bv,Bv09,32,407.063h,407,1495,1603,364,432,79,38,0.624,upright,auto
Bv,Bv09,33,001t,001,1583,1596,392,431,12,5,0.614,upright,auto
Bv,Bv09,34,607,607,1585,1673,361,429,59,31,0.683,upright,auto
Bv,Bv09,35,065,065,1656,1688,362,428,26,11,0.721,upright,auto
Bv,Bv09,36,022f,022,1683,1716,360,426,25,12,0.672,upright,auto
Bv,Bv09,37,004.064,004,1705,1769,357,424,41,22,0.497,upright,auto
Bv,Bv09,38,305,305,1740,1821,360,428,52,29,0.554,upright,auto
Bv,Bv09,39,004.064,004,1805,1859,357,421,41,19,0.636,upright,auto
Bv,Bv09,40,022f,022,1850,1879,354,419,25,11,0.562,upright,auto
Bv,Bv09,41,215,215,1867,1955,352,418,53,31,0.465,upright,auto
Bv,Bv09,42,381.009,381,1934,2016,351,419,56,29,0.434,upright,auto
Bv,Bv09,43,062.001,062,1993,2036,352,417,34,15,0.521,upright,auto
Bv,Bv09,44,034,034,2026,2074,352,414,26,17,0.489,upright,auto
Bv,Bv09,45,041,041,2058,2128,352,409,44,25,0.49,upright,auto
Bv,Bv09,46,166,166,2118,2140,341,407,17,8,0.511,upright,auto
Bv,Bv09,47,068,068,2133,2197,340,407,47,22,0.372,upright,auto
Bv,Bv09,48,306s,306,2187,2226,346,404,28,14,0.471,upright,auto
Bv,Bv09,49,400.065,400,2202,2310,336,400,67,38,0.35,upright,auto
Bv,Bv09,50,700?,700,2260,2368,332,398,58,38,0.244,upright,auto
Bv,Bv09,51,700?,700,2350,2378,344,388,23,10,0.261,upright,auto
Bv,Bv10,0,166,166,2346,2397,282,342,43,17,0.326,flipped,auto
Bv,Bv10,1,068,068,2311,2354,279,339,29,14,0.466,flipped,auto
Bv,Bv10,2,493.054,493,2166,2321,270,334,107,50,0.248,flipped,auto
Bv,Bv10,3,492.054,492,2050,2222,272,337,111,56,0.188,flipped,auto
Bv,Bv10,4,167,167,1984,2075,291,355,64,30,0.305,flipped,auto
Bv,Bv10,5,002.010.037,002,1927,2025,293,355,66,32,0.41,flipped,auto
Bv,Bv10,6,167,167,1872,1954,289,351,65,27,0.489,flipped,auto
Bv,Bv10,7,727,727,1817,1893,291,355,45,25,0.499,flipped,auto
Bv,Bv10,8,733,733,1756,1853,292,356,57,32,0.39,flipped,auto
Bv,Bv10,9,001.200,001,1683,1787,291,355,73,34,0.497,flipped,auto
Bv,Bv10,10,581.376,581,1552,1718,292,358,125,54,0.348,flipped,auto
Bv,Bv10,11,022f?,022,1542,1577,295,356,27,12,0.547,flipped,auto
Bv,Bv10,12,002,002,1500,1543,292,357,35,14,0.564,flipped,auto
Bv,Bv10,13,022.600,022,1414,1517,298,362,73,34,0.47,flipped,auto
Bv,Bv10,14,002,002,1388,1431,301,362,38,14,0.485,flipped,auto
Bv,Bv10,15,022.071,022,1325,1395,303,367,48,23,0.561,flipped,auto
Bv,Bv10,16,022,022,1318,1337,304,366,16,7,0.639,flipped,auto
Bv,Bv10,17,002,002,1276,1319,307,369,37,14,0.546,flipped,auto
Bv,Bv10,18,059f,059,1216,1281,307,371,48,21,0.505,flipped,auto
Bv,Bv10,19,002,002,1186,1219,307,373,27,11,0.428,flipped,auto
Bv,Bv10,20,306s,306,1098,1206,313,377,67,35,0.355,flipped,auto
Bv,Bv10,21,001.062,001,1070,1125,310,380,37,18,0.41,flipped,auto
Bv,Bv10,22,630,630,1009,1091,313,385,68,27,0.387,flipped,auto
Bv,Bv10,23,405,405,952,1048,316,384,61,31,0.526,flipped,auto
Bv,Bv10,24,600.065,600,870,995,328,396,71,41,0.434,flipped,auto
Bv,Bv10,25,700?,700,864,899,335,401,23,12,0.372,flipped,auto
Bv,Bv10,26,540.700,540,783,890,336,408,60,35,0.377,flipped,auto
Bv,Bv10,27,005,005,762,807,344,410,29,15,0.469,flipped,auto
Bv,Bv10,28,053,053,739,772,348,414,12,11,0.548,flipped,auto
Bv,Bv10,29,002,002,700,745,350,418,31,15,0.517,flipped,auto
Bv,Bv10,30,005:700.061,005,638,710,356,422,58,24,0.537,flipped,auto
Bv,Bv10,31,041.008,041,588,658,368,434,46,23,0.508,flipped,auto
Bv,Bv10,32,095f:042.009,095,503,616,369,437,89,37,0.454,flipped,auto
Bv,Bv10,33,007.010,007,446,543,376,442,72,32,0.305,flipped,auto
Bv,Bv10,34,240.004.064,240,340,492,381,451,91,50,0.181,flipped,auto
Bv,Bv10,35,050,050,339,367,387,455,28,9,0.182,flipped,auto
Bv,Bv10,36,073.006,073,279,350,391,461,40,23,0.08,flipped,auto
Bv,Bv10,37,493,493,199,307,397,467,70,35,0.146,flipped,auto
Bv,Bv10,38,004.064,004,163,229,400,472,53,22,0.211,flipped,auto
Bv,Bv10,39,670,670,96,188,389,459,29,30,0.218,flipped,auto
Bv,Bv10,40,004.064,004,64,124,412,433,0,20,0.409,flipped,auto
Bv,Bv10,41,063:009,063,27,78,402,468,5,17,0.0,flipped,auto
Bv,Bv11,0,384?,384,91,147,319,373,0,20,0.217,upright,auto
Bv,Bv11,1,266?,266,131,208,307,371,45,27,0.238,upright,auto
Bv,Bv11,2,027,027,192,240,310,372,35,16,0.225,upright,auto
Bv,Bv11,3,470,470,220,307,304,368,73,30,0.211,upright,auto
Bv,Bv11,4,017t,017,282,342,317,365,31,21,0.357,upright,auto
Bv,Bv11,5,004.064,004,327,359,309,363,32,11,0.378,upright,auto
Bv,Bv11,6,022f,022,358,391,299,359,30,12,0.339,upright,auto
Bv,Bv11,7,068,068,391,415,293,359,19,9,0.322,upright,auto
Bv,Bv11,8,022f,022,415,453,292,355,37,13,0.199,upright,auto
Bv,Bv11,9,068,068,427,566,285,351,86,48,0.23,upright,auto
Bv,Bv11,10,395.006.074,395,541,559,283,345,18,7,0.301,upright,auto
Bv,Bv11,11,004,004,554,588,282,344,30,12,0.326,upright,auto
Bv,Bv11,12,008,008,579,598,281,343,11,7,0.482,upright,auto
Bv,Bv11,13,049f.007,049,581,683,275,343,69,35,0.337,upright,auto
Bv,Bv11,14,001,001,651,668,274,341,17,6,0.394,upright,auto
Bv,Bv11,15,191.048,191,672,770,270,338,64,34,0.37,upright,auto
Bv,Bv11,16,380.044,380,745,831,269,335,62,30,0.569,upright,auto
Bv,Bv11,17,007,007,812,861,267,333,39,17,0.495,upright,auto
Bv,Bv11,18,520.044,520,836,935,261,329,67,35,0.512,upright,auto
Bv,Bv11,19,735,735,912,972,256,323,44,21,0.549,upright,auto
Bv,Bv11,20,415,415,945,1065,252,318,84,42,0.264,upright,auto
Bv,Bv11,21,074?,074,1032,1060,244,309,28,10,0.381,upright,auto
Bv,Bv11,22,006.200?,006,1052,1159,244,307,67,37,0.465,upright,auto
Bv,Bv11,23,008,008,1135,1190,243,307,47,19,0.521,upright,auto
Bv,Bv11,24,005,005,1182,1220,238,300,28,13,0.526,upright,auto
Bv,Bv11,25,326,326,1176,1267,235,299,60,31,0.331,upright,auto
Bv,Bv11,26,326,326,1260,1367,233,300,94,37,0.352,upright,auto
Bv,Bv11,27,755,755,1340,1400,232,298,41,21,0.588,upright,auto
Bv,Bv11,28,755,755,1387,1443,229,296,38,20,0.423,upright,auto
Bv,Bv11,29,004.052x,004,1431,1490,227,291,36,20,0.417,upright,auto
Bv,Bv11,30,459.200.459,459,1429,1659,226,296,150,79,0.284,upright,auto
Bv,Bv11,31,079.275a,079,1606,1721,225,291,80,40,0.4,upright,auto
Bv,Bv11,32,079.275a,079,1684,1793,223,291,72,38,0.347,upright,auto
Bv,Bv11,33,067.067.010,067,1741,1872,225,291,82,46,0.382,upright,auto
Bv,Bv11,34,022f.059f,022,1840,1953,225,291,79,39,0.552,upright,auto
Bv,Bv11,35,007.052,007,1928,2015,228,294,62,30,0.453,upright,auto
Bv,Bv11,36,010.053,010,1998,2054,233,295,38,20,0.445,upright,auto
Bv,Bv11,37,007.052,007,2038,2121,235,295,59,29,0.491,upright,auto
Bv,Bv11,38,010.053,010,2107,2162,228,293,41,19,0.426,upright,auto
Bv,Bv11,39,046,046,2152,2190,229,293,25,13,0.348,upright,auto
Bv,Bv11,40,073.006,073,2173,2243,228,294,44,24,0.32,upright,auto
Bv,Bv11,41,244?,244,2215,2330,212,278,81,40,0.364,upright,auto
Bv,Bv11,42,033,033,2301,2339,254,289,17,13,0.376,upright,auto
Bv,Bv11,43,002?,002,2358,2382,281,302,24,9,0.626,upright,auto
Bv,Bv12,23,060,060,2290,2403,157,223,29,53,-1.0,flipped,auto
Bv,Bv12,24,006x.700,006,2266,2325,157,223,26,19,0.101,flipped,auto
Bv,Bv12,25,280,280,2219,2280,159,225,52,20,0.185,flipped,auto
Bv,Bv12,26,011.003,011,2093,2256,161,223,54,53,0.09,flipped,auto
Bv,Bv12,27,044f.003,044,2004,2144,183,235,95,45,0.26,flipped,auto
Bv,Bv12,28,014,014,1975,2004,183,235,26,10,0.314,flipped,auto
Bv,Bv12,29,400.032,400,1950,1974,202,241,23,8,0.366,flipped,auto
Bv,Bv12,30,400.032,400,1888,1955,202,245,38,22,0.415,flipped,auto
Bv,Bv12,31,002.003,002,1896,1918,196,231,16,7,0.344,flipped,auto
Bv,Bv12,32,445y.003,445,1816,1902,194,243,66,28,0.329,flipped,auto
Bv,Bv12,33,672,672,1791,1824,192,229,26,11,0.466,flipped,auto
Bv,Bv12,34,065,065,1786,1814,192,227,27,9,0.506,flipped,auto
Bv,Bv12,35,006x.059f,006,1719,1784,181,225,34,21,0.46,flipped,auto
Bv,Bv12,36,385y,385,1673,1744,179,225,42,23,0.457,flipped,auto
Bv,Bv12,37,048,048,1654,1682,179,225,27,9,0.543,flipped,auto
Bv,Bv12,38,099,099,1603,1664,186,225,61,20,0.504,flipped,auto
Bv,Bv12,39,207,207,1531,1624,179,223,47,30,0.508,flipped,auto
Bv,Bv12,40,046?,046,1506,1529,190,225,17,8,0.602,flipped,auto
Bv,Bv12,41,050,050,1497,1524,188,223,21,9,0.782,flipped,auto
Ca,Ca02,14,070,070,2034,2040,1199,1283,0,14,-1.0,flipped,auto
Ca,Ca02,15,091,091,1981,2040,1199,1246,0,13,-1.0,flipped,auto
Ca,Ca02,16,091,091,1930,1984,1168,1253,0,10,0.327,flipped,auto
Ca,Ca02,17,074.062,074,1860,1951,1168,1253,80,17,0.172,flipped,auto
Ca,Ca02,18,594.061,594,1775,1925,1175,1263,93,28,0.41,flipped,auto
Ca,Ca02,19,070,070,1725,1800,1182,1266,69,14,0.532,flipped,auto
Ca,Ca02,20,083,083,1679,1714,1192,1266,24,7,0.507,flipped,auto
Ca,Ca02,21,007,007,1618,1688,1195,1277,58,13,0.526,flipped,auto
Ca,Ca02,22,061,061,1563,1601,1162,1240,37,7,0.55,flipped,auto
Ca,Ca02,23,380.001,380,1461,1579,1195,1277,87,22,0.56,flipped,auto
Ca,Ca02,24,067.022f,067,1401,1481,1202,1283,60,15,0.483,flipped,auto
Ca,Ca02,25,067.001,067,1321,1413,1202,1283,69,17,0.406,flipped,auto
Ca,Ca03,0,380.001,380,375,509,1129,1207,80,25,0.091,upright,auto
Ca,Ca03,1,022f,022,498,531,1095,1173,28,6,0.22,upright,auto
Ca,Ca03,2,254.063,254,495,709,1095,1173,150,40,0.123,upright,auto
Ca,Ca03,3,005t,005,693,726,1121,1199,28,6,0.344,upright,auto
Ca,Ca03,4,380.001,380,707,809,1117,1195,69,19,0.403,upright,auto
Ca,Ca03,5,022f,022,766,970,1123,1205,135,38,0.364,upright,auto
Ca,Ca03,6,243,243,928,1019,1126,1201,74,17,0.502,upright,auto
Ca,Ca03,7,001t,001,964,1077,1122,1204,80,21,0.493,upright,auto
Ca,Ca03,8,004.052x,004,1031,1235,1125,1203,139,38,0.503,upright,auto
Ca,Ca03,9,380.001,380,1190,1265,1121,1199,61,14,0.548,upright,auto
Ca,Ca03,10,022f.254,022,1247,1285,1124,1199,19,7,0.505,upright,auto
Ca,Ca03,11,029,029,1310,1337,1117,1195,27,5,0.397,upright,auto
Ca,Ca03,12,074?,074,1291,1403,1117,1195,78,21,0.276,upright,auto
Ca,Ca03,13,017,017,1394,1421,1106,1188,27,5,0.335,upright,auto
Ca,Ca03,14,380.001,380,1400,1556,1109,1187,86,29,0.235,upright,auto
Ca,Ca03,15,022f.252,022,1486,1577,1112,1190,72,17,0.331,upright,auto
Ca,Ca03,16,252f,252,1587,1695,1102,1180,108,20,0.271,upright,auto
Ca,Ca03,17,380.001,380,1653,1824,1094,1172,134,32,0.386,upright,auto
Ca,Ca03,18,022f.254,022,1754,1821,1090,1168,60,13,0.359,upright,auto
Ca,Ca03,19,050.010,050,1807,1855,1093,1175,38,9,0.44,upright,auto
Ca,Ca03,20,079,079,1843,1950,1096,1181,74,20,0.173,upright,auto
Ca,Ca03,21,380.001,380,1903,2040,1096,1166,0,27,0.124,upright,auto
Ca,Ca03,22,286s.002,286,2013,2040,1092,1177,0,11,-1.0,upright,auto
Ca,Ca04,0,031,031,1968,2040,998,1079,0,14,0.437,flipped,auto
Ca,Ca04,1,031.003,031,1845,2005,1003,1085,123,27,0.112,flipped,auto
Ca,Ca04,2,005,005,1780,1862,1005,1083,52,14,0.206,flipped,auto
Ca,Ca04,3,200.066,200,1648,1836,1003,1087,148,32,0.387,flipped,auto
Ca,Ca04,4,004.760,004,1569,1699,1008,1092,130,22,0.275,flipped,auto
Ca,Ca04,5,065V,065,1534,1593,1012,1097,59,10,0.29,flipped,auto
Ca,Ca04,6,200.200.200,200,1280,1612,1013,1094,201,56,0.448,flipped,auto
Ca,Ca04,7,400,400,1261,1368,1022,1107,82,18,0.381,flipped,auto
Ca,Ca04,8,066,066,1206,1271,1030,1115,63,11,0.352,flipped,auto
Ca,Ca04,9,004,004,1183,1217,1028,1112,27,6,0.394,flipped,auto
Ca,Ca04,10,760,760,1065,1225,1025,1110,145,27,0.327,flipped,auto
Ca,Ca04,11,004,004,1032,1067,1022,1104,28,6,0.505,flipped,auto
Ca,Ca04,12,073f?,073,962,996,1022,1107,20,6,0.555,flipped,auto
Ca,Ca04,13,001,001,925,954,1029,1110,9,5,0.484,flipped,auto
Ca,Ca04,14,005,005,849,931,1032,1110,45,14,0.403,flipped,auto
Ca,Ca04,15,048f.001,048,792,888,1024,1109,71,16,0.365,flipped,auto
Ca,Ca04,16,005,005,749,814,1023,1101,35,11,0.569,flipped,auto
Ca,Ca04,17,010f.001,010,695,771,1021,1106,48,13,0.428,flipped,auto
Ca,Ca04,18,005,005,666,737,1022,1100,50,12,0.495,flipped,auto
Ca,Ca04,19,073f?,073,643,677,1017,1095,14,6,0.427,flipped,auto
Ca,Ca04,20,777,777,551,658,1008,1093,70,18,0.355,flipped,auto
Ca,Ca04,21,777,777,468,586,1041,1126,82,20,0.279,flipped,auto
Ca,Ca04,22,760,760,371,512,1039,1123,98,24,0.236,flipped,auto
Ca,Ca04,23,608,608,251,412,1034,1119,112,27,0.212,flipped,auto
Ca,Ca04,24,073f?,073,237,277,1014,1092,37,7,0.443,flipped,auto
Ca,Ca04,25,091,091,183,231,1003,1084,36,8,0.376,flipped,auto
Ca,Ca04,26,091,091,133,192,995,1077,26,10,0.262,flipped,auto
Ca,Ca04,27,730,730,65,153,1000,1078,21,15,0.261,flipped,auto
Ca,Ca04,28,730,730,0,93,986,1071,0,17,0.147,flipped,auto
Ca,Ca05,0,005,005,44,151,786,867,50,20,0.091,upright,auto
Ca,Ca05,1,001,001,121,212,801,879,62,17,0.034,upright,auto
Ca,Ca05,2,001,001,227,254,818,906,24,5,0.571,upright,auto
Ca,Ca05,3,073f?.073f?,073,257,284,824,905,27,5,0.503,upright,auto
Ca,Ca05,4,091,091,247,328,816,897,59,15,0.368,upright,auto
Ca,Ca05,5,730,730,352,411,803,885,44,11,0.36,upright,auto
Ca,Ca05,6,730,730,396,471,808,892,74,14,0.296,upright,auto
Ca,Ca05,7,022,022,449,530,817,901,75,15,0.305,upright,auto
Ca,Ca05,8,022,022,525,541,827,905,16,3,0.487,upright,auto
Ca,Ca05,9,041,041,526,553,827,909,27,5,0.325,upright,auto
Ca,Ca05,10,002,002,576,611,835,917,31,7,0.208,upright,auto
Ca,Ca05,11,001,001,607,650,840,922,30,8,0.257,upright,auto
Ca,Ca05,12,036,036,654,681,845,927,26,5,0.289,upright,auto
Ca,Ca05,13,550,550,644,725,848,933,65,15,0.245,upright,auto
Ca,Ca05,14,022f,022,736,827,852,940,82,17,0.232,upright,auto
Ca,Ca05,15,280,280,821,853,864,945,27,6,0.377,upright,auto
Ca,Ca05,16,385y,385,838,945,866,950,84,20,0.36,upright,auto
Ca,Ca05,17,385,385,910,1007,878,963,56,18,0.238,upright,auto
Ca,Ca05,18,038,038,982,1073,916,1004,90,17,0.272,upright,auto
Ca,Ca05,19,007,007,1042,1154,920,1002,112,21,0.402,upright,auto
Ca,Ca05,20,600,600,1129,1204,920,1001,35,14,0.282,upright,auto
Ca,Ca05,21,001,001,1151,1253,919,1007,59,19,0.343,upright,auto
Ca,Ca05,22,214,214,1229,1256,920,1001,23,5,0.747,upright,auto
Ca,Ca05,23,700,700,1213,1487,917,1002,208,51,0.642,upright,auto
Ca,Ca05,24,700,700,1433,1503,919,1001,66,13,0.614,upright,auto
Ca,Ca05,25,700,700,1479,1591,914,999,94,21,0.62,upright,auto
Ca,Ca05,26,408,408,1575,1640,918,996,52,12,0.664,upright,auto
Ca,Ca05,27,700,700,1636,1663,916,997,25,5,0.703,upright,auto
Ca,Ca05,28,001.214,001,1648,1755,916,998,68,20,0.429,upright,auto
Ca,Ca05,29,042:009,042,1728,1803,902,983,58,14,0.439,upright,auto
Ca,Ca05,30,081,081,1796,1866,907,988,60,13,0.589,upright,auto
Ca,Ca05,31,081,081,1850,1920,906,987,56,13,0.546,upright,auto
Ca,Ca05,32,005,005,1917,1957,901,979,37,8,0.562,upright,auto
Ca,Ca06,0,005,005,1877,1926,815,893,42,12,0.65,flipped,auto
Ca,Ca06,1,005,005,1861,1894,817,895,21,8,0.494,flipped,auto
Ca,Ca06,2,001.006,001,1807,1868,812,897,45,15,0.7,flipped,auto
Ca,Ca06,3,005f,005,1755,1826,814,888,71,17,0.627,flipped,auto
Ca,Ca06,4,002V?,002,1702,1763,812,897,58,15,0.651,flipped,auto
Ca,Ca06,5,002V?,002,1651,1707,814,885,52,14,0.447,flipped,auto
Ca,Ca06,6,002V?,002,1610,1645,825,889,35,9,0.464,flipped,auto
Ca,Ca06,7,001.006,001,1541,1605,829,907,54,15,0.426,flipped,auto
Ca,Ca06,8,381f,381,1490,1546,820,909,56,14,0.657,flipped,auto
Ca,Ca06,9,381f,381,1411,1482,825,910,60,17,0.604,flipped,auto
Ca,Ca06,10,381f,381,1357,1427,832,914,43,17,0.576,flipped,auto
Ca,Ca06,11,001.006,001,1330,1391,833,911,43,15,0.499,flipped,auto
Ca,Ca06,12,774.067.774?,774,1273,1327,833,908,40,13,0.392,flipped,auto
Ca,Ca06,13,070,070,1197,1293,826,908,73,23,0.575,flipped,auto
Ca,Ca06,14,600V,600,1151,1205,823,907,45,13,0.597,flipped,auto
Ca,Ca06,15,773,773,1099,1163,816,904,57,15,0.589,flipped,auto
Ca,Ca06,16,280,280,1105,1138,822,906,33,8,0.609,flipped,auto
Ca,Ca06,17,001.006,001,1049,1103,821,903,54,13,0.557,flipped,auto
Ca,Ca06,18,390.041,390,979,1040,827,908,61,15,0.664,flipped,auto
Ca,Ca06,19,315y,315,892,1005,826,907,39,27,0.432,flipped,auto
Ca,Ca06,20,041,041,805,951,823,907,99,35,0.454,flipped,auto
Ca,Ca06,21,670,670,758,857,826,911,64,24,0.403,flipped,auto
Ca,Ca06,22,008.078.711,008,639,767,840,918,90,31,0.26,flipped,auto
Ca,Ca06,23,040.010,040,634,704,803,891,47,17,0.245,flipped,auto
Ca,Ca06,24,040,040,614,642,828,916,22,7,0.392,flipped,auto
Ca,Ca06,25,030a,030,543,620,839,914,64,19,0.22,flipped,auto
Ca,Ca06,26,390.041,390,458,573,828,913,99,28,0.157,flipped,auto
Ca,Ca06,27,375,375,383,470,830,915,87,21,0.258,flipped,auto
Ca,Ca06,28,041,041,369,393,826,911,24,6,0.344,flipped,auto
Ca,Ca08,0,040,040,1935,1969,634,712,31,6,0.511,flipped,auto
Ca,Ca08,1,040,040,1914,1954,612,690,25,7,0.454,flipped,auto
Ca,Ca08,2,040,040,1886,1915,614,695,27,5,0.55,flipped,auto
Ca,Ca08,3,390.041,390,1764,1914,618,703,99,25,0.444,flipped,auto
Ca,Ca08,4,378y,378,1643,1816,620,705,114,29,0.666,flipped,auto
Ca,Ca08,5,041h,041,1557,1718,622,703,109,27,0.587,flipped,auto
Ca,Ca08,6,670,670,1449,1636,626,707,116,31,0.436,flipped,auto
Ca,Ca08,7,008.078.711,008,1441,1475,628,709,28,6,0.489,flipped,auto
Ca,Ca08,8,040,040,1413,1448,629,707,34,6,0.67,flipped,auto
Ca,Ca08,9,040,040,1340,1423,633,715,59,14,0.62,flipped,auto
Ca,Ca08,10,003.040,003,1225,1364,638,723,102,23,0.468,flipped,auto
Ca,Ca08,11,390.041,390,1137,1268,632,717,88,22,0.603,flipped,auto
Ca,Ca08,12,378y,378,1119,1162,636,717,29,7,0.666,flipped,auto
Ca,Ca08,13,041,041,982,1132,636,718,110,25,0.443,flipped,auto
Ca,Ca08,14,670,670,867,1060,632,717,115,32,0.545,flipped,auto
Ca,Ca08,15,008.078.711,008,811,919,638,723,74,18,0.47,flipped,auto
Ca,Ca08,16,600,600,795,829,640,722,27,6,0.492,flipped,auto
Ca,Ca08,17,040,040,763,803,636,717,26,7,0.508,flipped,auto
Ca,Ca08,18,040,040,703,737,628,713,26,6,0.567,flipped,auto
Ca,Ca08,19,040,040,703,737,631,716,27,6,0.731,flipped,auto
Ca,Ca08,20,040,040,677,706,623,708,27,5,0.679,flipped,auto
Ca,Ca08,21,040,040,552,702,614,699,96,25,0.472,flipped,auto
Ca,Ca08,22,390.041,390,448,592,603,688,99,24,0.416,flipped,auto
Ca,Ca08,23,378y,378,432,480,604,685,46,8,0.528,flipped,auto
Ca,Ca08,24,041,041,308,458,597,685,141,25,0.426,flipped,auto
Ca,Ca08,25,670,670,215,340,577,655,116,21,0.385,flipped,auto
Ca,Ca08,26,008.078.711,008,202,251,578,652,49,8,0.246,flipped,auto
Ca,Ca08,27,280,280,116,224,570,648,67,18,0.144,flipped,auto
Ca,Ca08,28,385y,385,35,131,570,651,45,16,0.349,flipped,auto
Ca,Ca08,29,385,385,0,87,597,646,0,16,0.225,flipped,auto
Ca,Ca10,0,002,002,1326,1361,427,502,35,7,0.596,flipped,auto
Ca,Ca10,1,002,002,1290,1333,400,475,35,8,0.478,flipped,auto
Ca,Ca10,2,052x.073f,052,1226,1344,402,477,98,22,0.331,flipped,auto
Ca,Ca10,3,384.002,384,1091,1246,428,509,96,29,0.422,flipped,auto
Ca,Ca10,4,481.002,481,921,1141,406,487,105,41,0.384,flipped,auto
Ca,Ca10,5,073f?,073,922,954,411,489,32,6,0.554,flipped,auto
Ca,Ca10,6,070,070,853,933,404,485,73,15,0.614,flipped,auto
Ca,Ca10,7,760,760,764,887,403,487,82,23,0.52,flipped,auto
Ca,Ca10,8,040,040,745,788,398,473,31,8,0.551,flipped,auto
Ca,Ca10,9,006,006,701,749,394,472,45,9,0.557,flipped,auto
Ca,Ca10,10,400,400,637,718,397,475,70,15,0.455,flipped,auto
Ca,Ca10,11,047,047,594,653,403,481,44,11,0.525,flipped,auto
Ca,Ca10,12,072.002,072,491,619,372,453,74,24,0.329,flipped,auto
Ca,Ca10,13,072.002,072,393,522,384,462,109,24,0.27,flipped,auto
Ca,Ca10,14,010f.070,010,281,399,376,457,74,22,0.385,flipped,auto
Ca,Ca10,15,760,760,189,312,361,442,92,23,0.356,flipped,auto
Ca,Ca10,16,040,040,170,213,360,438,38,8,0.614,flipped,auto
Ca,Ca10,17,006,006,117,176,363,441,50,11,0.613,flipped,auto
Ca,Ca10,18,400,400,38,140,362,443,0,19,0.063,flipped,auto
Ca,Ca10,19,002,002,2,61,361,439,0,11,0.059,flipped,auto
Ca,Ca10,20,002,002,0,12,391,412,0,12,-1.0,flipped,auto
Ca,Ca10,21,010f.070,010,0,-31,359,440,0,23,-1.0,flipped,auto
Ca,Ca10,22,760,760,0,-56,364,439,0,21,0.517,flipped,auto
Ca,Ca10,23,040,040,0,-149,370,458,0,9,0.478,flipped,auto
Ca,Ca10,24,006,006,0,-190,363,447,0,12,0.552,flipped,auto
Ca,Ca10,25,430,430,0,-236,392,477,0,16,0.361,flipped,auto
Ca,Ca10,26,047,047,0,-295,411,496,0,18,0.54,flipped,auto
Ca,Ca10,27,002,002,0,-375,414,495,0,8,0.653,flipped,auto
Ca,Ca10,28,290,290,0,-399,413,498,0,21,0.526,flipped,auto
Ca,Ca11,0,002,002,112,163,261,339,32,10,0.44,upright,auto
Ca,Ca11,1,002,002,155,219,259,334,46,12,0.327,upright,auto
Ca,Ca11,2,290,290,193,302,275,356,73,21,0.347,upright,auto
Ca,Ca11,3,010f.070,010,288,403,284,369,74,22,0.321,upright,auto
Ca,Ca11,4,760,760,355,464,286,368,77,21,0.45,upright,auto
Ca,Ca11,5,040,040,439,482,291,376,36,8,0.579,upright,auto
Ca,Ca11,6,006,006,481,529,292,370,37,9,0.502,upright,auto
Ca,Ca11,7,400,400,504,608,287,375,78,20,0.447,upright,auto
Ca,Ca11,8,047,047,587,654,295,377,53,13,0.592,upright,auto
Ca,Ca11,9,002,002,632,688,293,371,45,11,0.676,upright,auto
Ca,Ca11,10,002,002,682,717,294,372,30,7,0.762,upright,auto
Ca,Ca11,11,002,002,714,775,291,372,46,12,0.643,upright,auto
Ca,Ca11,12,290,290,752,856,292,377,84,20,0.516,upright,auto
Ca,Ca11,13,002,002,864,920,300,382,28,11,0.53,upright,auto
Ca,Ca11,14,010f.070,010,875,990,305,386,91,22,0.457,upright,auto
Ca,Ca11,15,760,760,957,1077,300,384,76,23,0.472,upright,auto
Ca,Ca11,16,040,040,1047,1092,300,385,37,9,0.67,upright,auto
Ca,Ca11,17,006,006,1092,1143,308,389,44,10,0.637,upright,auto
Ca,Ca11,18,430,430,1135,1199,309,393,62,12,0.594,upright,auto
Ca,Ca11,19,047,047,1191,1258,309,387,50,13,0.562,upright,auto
Ca,Ca11,20,002,002,1244,1308,307,385,49,12,0.565,upright,auto
Ca,Ca11,21,004,004,1303,1338,300,378,34,7,0.429,upright,auto
Ca,Ca11,22,760,760,1312,1437,298,382,44,24,0.473,upright,auto
Ca,Ca11,23,002,002,1408,1464,298,383,48,11,0.663,upright,auto
Ca,Ca11,24,002,002,1455,1490,299,380,35,7,0.723,upright,auto
Ca,Ca11,25,004,004,1474,1509,295,377,35,7,0.644,upright,auto
Ca,Ca11,26,760,760,1507,1616,306,391,75,21,0.438,upright,auto
Ca,Ca11,27,002,002,1594,1658,310,394,45,12,0.628,upright,auto
Ca,Ca11,28,002,002,1648,1686,310,391,29,7,0.767,upright,auto
Ca,Ca11,29,002,002,1677,1720,307,388,30,8,0.575,upright,auto
Ca,Ca11,30,004.763,004,1688,1850,280,365,72,31,0.248,upright,auto
Ca,Ca11,31,002,002,1848,1896,297,382,43,9,0.431,upright,auto
Ca,Ca11,32,010f.070,010,1852,1967,301,385,114,22,0.299,upright,auto
Ca,Ca12,0,760,760,1868,1986,216,301,92,22,0.615,flipped,auto
Ca,Ca12,1,040,040,1854,1889,212,297,33,7,0.583,flipped,auto
Ca,Ca12,2,006,006,1798,1857,215,296,48,11,0.57,flipped,auto
Ca,Ca12,3,430y,430,1734,1814,214,299,58,15,0.506,flipped,auto
Ca,Ca12,4,047,047,1699,1748,207,292,35,9,0.448,flipped,auto
Ca,Ca12,5,222,222,1578,1718,203,287,95,26,0.567,flipped,auto
Ca,Ca12,6,002,002,1537,1607,212,273,51,13,0.655,flipped,auto
Ca,Ca12,7,047,047,1480,1550,198,282,54,13,0.508,flipped,auto
Ca,Ca12,8,060,060,1457,1489,194,275,29,6,0.637,flipped,auto
Ca,Ca12,9,010.008,010,1337,1471,203,285,108,25,0.602,flipped,auto
Ca,Ca12,10,326,326,1247,1376,202,287,100,24,0.545,flipped,auto
Ca,Ca12,11,275.008,275,1089,1292,205,289,149,38,0.376,flipped,auto
Ca,Ca12,12,060,060,1070,1102,204,285,19,6,0.511,flipped,auto
Ca,Ca12,13,070,070,1012,1087,203,288,61,14,0.53,flipped,auto
Ca,Ca12,14,050,050,973,1021,203,284,35,9,0.434,flipped,auto
Ca,Ca12,15,060,060,937,980,203,284,36,8,0.469,flipped,auto
Ca,Ca12,16,028,028,867,942,205,290,48,14,0.501,flipped,auto
Ca,Ca12,17,060,060,840,878,202,286,36,7,0.508,flipped,auto
Ca,Ca12,18,383.094b,383,663,877,198,282,140,40,0.262,flipped,auto
Ca,Ca12,19,481,481,584,734,193,282,104,28,0.364,flipped,auto
Ca,Ca12,20,067,067,550,614,190,274,51,12,0.504,flipped,auto
Ca,Ca12,21,002,002,506,554,206,271,44,9,0.525,flipped,auto
Ca,Ca12,22,041,041,472,507,192,277,32,7,0.508,flipped,auto
Ca,Ca12,23,020f,020,419,478,199,280,46,11,0.425,flipped,auto
Ca,Ca12,24,060,060,383,421,199,283,35,7,0.451,flipped,auto
Ca,Ca12,25,067.075,067,300,386,198,280,61,16,0.511,flipped,auto
Ca,Ca12,26,067.064?,067,221,334,205,286,76,21,0.318,flipped,auto
Ca,Ca12,27,545,545,204,284,178,266,74,15,0.246,flipped,auto
Ca,Ca13,0,049.006,049,184,430,116,200,177,51,0.227,upright,auto
Ca,Ca13,1,049.006,049,369,499,111,196,121,27,0.31,upright,auto
Ca,Ca13,2,670,670,451,614,119,204,95,34,0.336,upright,auto
Ca,Ca13,3,306.003,306,560,720,117,202,153,33,0.286,upright,auto
Ca,Ca13,4,226.003,226,672,801,112,197,129,27,0.346,upright,auto
Ca,Ca13,5,206s,206,760,885,113,198,125,26,0.453,upright,auto
Ca,Ca13,6,607,607,836,1039,115,203,140,42,0.464,upright,auto
Ca,Ca13,7,486.108,486,990,1104,113,198,114,24,0.46,upright,auto
Ca,Ca13,8,069.107,069,1085,1123,111,199,27,8,0.66,upright,auto
Ca,Ca13,9,046,046,1073,1342,112,200,204,56,0.519,upright,auto
Ca,Ca13,10,200.200.200.022f?,200,1288,1326,117,198,22,8,0.569,upright,auto
Ca,Ca13,11,003.084.003,003,1305,1445,111,196,95,29,0.594,upright,auto
Ca,Ca13,12,207.003,207,1412,1557,113,197,116,30,0.461,upright,auto
Ca,Ca13,13,085.010f,085,1515,1602,107,192,67,18,0.445,upright,auto
Ca,Ca13,14,067,067,1586,1634,89,172,41,10,0.401,upright,auto
Ca,Ca13,15,060,060,1636,1675,122,207,33,8,0.419,upright,auto
Ca,Ca13,16,200.000!,200,1650,1797,123,208,127,31,0.258,upright,auto
Ca,Ca13,17,520f,520,1762,1858,128,212,81,20,0.359,upright,auto
Ca,Ca13,18,088,088,1849,1898,132,200,35,10,0.453,upright,auto
Cb,Cb02,0,280,280,359,463,232,312,63,21,0.392,upright,auto
Cb,Cb02,1,005,005,489,548,210,307,44,12,0.286,upright,auto
Cb,Cb02,2,280.003,280,485,630,160,261,89,29,0.267,upright,auto
Cb,Cb02,3,053,053,577,611,178,275,21,7,0.539,upright,auto
Cb,Cb02,4,207,207,589,703,178,274,70,23,0.441,upright,auto
Cb,Cb02,5,020f,020,710,759,176,273,32,10,0.555,upright,auto
Cb,Cb02,6,041,041,771,810,177,273,25,8,0.461,upright,auto
Cb,Cb02,7,380.001,380,754,868,168,268,78,23,0.351,upright,auto
Cb,Cb02,8,067.010f,067,858,951,173,274,62,19,0.335,upright,auto
Cb,Cb02,9,067,067,928,977,196,288,30,10,0.245,upright,auto
Cb,Cb02,10,730,730,965,1045,180,276,57,16,0.419,upright,auto
Cb,Cb02,11,670,670,1018,1137,169,270,77,24,0.198,upright,auto
Cb,Cb02,12,001,001,1117,1141,185,286,22,5,0.448,upright,auto
Cb,Cb02,13,631,631,1127,1215,141,246,62,18,0.292,upright,auto
Cb,Cb02,14,571,571,1227,1271,128,229,26,9,0.625,upright,auto
Cb,Cb02,15,700,700,1274,1333,128,229,33,12,0.736,upright,auto
Cb,Cb02,16,380.001,380,1337,1446,123,223,71,22,0.693,upright,auto
Cb,Cb02,17,600.064,600,1441,1575,127,220,95,27,0.451,upright,auto
Cb,Cb02,18,400,400,1550,1641,135,217,53,18,0.494,upright,auto
Cb,Cb02,19,064,064,1627,1661,135,221,26,7,0.339,upright,auto
Cb,Cb02,20,660y,660,1618,1698,135,225,57,16,0.273,upright,auto
Cb,Cb02,21,064h,064,1640,1800,176,235,90,32,0.291,upright,auto
Cb,Cb02,22,660,660,1756,1852,110,211,61,19,0.255,upright,auto
Cb,Cb02,23,380.001,380,1806,1855,114,219,26,10,0.209,upright,auto
Cb,Cb02,24,370,370,1834,1883,111,212,21,10,0.073,upright,auto
Cb,Cb02,25,379.013,379,1864,2003,105,210,81,28,0.125,upright,auto
Cb,Cb02,26,379.013,379,1960,2104,101,202,78,29,0.054,upright,auto
Cb,Cb03,0,001?.006,001,1137,1401,284,385,168,41,0.305,flipped,auto
Cb,Cb03,1,380.001,380,1048,1203,289,385,80,24,0.079,flipped,auto
Cb,Cb03,2,001.072,001,955,1070,293,389,68,18,0.353,flipped,auto
Cb,Cb03,3,077,077,938,970,293,385,23,5,0.499,flipped,auto
Cb,Cb03,4,027.711,027,823,952,293,393,87,20,0.503,flipped,auto
Cb,Cb03,5,380.001,380,677,812,293,389,87,21,0.514,flipped,auto
Cb,Cb03,6,003.254,003,539,764,301,397,145,35,0.416,flipped,auto
Cb,Cb03,7,010?.430,010,409,556,313,410,94,23,0.299,flipped,auto
Cb,Cb03,8,254,254,288,455,333,410,90,26,0.254,flipped,auto
Cb,Cb03,9,097a,097,267,370,333,414,68,16,0.279,flipped,auto
Cb,Cb03,10,001,001,228,260,325,393,15,5,0.311,flipped,auto
Cb,Cb03,11,380.001,380,103,244,321,369,75,22,0.096,flipped,auto
Cb,Cb03,12,607,607,1,148,301,397,0,23,0.097,flipped,auto
Cb,Cb03,13,255,255,0,55,301,397,0,29,-1.0,flipped,auto
Cb,Cb03,14,380.001,380,0,-64,309,405,0,21,0.462,flipped,auto
Cb,Cb03,15,001.062f,001,0,-171,297,393,0,16,0.463,flipped,auto
Cb,Cb03,16,001.008,001,0,-249,333,426,0,18,0.466,flipped,auto
Cb,Cb03,17,001.062f,001,0,-338,333,426,0,14,0.526,flipped,auto
Cb,Cb03,18,001.062fx,001,0,-413,293,381,0,16,0.599,flipped,auto
Cb,Cb03,19,380.001,380,0,-485,305,405,0,23,0.473,flipped,auto
Cb,Cb03,20,607,607,0,-577,301,405,0,30,0.475,flipped,auto
Cb,Cb03,21,001.607,001,0,-713,280,385,0,35,0.53,flipped,auto
Cb,Cb04,0,607,607,0,-50,447,548,0,24,0.476,upright,auto
Cb,Cb04,1,380.001,380,0,28,444,545,0,21,-1.0,upright,auto
Cb,Cb04,2,090,090,11,75,446,543,0,12,0.169,upright,auto
Cb,Cb04,3,001,001,77,96,450,509,6,4,0.395,upright,auto
Cb,Cb04,4,007,007,58,130,450,504,16,14,0.222,upright,auto
Cb,Cb04,5,053,053,125,157,450,503,19,6,0.112,upright,auto
Cb,Cb04,6,380.001,380,181,213,410,482,18,6,0.289,upright,auto
Cb,Cb04,7,605.700x,605,203,315,434,516,69,21,0.265,upright,auto
Cb,Cb04,8,605.700x,605,271,431,434,513,99,30,0.223,upright,auto
Cb,Cb04,9,605.700x,605,346,506,438,538,98,30,0.509,upright,auto
Cb,Cb04,10,670,670,465,647,418,515,114,34,0.43,upright,auto
Cb,Cb04,11,380.001,380,613,731,407,508,73,22,0.479,upright,auto
Cb,Cb04,12,660.005,660,700,818,392,493,79,22,0.225,upright,auto
Cb,Cb04,13,064h,064,777,932,393,494,102,29,0.227,upright,auto
Cb,Cb04,14,660.005,660,849,924,411,504,47,14,0.343,upright,auto
Cb,Cb04,15,064h,064,849,978,405,498,86,24,0.344,upright,auto
Cb,Cb04,16,660.005,660,913,1092,402,495,107,34,0.308,upright,auto
Cb,Cb04,17,380.001,380,1080,1200,403,500,76,23,0.326,upright,auto
Cb,Cb04,18,040,040,1199,1231,409,502,27,6,0.511,upright,auto
Cb,Cb04,19,040,040,1228,1266,412,505,25,7,0.498,upright,auto
Cb,Cb04,20,095:042,095,1280,1371,435,528,60,17,0.298,upright,auto
Cb,Cb04,21,056,056,1362,1426,421,522,36,12,0.328,upright,auto
Cb,Cb04,22,430,430,1408,1494,419,516,58,16,0.377,upright,auto
Cb,Cb04,23,245?,245,1455,1610,437,509,100,29,0.252,upright,auto
Cb,Cb04,24,003.255?.003,003,1547,1694,413,514,96,28,0.392,upright,auto
Cb,Cb05,0,009,009,1470,1578,532,629,76,17,0.494,flipped,auto
Cb,Cb05,1,431.009,431,1322,1543,534,634,144,35,0.339,flipped,auto
Cb,Cb05,2,190.003,190,1209,1393,532,633,126,29,0.28,flipped,auto
Cb,Cb05,3,665.052,665,1051,1223,528,624,113,27,0.332,flipped,auto
Cb,Cb05,4,094a,094,1009,1111,521,619,68,16,0.442,flipped,auto
Cb,Cb05,5,081,081,953,1035,525,619,54,13,0.585,flipped,auto
Cb,Cb05,6,003.354.003,003,773,1003,516,621,137,36,0.583,flipped,auto
Cb,Cb05,7,065,065,769,812,521,618,32,7,0.536,flipped,auto
Cb,Cb05,8,680,680,649,841,522,623,114,30,0.479,flipped,auto
Cb,Cb05,9,095,095,594,696,524,621,68,16,0.59,flipped,auto
Cb,Cb05,10,003.523.004,003,429,650,528,633,147,35,0.47,flipped,auto
Cb,Cb05,11,005,005,396,472,520,621,45,12,0.333,flipped,auto
Cb,Cb05,12,430,430,323,425,540,645,64,16,0.306,flipped,auto
Cb,Cb05,13,002,002,277,332,547,640,45,9,0.381,flipped,auto
Cb,Cb05,14,001,001,251,275,551,640,19,4,0.508,flipped,auto
Cb,Cb05,15,290,290,146,260,555,631,65,18,0.284,flipped,auto
Cb,Cb05,16,216.000!,216,0,202,551,599,84,36,0.245,flipped,auto
Cb,Cb05,17,290.073,290,0,33,532,633,0,29,-1.0,flipped,auto
Cb,Cb05,18,061.024.061,061,0,-114,546,647,0,25,0.508,flipped,auto
Cb,Cb05,19,006.074f,006,0,-239,566,654,0,18,0.545,flipped,auto
Cb,Cb05,20,523f,523,0,-316,572,669,0,21,0.544,flipped,auto
Cb,Cb05,21,522f,522,0,-421,588,676,0,15,0.503,flipped,auto
Cb,Cb06,0,027,027,220,296,652,748,45,12,0.384,upright,auto
Cb,Cb06,1,400,400,283,391,644,744,70,17,0.36,upright,auto
Cb,Cb06,2,360y,360,368,471,648,740,64,16,0.223,upright,auto
Cb,Cb06,3,360y,360,443,558,648,736,74,18,0.198,upright,auto
Cb,Cb06,4,041,041,497,556,680,777,40,9,0.26,upright,auto
Cb,Cb06,5,091,091,546,628,676,777,48,13,0.485,upright,auto
Cb,Cb06,6,017,017,617,662,676,777,40,7,0.314,upright,auto
Cb,Cb06,7,022?,022,619,652,660,761,29,5,0.249,upright,auto
Cb,Cb06,8,006V,006,650,714,652,744,35,10,0.341,upright,auto
Cb,Cb06,9,381,381,718,827,623,724,74,17,0.257,upright,auto
Cb,Cb06,10,004,004,800,838,631,728,31,6,0.486,upright,auto
Cb,Cb06,11,066,066,835,900,631,732,45,10,0.578,upright,auto
Cb,Cb06,12,760.004,760,867,1046,623,724,115,28,0.413,upright,auto
Cb,Cb06,13,066,066,961,1347,623,724,246,60,0.135,upright,auto
Cb,Cb06,14,281,281,1305,1402,640,736,64,15,0.545,upright,auto
Cb,Cb06,15,281,281,1393,1431,636,732,25,6,0.687,upright,auto
Cb,Cb06,16,381,381,1423,1494,640,736,47,11,0.517,upright,auto
Cb,Cb06,17,004,004,1474,1641,640,736,107,26,0.347,upright,auto
Cb,Cb06,18,066,066,1621,1671,640,736,36,8,0.546,upright,auto
Cb,Cb06,19,760.004,760,1674,1724,644,740,29,8,0.518,upright,auto
Cb,Cb06,20,017,017,1712,1794,672,773,43,13,0.361,upright,auto
Cb,Cb06,21,006V,006,1779,1824,672,773,34,7,0.386,upright,auto
Cb,Cb06,22,381f,381,1829,2040,664,736,137,33,0.253,upright,auto
Cb,Cb06,23,066,066,2036,2092,640,720,35,9,0.267,upright,auto
Cb,Cb06,24,760,760,2063,2210,672,777,95,23,0.35,upright,auto
Cb,Cb06,25,004,004,2184,2222,672,777,13,6,0.451,upright,auto
Cb,Cb06,26,030b,030,2204,2351,676,744,60,23,0.427,upright,auto
Cb,Cb06,27,381,381,2329,2432,668,773,67,16,0.103,upright,auto
Cb,Cb06,28,011,011,2388,2438,660,740,20,8,0.3,upright,auto
Cb,Cb07,0,004,004,2426,2475,797,832,0,6,0.348,flipped,auto
Cb,Cb07,1,760,760,2269,2441,751,809,116,21,0.313,flipped,auto
Cb,Cb07,2,066,066,2253,2325,742,809,49,9,0.27,flipped,auto
Cb,Cb07,3,004.607,004,2026,2305,781,878,173,34,0.46,flipped,auto
Cb,Cb07,4,066,066,1871,2143,773,874,165,33,0.463,flipped,auto
Cb,Cb07,5,760,760,1826,1875,753,846,41,6,0.412,flipped,auto
Cb,Cb07,6,004,004,1666,1880,762,859,134,26,0.316,flipped,auto
Cb,Cb07,7,608y,608,1627,1676,747,844,33,6,0.435,flipped,auto
Cb,Cb07,8,004,004,1469,1642,769,866,112,21,0.298,flipped,auto
Cb,Cb07,9,760.004,760,1466,1515,751,844,27,6,0.454,flipped,auto
Cb,Cb07,10,002,002,1396,1461,762,855,39,8,0.576,flipped,auto
Cb,Cb07,11,095,095,1240,1438,756,852,125,24,0.542,flipped,auto
Cb,Cb07,12,066,066,1060,1265,750,850,130,25,0.37,flipped,auto
Cb,Cb07,13,760,760,1065,1114,744,837,24,6,0.471,flipped,auto
Cb,Cb07,14,004,004,985,1083,732,828,62,12,0.513,flipped,auto
Cb,Cb07,15,027,027,973,1029,735,828,39,7,0.506,flipped,auto
Cb,Cb07,16,066V,066,874,988,731,823,73,14,0.414,flipped,auto
Cb,Cb07,17,004.002,004,768,859,746,847,47,11,0.664,flipped,auto
Cb,Cb07,18,086,086,738,787,754,847,36,6,0.498,flipped,auto
Cb,Cb07,19,066V,066,577,740,759,847,106,20,0.496,flipped,auto
Cb,Cb07,20,760,760,570,609,747,835,23,5,0.54,flipped,auto
Cb,Cb07,21,004,004,396,578,743,840,119,22,0.358,flipped,auto
Cb,Cb07,22,275,275,224,487,753,849,163,32,0.481,flipped,auto
Cb,Cb07,23,296.003,296,213,245,775,855,23,4,0.601,flipped,auto
Cb,Cb07,24,086,086,71,227,768,853,104,19,0.251,flipped,auto
Cb,Cb07,25,390.008,390,8,115,782,853,30,13,0.083,flipped,auto
Cb,Cb07,26,300,300,0,42,772,872,0,20,-1.0,flipped,auto
Cb,Cb08,0,008,008,0,-846,1068,1148,0,12,0.623,upright,auto
Cb,Cb08,1,008,008,0,-772,1015,1104,0,14,0.541,upright,auto
Cb,Cb08,2,465.009,465,0,-572,1004,1105,0,38,0.4,upright,auto
Cb,Cb08,3,004,004,0,-578,984,1077,0,6,0.493,upright,auto
Cb,Cb08,4,760,760,0,-473,976,1073,0,17,0.523,upright,auto
Cb,Cb08,5,086,086,0,-415,963,1011,0,12,0.472,upright,auto
Cb,Cb08,6,248,248,0,-257,983,1080,0,30,0.431,upright,auto
Cb,Cb08,7,020V,020,0,-216,1015,1108,0,11,0.553,upright,auto
Cb,Cb08,8,004.003,004,0,-148,999,1096,0,11,0.482,upright,auto
Cb,Cb08,9,004.003,004,0,-79,999,1096,0,12,0.538,upright,auto
Cb,Cb08,10,671.003,671,0,86,990,1087,0,31,-1.0,upright,auto
Cb,Cb08,11,099,099,44,76,973,1057,0,5,0.435,upright,auto
Cb,Cb08,12,004,004,68,164,995,1063,60,15,0.196,upright,auto
Cb,Cb08,13,002,002,148,180,963,1064,26,5,0.419,upright,auto
Cb,Cb08,14,004,004,165,235,961,1054,42,11,0.338,upright,auto
Cb,Cb08,15,002,002,195,233,947,1044,29,6,0.328,upright,auto
Cb,Cb08,16,070,070,266,310,918,1015,34,7,0.412,upright,auto
Cb,Cb08,17,095,095,292,388,906,1007,60,15,0.543,upright,auto
Cb,Cb08,18,001?,001,365,458,910,1006,57,15,0.554,upright,auto
Cb,Cb08,19,095,095,422,568,903,1000,94,23,0.166,upright,auto
Cb,Cb08,20,205,205,522,668,871,968,95,23,0.527,upright,auto
Cb,Cb08,21,002.010,002,631,707,867,964,53,12,0.678,upright,auto
Cb,Cb08,22,205,205,704,754,868,952,29,8,0.671,upright,auto
Cb,Cb08,23,001t,001,682,828,860,960,93,23,0.25,upright,auto
Cb,Cb08,24,002,002,820,870,856,949,35,8,0.386,upright,auto
Cb,Cb08,25,700,700,856,944,854,950,55,14,0.367,upright,auto
Cb,Cb08,26,069,069,944,988,837,934,39,7,0.374,upright,auto
Cb,Cb08,27,006.074f,006,977,1079,850,935,69,16,0.261,upright,auto
Cb,Cb08,28,755,755,1077,1159,841,938,56,13,0.324,upright,auto
Cb,Cb08,29,700,700,1166,1222,834,927,34,9,0.325,upright,auto
Cb,Cb09,1,302,302,2420,2504,984,1089,0,74,-1.0,flipped,auto
Cb,Cb09,2,040,040,2453,2501,1031,1055,0,7,0.0,flipped,auto
Cb,Cb09,3,302,302,2408,2448,988,1067,14,6,0.025,flipped,auto
Cb,Cb09,4,007,007,2213,2437,976,1077,145,33,0.4,flipped,auto
Cb,Cb09,5,002,002,2213,2258,966,1049,27,7,0.444,flipped,auto
Cb,Cb09,6,044?,044,2059,2242,976,1085,117,27,0.413,flipped,auto
Cb,Cb09,7,660,660,2037,2091,981,1085,39,8,0.501,flipped,auto
Cb,Cb09,8,077,077,1915,2056,977,1086,91,21,0.364,flipped,auto
Cb,Cb09,9,077,077,1734,1923,997,1098,120,28,0.291,flipped,auto
Cb,Cb09,10,002.000!,002,1681,1768,985,1082,61,13,0.523,flipped,auto
Cb,Cb09,11,002,002,1652,1692,989,1086,31,6,0.347,flipped,auto
Cb,Cb09,12,060,060,1637,1682,993,1094,39,7,0.42,flipped,auto
Cb,Cb09,13,002,002,1554,1599,993,1090,27,7,0.453,flipped,auto
Cb,Cb09,14,060,060,1499,1544,997,1098,29,7,0.507,flipped,auto
Cb,Cb09,15,002,002,1446,1500,997,1094,46,8,0.163,flipped,auto
Cb,Cb09,16,060,060,1341,1456,993,1102,81,17,0.149,flipped,auto
Cb,Cb09,17,730,730,1309,1348,1002,1106,34,6,0.375,flipped,auto
Cb,Cb09,18,002,002,1202,1316,994,1098,85,17,0.381,flipped,auto
Cb,Cb09,19,010.002.069,010,1110,1238,994,1095,82,19,0.5,flipped,auto
Cb,Cb09,20,002,002,1046,1133,994,1091,43,13,0.323,flipped,auto
Cb,Cb09,21,005,005,1033,1093,986,1087,47,9,0.46,flipped,auto
Cb,Cb09,22,002,002,895,1077,982,1087,115,27,0.432,flipped,auto
Cb,Cb09,23,208,208,800,928,970,1051,75,19,0.458,flipped,auto
Cb,Cb09,24,546,546,638,841,986,1095,140,30,0.353,flipped,auto
Cb,Cb09,25,410,410,615,669,998,1095,44,8,0.449,flipped,auto
Cb,Cb09,26,095,095,539,659,990,1091,81,18,0.338,flipped,auto
Cb,Cb09,27,095.095,095,469,571,1019,1120,70,15,0.528,flipped,auto
Cb,Cb09,28,445.002?,445,437,485,1023,1120,33,7,0.661,flipped,auto
Cb,Cb11,1,099,099,2433,2504,1221,1317,0,27,-1.0,flipped,auto
Cb,Cb11,2,004,004,2325,2434,1221,1285,70,17,0.206,flipped,auto
Cb,Cb11,3,002,002,2277,2316,1188,1285,30,6,0.495,flipped,auto
Cb,Cb11,4,004,004,2237,2275,1184,1281,27,6,0.345,flipped,auto
Cb,Cb11,5,002,002,2183,2227,1196,1293,24,7,0.517,flipped,auto
Cb,Cb11,6,001,001,2180,2218,1225,1321,32,6,0.618,flipped,auto
Cb,Cb11,7,001,001,2135,2173,1217,1313,26,6,0.667,flipped,auto
Cb,Cb11,8,006.010.078,006,2095,2133,1217,1309,38,6,0.573,flipped,auto
Cb,Cb11,9,211,211,1978,2160,1204,1301,128,28,0.352,flipped,auto
Cb,Cb11,10,070,070,1860,2022,1221,1321,112,25,0.284,flipped,auto
Cb,Cb11,11,401y,401,1800,1891,1221,1317,63,14,0.441,flipped,auto
Cb,Cb11,12,040,040,1670,1831,1208,1309,104,25,0.334,flipped,auto
Cb,Cb11,13,522f,522,1601,1657,1221,1321,42,9,0.442,flipped,auto
Cb,Cb11,14,762,762,1306,1661,1221,1325,234,55,0.439,flipped,auto
Cb,Cb11,15,761,761,1237,1413,1221,1325,118,27,0.521,flipped,auto
Cb,Cb11,16,557,557,1115,1335,1229,1333,149,34,0.325,flipped,auto
Cb,Cb11,17,001h,001,1109,1147,1217,1309,37,6,0.342,flipped,auto
Cb,Cb11,18,556,556,917,1137,1208,1309,139,34,0.356,flipped,auto
Cb,Cb11,19,001h,001,880,951,1208,1305,44,11,0.404,flipped,auto
Cb,Cb11,20,700,700,718,918,1217,1313,136,31,0.239,flipped,auto
Cb,Cb11,21,215,215,712,750,1229,1325,33,6,0.393,flipped,auto
Cb,Cb11,22,003.000!.003,003,683,742,1229,1317,31,9,0.41,flipped,auto
Cb,Cb11,23,002.062,002,578,701,1237,1338,85,19,0.471,flipped,auto
Cb,Cb11,24,420y,420,536,601,1237,1338,45,10,0.36,flipped,auto
Cb,Cb11,25,254,254,348,574,1237,1338,152,35,0.193,flipped,auto
Cb,Cb11,26,007,007,304,395,1225,1297,68,14,0.262,flipped,auto
Cb,Cb12,0,095:060,095,424,496,1356,1449,54,15,0.303,upright,auto
Cb,Cb12,1,053,053,477,528,1359,1456,29,11,0.456,upright,auto
Cb,Cb12,2,700,700,525,591,1359,1456,45,14,0.449,upright,auto
Cb,Cb12,3,001.062,001,596,673,1354,1455,53,16,0.4,upright,auto
Cb,Cb12,4,003.070,003,671,794,1353,1450,74,25,0.312,upright,auto
Cb,Cb12,5,060,060,741,919,1356,1461,114,37,0.317,upright,auto
Cb,Cb12,6,460,460,902,1057,1350,1451,106,32,0.35,upright,auto
Cb,Cb12,7,247,247,998,1197,1345,1446,125,41,0.359,upright,auto
Cb,Cb12,8,005.244,005,1120,1398,1343,1448,178,57,0.314,upright,auto
Cb,Cb12,9,730.069,730,1329,1469,1354,1454,93,29,0.267,upright,auto
Cb,Cb12,10,003.215,003,1430,1542,1356,1457,81,23,0.302,upright,auto
Cb,Cb12,11,004.400,004,1522,1566,1368,1453,31,9,0.102,upright,auto
Cb,Cb12,12,040.003,040,1510,1549,1355,1456,35,8,0.291,upright,auto
Cb,Cb12,13,003.050,003,1489,1644,1350,1451,105,32,0.216,upright,auto
Cb,Cb12,14,670.003,670,1610,1687,1341,1442,58,16,0.277,upright,auto
Cb,Cb12,15,099,099,1705,1772,1341,1446,46,14,0.364,upright,auto
Cb,Cb12,16,007,007,1805,1859,1348,1449,44,11,0.353,upright,auto
Cb,Cb12,17,067,067,1862,1900,1352,1457,23,8,0.47,upright,auto
Cb,Cb12,18,022f,022,1905,1928,1359,1456,13,5,0.365,upright,auto
Cb,Cb12,19,022,022,1899,1947,1343,1440,42,10,0.409,upright,auto
Cb,Cb12,20,700,700,1960,1998,1338,1435,27,8,0.513,upright,auto
Cb,Cb12,21,020,020,1960,2042,1334,1430,53,17,0.482,upright,auto
Cb,Cb12,22,037.086,037,2053,2135,1329,1422,60,17,0.32,upright,auto
Cb,Cb12,23,522f,522,2092,2168,1336,1433,49,16,0.408,upright,auto
Cb,Cb13,0,522f,522,1821,1972,1464,1565,95,26,0.381,flipped,auto
Cb,Cb13,1,022,022,1797,1837,1458,1554,27,7,0.461,flipped,auto
Cb,Cb13,2,700,700,1736,1806,1455,1555,46,12,0.499,flipped,auto
Cb,Cb13,3,020,020,1698,1738,1456,1552,29,7,0.511,flipped,auto
Cb,Cb13,4,001,001,1660,1688,1485,1578,28,5,0.498,flipped,auto
Cb,Cb13,5,086,086,1634,1704,1482,1583,45,12,0.455,flipped,auto
Cb,Cb13,6,522f,522,1511,1656,1476,1576,100,25,0.472,flipped,auto
Cb,Cb13,7,440,440,1466,1536,1465,1566,59,12,0.391,flipped,auto
Cb,Cb13,8,086,086,1395,1465,1450,1551,47,12,0.331,flipped,auto
Cb,Cb13,9,019,019,1339,1390,1487,1592,43,9,0.239,flipped,auto
Cb,Cb13,10,086,086,1268,1343,1501,1606,52,13,0.245,flipped,auto
Cb,Cb13,11,522f,522,1186,1301,1502,1607,74,20,0.326,flipped,auto
Cb,Cb13,12,007,007,1133,1220,1480,1580,62,15,0.521,flipped,auto
Cb,Cb13,13,020,020,1090,1154,1465,1561,39,11,0.35,flipped,auto
Cb,Cb13,14,670,670,900,1084,1483,1580,125,32,0.283,flipped,auto
Cb,Cb13,15,040,040,915,955,1476,1573,29,7,0.33,flipped,auto
Cb,Cb13,16,040,040,862,907,1493,1590,32,8,0.348,flipped,auto
Cb,Cb13,17,040,040,862,907,1486,1583,32,8,0.308,flipped,auto
Cb,Cb13,18,044?.420y,044,754,869,1468,1572,82,20,0.345,flipped,auto
Cb,Cb13,19,022,022,702,783,1465,1566,53,14,0.268,flipped,auto
Cb,Cb13,20,050V,050,683,711,1458,1555,23,5,0.322,flipped,auto
Cb,Cb13,21,022.062.010,022,649,688,1443,1543,34,7,0.259,flipped,auto
Cb,Cb13,22,700,700,542,665,1488,1585,78,21,0.331,flipped,auto
Cb,Cb13,23,663,663,488,539,1502,1599,36,9,0.36,flipped,auto
Cb,Cb13,24,280,280,256,568,1476,1577,202,54,0.305,flipped,auto
Cb,Cb13,25,060,060,253,309,1471,1576,45,10,0.035,flipped,auto
Cb,Cb13,26,002,002,207,271,1480,1577,43,11,0.036,flipped,auto
Cb,Cb13,27,002,002,167,212,1465,1527,22,8,0.209,flipped,auto
Cb,Cb13,28,005,005,82,168,1454,1555,0,15,0.424,flipped,auto
Cb,Cb13,29,010.067,010,0,108,1452,1557,0,20,-1.0,flipped,auto
Cb,Cb13,30,067?,067,0,-1,1461,1530,0,7,-1.0,flipped,auto
Da,Da02,0,003?,003,0,-458,535,551,0,4,0.416,upright,auto
Da,Da02,1,060,060,0,-353,505,601,0,14,0.391,upright,auto
Da,Da02,2,078,078,0,-285,447,564,0,14,0.437,upright,auto
Da,Da02,3,306y,306,0,-124,459,580,0,30,0.519,upright,auto
Da,Da02,4,056,056,0,-72,463,585,0,16,-1.0,upright,auto
Da,Da02,5,656.090,656,0,265,459,585,24,66,-1.0,upright,auto
Da,Da02,6,590,590,117,264,463,585,75,23,0.338,upright,auto
Da,Da02,7,205,205,216,330,463,585,76,18,0.572,upright,auto
Da,Da02,8,678.300y.301s,678,231,558,463,547,206,51,0.279,upright,auto
Da,Da02,9,430.061.095x.003,430,441,678,467,530,144,37,0.24,upright,auto
Da,Da02,10,594,594,646,935,463,534,174,45,0.407,upright,auto
Da,Da02,11,284,284,809,1034,455,560,140,35,0.569,upright,auto
Da,Da02,12,605s,605,945,1330,434,551,166,60,0.383,upright,auto
Da,Da02,13,173,173,1279,1413,463,585,98,21,0.271,upright,auto
Da,Da02,14,006,006,1407,1478,455,560,62,11,0.588,upright,auto
Da,Da03,1,200:042.041,200,2117,2180,618,740,0,34,-1.0,flipped,auto
Da,Da03,2,610,610,1995,2155,656,782,33,24,0.308,flipped,auto
Da,Da03,3,002,002,1933,1999,660,782,54,10,0.137,flipped,auto
Da,Da03,4,200.052x,200,1749,1969,618,748,130,33,0.278,flipped,auto
Da,Da03,5,600,600,1647,1807,572,702,131,24,0.311,flipped,auto
Da,Da03,6,002,002,1589,1655,581,702,60,10,0.436,flipped,auto
Da,Da03,7,200.052x,200,1391,1623,581,706,177,35,0.329,flipped,auto
Da,Da03,8,600,600,1308,1463,589,715,102,23,0.303,flipped,auto
Da,Da03,9,460,460,1160,1347,597,719,87,28,0.36,flipped,auto
Da,Da03,10,200.052x,200,994,1241,610,740,159,37,0.464,flipped,auto
Da,Da03,11,600,600,904,1071,614,744,129,25,0.507,flipped,auto
Da,Da03,12,200.052x,200,718,959,614,744,176,36,0.335,flipped,auto
Da,Da03,13,200.052x,200,520,746,631,761,124,34,0.428,flipped,auto
Da,Da03,14,600,600,309,609,639,769,201,45,0.309,flipped,auto
Da,Da04,0,007,007,0,29,723,857,0,37,-1.0,upright,auto
Da,Da04,1,379.061,379,0,136,723,849,0,25,-1.0,upright,auto
Da,Da04,2,700,700,75,147,761,891,37,11,0.358,upright,auto
Da,Da04,3,207,207,111,325,761,886,146,32,0.372,upright,auto
Da,Da04,4,007,007,292,412,761,891,105,18,0.445,upright,auto
Da,Da04,5,002,002,408,468,769,891,44,9,0.268,upright,auto
Da,Da04,6,700,700,515,587,765,891,52,11,0.239,upright,auto
Da,Da04,7,073.064,073,581,727,765,895,102,22,0.565,upright,auto
Da,Da04,8,052.590.052,052,614,1117,769,899,372,75,0.176,upright,auto
Da,Da04,9,002:042,002,1031,1124,753,882,76,14,0.232,upright,auto
Da,Da04,10,073.006,073,1068,1229,753,874,111,24,0.36,upright,auto
Da,Da04,11,590.052,590,1175,1369,740,866,129,29,0.607,upright,auto
Da,Da04,12,204,204,1300,1521,732,857,134,33,0.56,upright,auto
Da,Da04,13,034,034,1456,1629,727,849,112,26,0.42,upright,auto
Da,Da04,14,360,360,1596,1716,723,845,106,18,0.464,upright,auto
Da,Da07,0,202?,202,2169,2180,1054,1159,0,29,-1.0,flipped,auto
Da,Da07,1,095,095,2103,2180,1059,1167,0,18,-1.0,flipped,auto
Da,Da07,2,094a,094,2028,2147,1059,1167,100,18,0.327,flipped,auto
Da,Da07,3,081,081,1962,2075,1071,1167,113,17,0.364,flipped,auto
Da,Da07,4,450,450,1886,1979,1050,1125,55,14,0.497,flipped,auto
Da,Da07,5,536?,536,1608,1956,1042,1163,348,52,0.365,flipped,auto
Da,Da07,6,739,739,1368,1675,1046,1163,307,46,0.333,flipped,auto
Da,Da07,7,061?.306y.083,061,1225,1445,1046,1159,220,33,0.445,flipped,auto
Da,Da07,8,590.063y,590,1058,1293,1029,1151,232,35,0.472,flipped,auto
Da,Da07,9,607.000!,607,912,1126,1029,1151,179,32,0.465,flipped,auto
Da,Da07,10,200.055?,200,851,943,1033,1155,92,14,0.453,flipped,auto
Da,Da07,11,739,739,710,904,1042,1159,194,29,0.447,flipped,auto
Da,Da07,12,610.052?,610,481,734,1054,1163,253,38,0.315,flipped,auto
Db,Db03,0,383,383,28,217,631,775,121,28,0.434,upright,auto
Db,Db03,1,383,383,159,347,636,775,150,28,0.51,upright,auto
Db,Db03,2,013.006.074,013,276,539,641,780,174,39,0.411,upright,auto
Db,Db03,3,001.063,001,492,639,641,771,102,22,0.465,upright,auto
Db,Db03,4,001.063,001,594,762,641,771,113,25,0.428,upright,auto
Db,Db03,5,007.003,007,735,950,627,771,152,32,0.341,upright,auto
Db,Db03,6,004.006,004,879,1035,645,785,103,23,0.247,upright,auto
Db,Db03,7,004.095?,004,1014,1181,654,794,117,25,0.401,upright,auto
Db,Db03,8,002,002,1178,1238,659,789,45,9,0.465,upright,auto
Db,Db03,9,002,002,1263,1323,641,771,56,9,0.57,upright,auto
Db,Db03,10,280?.063,280,1273,1697,641,789,281,63,0.315,upright,auto
Db,Db03,11,012,012,1623,1752,650,776,93,19,0.18,upright,auto
Db,Db03,12,093f,093,1732,1900,650,781,108,25,0.39,upright,auto
Db,Db03,13,200,200,1857,2033,641,776,104,26,0.193,upright,auto
Db,Db04,0,741,741,1666,2133,453,588,232,65,0.381,flipped,auto
Db,Db04,1,630,630,1670,1750,462,588,62,11,0.365,flipped,auto
Db,Db04,2,050,050,1598,1678,494,624,56,11,0.43,flipped,auto
Db,Db04,3,050,050,1555,1604,489,619,42,7,0.405,flipped,auto
Db,Db04,4,001,001,1297,1592,480,624,186,41,0.195,flipped,auto
Db,Db04,5,700.244,700,1072,1388,449,583,205,44,0.263,flipped,auto
Db,Db04,6,700.244,700,909,1204,431,561,195,41,0.222,flipped,auto
Db,Db04,7,240.008,240,662,951,467,601,194,40,0.28,flipped,auto
Db,Db04,8,240.008,240,670,726,467,597,48,8,0.399,flipped,auto
Db,Db04,9,022,022,591,711,467,601,89,17,0.426,flipped,auto
Db,Db04,10,007,007,450,622,462,597,109,24,0.471,flipped,auto
Db,Db04,11,600,600,262,477,440,570,135,30,0.376,flipped,auto
Db,Db04,12,007.010?,007,190,310,435,570,78,17,0.392,flipped,auto
Db,Db06,0,244?,244,1629,1933,142,272,198,39,0.427,flipped,auto
Db,Db06,1,006,006,1542,1650,133,236,80,14,0.446,flipped,auto
Db,Db06,2,009,009,1437,1577,133,241,98,18,0.376,flipped,auto
Db,Db06,3,044,044,1412,1495,138,263,58,11,0.306,flipped,auto
Db,Db06,4,608V,608,1179,1459,147,272,189,36,0.328,flipped,auto
Db,Db06,5,006,006,1125,1224,147,272,66,13,0.198,flipped,auto
Db,Db06,6,007,007,949,1095,147,277,96,19,0.349,flipped,auto
Db,Db06,7,600,600,813,1016,147,277,146,26,0.293,flipped,auto
Db,Db06,8,007,007,702,848,133,268,91,19,0.48,flipped,auto
Db,Db06,9,680,680,376,773,133,263,260,51,0.145,flipped,auto
Db,Db06,10,200,200,250,523,106,236,176,35,0.26,flipped,auto
Db,Db06,11,093f,093,169,324,133,268,97,20,0.452,flipped,auto
Db,Db06,12,009:042,009,75,206,151,272,73,17,0.322,flipped,auto
Db,Db06,13,041,041,12,88,142,254,0,10,0.229,flipped,auto
Er,Er01,0,040?,040,70,167,584,607,0,29,0.481,upright,auto
Er,Er01,1,630?,630,139,173,570,604,17,10,0.372,upright,auto
Er,Er01,2,004?,004,152,190,568,613,22,11,0.333,upright,auto
Er,Er01,3,739,739,167,260,567,621,47,28,0.458,upright,auto
Er,Er01,4,200.022,200,267,300,558,614,20,10,0.283,upright,auto
Er,Er01,5,063,063,260,364,558,615,84,31,0.316,upright,auto
Er,Er01,6,208.063y,208,333,499,579,628,105,49,0.323,upright,auto
Er,Er01,7,200.006x.063,200,450,517,584,632,41,20,0.265,upright,auto
Er,Er01,8,005.063y,005,508,610,579,636,86,30,0.36,upright,auto
Er,Er01,9,040.300,040,608,627,582,636,14,6,0.477,upright,auto
Er,Er01,10,041,041,618,688,586,638,65,21,0.502,upright,auto
Er,Er01,11,300y,300,663,788,590,638,77,37,0.491,upright,auto
Er,Er01,12,300.024,300,759,857,588,638,67,29,0.542,upright,auto
Er,Er01,13,004.430,004,823,906,589,636,55,25,0.442,upright,auto
Er,Er01,14,022.430y,022,855,1082,587,634,134,67,0.306,upright,auto
Er,Er01,15,206.063,206,1019,1111,581,636,45,27,0.47,upright,auto
Er,Er01,16,086.063,086,1097,1116,573,630,16,6,0.487,upright,auto
Er,Er01,17,722.063,722,1094,1196,576,628,61,30,0.492,upright,auto
Er,Er01,18,040,040,1160,1241,577,627,41,24,0.53,upright,auto
Er,Er01,19,300.040,300,1208,1331,578,625,72,36,0.471,upright,auto
Er,Er01,20,300y,300,1288,1374,575,623,55,25,0.445,upright,auto
Er,Er01,21,300.024,300,1354,1441,576,621,62,26,0.534,upright,auto
Er,Er01,22,004.430,004,1390,1529,577,613,86,41,0.313,upright,auto
Er,Er01,23,022.430y,022,1484,1588,568,613,55,31,0.388,upright,auto
Er,Er01,24,201.063,201,1576,1609,567,609,25,10,0.489,upright,auto
Er,Er01,25,061?.063.061?,061,1604,1626,567,609,22,7,0.375,upright,auto
Er,Er01,26,063.061,063,1625,1660,570,609,14,11,0.335,upright,auto
Er,Er01,27,063.061,063,1664,1683,568,607,15,6,0.217,upright,auto
Er,Er01,28,040,040,1682,1705,570,607,17,7,0.31,upright,auto
Er,Er01,29,040,040,1707,1725,571,605,12,6,0.326,upright,auto
Er,Er01,30,300.028x,300,1705,1836,570,601,83,39,0.222,upright,auto
Er,Er01,31,004.430,004,1831,1912,571,617,0,24,0.284,upright,auto
Er,Er01,32,022,022,1905,1924,573,604,0,6,0.0,upright,auto
Er,Er02,0,203s,203,1816,1888,515,565,44,29,0.217,flipped,auto
Er,Er02,1,063,063,1784,1812,509,563,20,11,0.295,flipped,auto
Er,Er02,2,670,670,1752,1817,507,564,50,26,0.472,flipped,auto
Er,Er02,3,063,063,1727,1760,509,562,29,13,0.622,flipped,auto
Er,Er02,4,670,670,1697,1764,502,558,59,27,0.477,flipped,auto
Er,Er02,5,001.063,001,1654,1704,506,566,50,20,0.315,flipped,auto
Er,Er02,6,062.001.063,062,1591,1662,507,567,33,28,0.291,flipped,auto
Er,Er02,7,041,041,1578,1595,520,563,17,7,0.436,flipped,auto
Er,Er02,8,300,300,1541,1584,519,563,17,17,0.409,flipped,auto
Er,Er02,9,040,040,1553,1565,521,562,12,5,0.474,flipped,auto
Er,Er02,10,300.028x,300,1503,1580,520,564,65,31,0.434,flipped,auto
Er,Er02,11,004.430?,004,1491,1508,522,567,17,7,0.428,flipped,auto
Er,Er02,12,022.380y,022,1440,1512,524,569,47,29,0.404,flipped,auto
Er,Er02,13,203s,203,1383,1449,514,564,66,27,0.451,flipped,auto
Er,Er02,14,001,001,1389,1406,516,567,17,7,0.606,flipped,auto
Er,Er02,15,203,203,1320,1397,511,569,77,31,0.47,flipped,auto
Er,Er02,16,016,016,1287,1315,510,570,28,11,0.377,flipped,auto
Er,Er02,17,203,203,1229,1288,511,571,59,23,0.554,flipped,auto
Er,Er02,18,070t,070,1210,1237,512,568,19,11,0.475,flipped,auto
Er,Er02,19,063,063,1175,1220,509,569,30,18,0.422,flipped,auto
Er,Er02,20,118,118,1187,1204,515,571,17,7,0.274,flipped,auto
Er,Er02,21,040,040,1166,1214,510,568,39,19,0.489,flipped,auto
Er,Er02,22,300,300,1137,1153,511,569,16,6,0.314,flipped,auto
Er,Er02,23,040,040,1120,1164,505,566,35,18,0.218,flipped,auto
Er,Er02,24,300.028x,300,1087,1137,503,563,40,20,0.332,flipped,auto
Er,Er02,25,004.430,004,1037,1108,498,556,64,28,0.355,flipped,auto
Er,Er02,26,022.380y,022,997,1052,504,560,26,22,0.501,flipped,auto
Er,Er02,27,203,203,925,1000,513,571,15,30,0.313,flipped,auto
Er,Er02,28,004?.062?,004,917,936,510,568,19,8,0.409,flipped,auto
Er,Er02,29,203,203,846,923,517,576,60,31,0.324,flipped,auto
Er,Er02,30,063x,063,782,863,516,574,52,32,0.409,flipped,auto
Er,Er02,31,203,203,758,801,525,582,43,17,0.419,flipped,auto
Er,Er02,32,044,044,712,778,529,585,66,26,0.341,flipped,auto
Er,Er02,33,203.073?.006,203,700,728,526,583,28,11,0.426,flipped,auto
Er,Er02,34,063,063,655,722,528,586,58,27,0.424,flipped,auto
Er,Er02,35,670,670,672,685,530,584,12,6,0.503,flipped,auto
Er,Er02,36,040,040,652,665,530,586,13,6,0.444,flipped,auto
Er,Er02,37,040,040,613,656,531,586,43,17,0.361,flipped,auto
Er,Er02,38,300.028x,300,597,645,529,584,34,19,0.356,flipped,auto
Er,Er02,39,004,004,585,603,532,584,11,7,0.454,flipped,auto
Er,Er02,40,022,022,571,584,529,586,13,6,0.408,flipped,auto
Er,Er03,0,203s,203,81,137,429,483,33,17,0.272,upright,auto
Er,Er03,1,005t,005,132,180,433,488,24,14,0.319,upright,auto
Er,Er03,2,678,678,175,204,428,484,29,9,0.52,upright,auto
Er,Er03,3,063,063,172,253,423,479,37,24,0.612,upright,auto
Er,Er03,4,002,002,227,282,426,480,40,16,0.688,upright,auto
Er,Er03,5,123,123,271,309,432,486,26,11,0.666,upright,auto
Er,Er03,6,063,063,303,322,421,473,14,6,0.544,upright,auto
Er,Er03,7,003,003,314,400,437,493,59,25,0.413,upright,auto
Er,Er03,8,063,063,385,408,440,494,18,7,0.581,upright,auto
Er,Er03,9,063,063,403,420,438,492,13,5,0.659,upright,auto
Er,Er03,10,041,041,417,467,438,497,42,15,0.493,upright,auto
Er,Er03,11,040,040,457,516,439,497,43,17,0.481,upright,auto
Er,Er03,12,300.028x,300,485,584,436,490,66,29,0.384,upright,auto
Er,Er03,13,004.430y,004,561,643,431,486,62,24,0.434,upright,auto
Er,Er03,14,022.380y,022,613,716,432,487,66,30,0.489,upright,auto
Er,Er03,15,203s,203,703,726,429,486,21,7,0.601,upright,auto
Er,Er03,16,060,060,731,747,434,484,16,5,0.616,upright,auto
Er,Er03,17,063,063,739,758,428,451,18,6,0.63,upright,auto
Er,Er03,18,001,001,759,775,428,483,14,5,0.679,upright,auto
Er,Er03,19,063,063,770,808,431,487,30,11,0.652,upright,auto
Er,Er03,20,430y.004,430,795,866,437,492,51,21,0.527,upright,auto
Er,Er03,21,431y,431,846,913,442,496,43,20,0.505,upright,auto
Er,Er03,22,203,203,889,986,441,495,68,28,0.499,upright,auto
Er,Er03,23,562,562,950,1038,442,497,62,26,0.586,upright,auto
Er,Er03,24,063,063,1019,1057,441,497,27,11,0.647,upright,auto
Er,Er03,25,048?,048,1048,1086,440,494,30,11,0.718,upright,auto
Er,Er03,26,063,063,1081,1110,439,491,26,9,0.62,upright,auto
Er,Er03,27,071.065.071,071,1096,1188,439,494,65,27,0.305,upright,auto
Er,Er03,28,041,041,1172,1195,440,494,19,7,0.693,upright,auto
Er,Er03,29,041,041,1188,1211,450,503,18,7,0.595,upright,auto
Er,Er03,30,300.028x,300,1203,1264,443,501,48,18,0.564,upright,auto
Er,Er03,31,004.430,004,1248,1303,446,504,48,16,0.581,upright,auto
Er,Er03,32,022.380y,022,1295,1371,447,503,56,22,0.396,upright,auto
Er,Er03,33,203,203,1341,1427,450,506,58,25,0.646,upright,auto
Er,Er03,34,022,022,1395,1498,459,509,65,30,0.613,upright,auto
Er,Er03,35,022,022,1501,1512,470,506,11,3,0.515,upright,auto
Er,Er03,36,063,063,1515,1543,468,505,23,8,0.501,upright,auto
Er,Er03,37,041,041,1539,1556,470,503,14,5,0.585,upright,auto
Er,Er03,38,063,063,1555,1578,471,500,19,7,0.615,upright,auto
Er,Er04,0,385,385,1732,1776,417,472,32,14,0.32,flipped,auto
Er,Er04,1,040,040,1718,1740,415,469,22,7,0.46,flipped,auto
Er,Er04,2,300.040,300,1659,1739,416,470,80,25,0.359,flipped,auto
Er,Er04,3,300.028x,300,1599,1703,414,468,83,33,0.212,flipped,auto
Er,Er04,4,004.430,004,1533,1613,404,460,71,25,0.302,flipped,auto
Er,Er04,5,022,022,1549,1567,399,454,18,6,0.233,flipped,auto
Er,Er04,6,520fy.063,520,1447,1561,400,456,80,36,0.319,flipped,auto
Er,Er04,7,005t,005,1396,1484,394,450,36,28,0.369,flipped,auto
Er,Er04,8,386.003,386,1379,1419,387,443,34,13,0.479,flipped,auto
Er,Er04,9,013,013,1337,1387,388,440,49,16,0.511,flipped,auto
Er,Er04,10,008,008,1266,1352,384,440,86,27,0.316,flipped,auto
Er,Er04,11,405,405,1211,1283,382,435,54,23,0.276,flipped,auto
Er,Er04,12,670,670,1207,1225,385,435,18,6,0.326,flipped,auto
Er,Er04,13,053.009,053,1168,1222,379,433,26,17,0.409,flipped,auto
Er,Er04,14,002.010?.009,002,1078,1196,375,433,70,37,0.337,flipped,auto
Er,Er04,15,002.009,002,1041,1111,373,431,31,22,0.483,flipped,auto
Er,Er04,16,739,739,1013,1053,374,428,35,13,0.51,flipped,auto
Er,Er04,17,027,027,957,1001,375,431,39,14,0.57,flipped,auto
Er,Er04,18,739,739,931,965,376,430,30,11,0.542,flipped,auto
Er,Er04,19,006,006,892,942,371,427,34,16,0.665,flipped,auto
Er,Er04,20,090,090,842,914,376,431,52,23,0.595,flipped,auto
Er,Er04,21,004.430,004,776,858,358,413,61,26,0.417,flipped,auto
Er,Er04,22,022.380y,022,732,804,355,409,64,23,0.547,flipped,auto
Er,Er04,23,305.047.074f,305,674,756,367,421,69,26,0.453,flipped,auto
Er,Er04,24,004.008,004,627,693,367,424,57,21,0.541,flipped,auto
Er,Er04,25,048,048,602,640,366,420,28,12,0.571,flipped,auto
Er,Er04,26,007,007,570,610,363,421,38,13,0.522,flipped,auto
Er,Er04,27,001,001,552,570,366,424,14,6,0.425,flipped,auto
Er,Er04,28,191.048,191,469,565,355,412,67,30,0.421,flipped,auto
Er,Er04,29,520fy.044,520,396,498,355,413,72,32,0.569,flipped,auto
Er,Er04,30,007,007,373,417,354,410,39,14,0.709,flipped,auto
Er,Er04,31,380.044,380,303,383,352,410,67,25,0.459,flipped,auto
Er,Er04,32,721,721,278,321,351,411,43,14,0.631,flipped,auto
Er,Er04,33,415,415,164,315,351,411,74,48,0.572,flipped,auto
Er,Er04,34,074,074,171,193,349,402,22,7,0.583,flipped,auto
Er,Er04,35,526y,526,91,183,350,406,58,29,0.461,flipped,auto
Er,Er04,36,001,001,87,105,349,405,16,6,0.489,flipped,auto
Er,Er04,37,005,005,55,93,348,402,0,12,0.682,flipped,auto
Er,Er05,0,204s,204,60,140,286,344,48,27,0.565,upright,auto
Er,Er05,1,001,001,129,145,287,341,13,5,0.585,upright,auto
Er,Er05,2,005,005,141,174,289,345,27,11,0.523,upright,auto
Er,Er05,3,204s,204,157,245,290,342,53,30,0.456,upright,auto
Er,Er05,4,009,009,223,257,289,345,27,12,0.499,upright,auto
Er,Er05,5,005,005,253,287,290,347,30,12,0.487,upright,auto
Er,Er05,6,204s,204,266,358,292,346,58,31,0.617,upright,auto
Er,Er05,7,005,005,345,383,291,348,34,13,0.62,upright,auto
Er,Er05,8,205s,205,364,440,293,347,66,26,0.631,upright,auto
Er,Er05,9,005,005,432,470,295,349,31,13,0.646,upright,auto
Er,Er05,10,205s,205,448,540,292,349,59,31,0.584,upright,auto
Er,Er05,11,001,001,527,546,296,351,14,7,0.559,upright,auto
Er,Er05,12,049,049,535,579,292,349,25,15,0.665,upright,auto
Er,Er05,13,005,005,573,605,292,349,30,11,0.779,upright,auto
Er,Er05,14,205s?,205,587,673,293,349,60,29,0.648,upright,auto
Er,Er05,15,700,700,661,688,293,347,22,9,0.801,upright,auto
Er,Er05,16,700,700,688,716,291,347,23,10,0.693,upright,auto
Er,Er05,17,005,005,714,752,288,344,32,13,0.76,upright,auto
Er,Er05,18,001,001,747,766,286,342,15,7,0.753,upright,auto
Er,Er05,19,670,670,754,834,290,348,55,27,0.574,upright,auto
Er,Er05,20,002,002,820,858,295,351,31,13,0.593,upright,auto
Er,Er05,21,670,670,841,922,295,354,54,27,0.744,upright,auto
Er,Er05,22,002,002,902,942,296,352,30,14,0.728,upright,auto
Er,Er05,23,200.002,200,922,1029,297,353,70,36,0.555,upright,auto
Er,Er05,24,431y,431,1008,1067,299,357,43,20,0.547,upright,auto
Er,Er05,25,002,002,1057,1090,298,356,24,11,0.623,upright,auto
Er,Er05,26,200.022,200,1081,1167,297,351,60,29,0.58,upright,auto
Er,Er05,27,206s,206,1139,1238,301,357,65,34,0.648,upright,auto
Er,Er05,28,001,001,1224,1242,304,359,16,6,0.586,upright,auto
Er,Er05,29,206.076?,206,1221,1323,308,364,70,34,0.629,upright,auto
Er,Er05,30,048,048,1302,1340,308,362,38,13,0.682,upright,auto
Er,Er05,31,004.430y,004,1326,1408,317,375,62,28,0.714,upright,auto
Er,Er05,32,022.380y,022,1378,1471,326,382,61,32,0.585,upright,auto
Er,Er05,33,300y?.044,300,1439,1522,332,388,69,28,0.57,upright,auto
Er,Er05,34,300y?.044,300,1500,1586,339,395,64,29,0.517,upright,auto
Er,Er05,35,300.044?,300,1548,1636,342,399,88,30,0.44,upright,auto
Er,Er05,36,300.053,300,1625,1712,344,402,87,30,0.445,upright,auto
Er,Er05,37,200.053,200,1684,1783,352,406,99,34,0.456,upright,auto
Er,Er05,38,017,017,1749,1768,351,405,19,7,0.388,upright,auto
Er,Er05,39,053,053,1777,1805,356,410,28,10,0.297,upright,auto
Er,Er05,40,017,017,1808,1831,356,412,3,8,0.439,upright,auto
Er,Er05,41,004.430,004,1820,1887,358,414,40,23,0.403,upright,auto
Er,Er06,0,022.460,022,1566,1654,276,332,38,36,0.318,flipped,auto
Er,Er06,1,739,739,1546,1581,274,332,35,15,0.446,flipped,auto
Er,Er06,2,300,300,1500,1549,267,325,49,20,0.327,flipped,auto
Er,Er06,3,739,739,1479,1518,259,317,38,16,0.396,flipped,auto
Er,Er06,4,300y,300,1437,1481,262,320,43,18,0.536,flipped,auto
Er,Er06,5,300.004.064?,300,1345,1447,252,310,93,41,0.463,flipped,auto
Er,Er06,6,430y,430,1316,1355,244,304,35,16,0.387,flipped,auto
Er,Er06,7,300.001,300,1251,1328,244,302,62,32,0.63,flipped,auto
Er,Er06,8,430,430,1227,1265,243,301,27,15,0.548,flipped,auto
Er,Er06,9,008,008,1197,1237,244,298,40,17,0.535,flipped,auto
Er,Er06,10,300.001.076,300,1112,1219,230,291,66,43,0.36,flipped,auto
Er,Er06,11,049f,049,1105,1137,233,287,31,13,0.5,flipped,auto
Er,Er06,12,200.001,200,1040,1117,228,286,77,32,0.321,flipped,auto
Er,Er06,13,206,206,940,1071,236,292,54,54,0.301,flipped,auto
Er,Er06,14,004.431,004,923,987,236,294,30,26,0.348,flipped,auto
Er,Er06,15,022.380y,022,866,938,232,288,62,30,0.469,flipped,auto
Er,Er06,16,200.450,200,855,905,233,291,42,21,0.376,flipped,auto
Er,Er06,17,280.450,280,833,865,229,287,26,13,0.542,flipped,auto
Er,Er06,18,770b,770,779,839,226,286,54,25,0.544,flipped,auto
Er,Er06,19,450,450,745,777,226,284,25,13,0.646,flipped,auto
Er,Er06,20,730,730,683,755,225,284,57,30,0.781,flipped,auto
Er,Er06,21,450,450,669,696,229,285,20,11,0.815,flipped,auto
Er,Er06,22,730,730,625,697,229,287,64,30,0.472,flipped,auto
Er,Er06,23,450,450,626,655,227,285,29,12,0.441,flipped,auto
Er,Er06,24,407,407,557,618,229,287,50,25,0.425,flipped,auto
Er,Er06,25,450,450,529,557,232,289,28,12,0.432,flipped,auto
Er,Er06,26,608,608,462,542,232,291,27,32,0.411,flipped,auto
Er,Er06,27,450,450,465,497,231,289,19,13,0.451,flipped,auto
Er,Er06,28,680,680,402,498,231,289,70,39,0.392,flipped,auto
Er,Er06,29,040,040,400,413,231,289,12,6,0.496,flipped,auto
Er,Er06,30,040,040,379,396,233,289,14,7,0.536,flipped,auto
Er,Er06,31,300.028x,300,295,388,230,288,68,38,0.702,flipped,auto
Er,Er06,32,004.430,004,247,312,226,285,52,26,0.737,flipped,auto
Er,Er06,33,022.380y,022,203,268,225,283,47,27,0.641,flipped,auto
Er,Er06,34,204.077,204,141,227,224,282,55,35,0.533,flipped,auto
Er,Er06,35,711?,711,132,155,227,285,23,10,0.564,flipped,auto
Er,Er06,36,711,711,126,144,225,283,17,8,0.44,flipped,auto
Er,Er06,37,700,700,118,147,226,284,20,12,0.496,flipped,auto
Er,Er07,0,001?,001,31,53,182,226,0,7,0.346,upright,auto
Er,Er07,1,053,053,45,77,180,230,13,10,0.577,upright,auto
Er,Er07,2,022,022,56,74,173,228,10,6,0.407,upright,auto
Er,Er07,3,022,022,70,88,174,232,18,6,0.218,upright,auto
Er,Er07,4,076,076,106,135,175,227,20,10,0.257,upright,auto
Er,Er07,5,022,022,148,170,175,234,22,7,0.487,upright,auto
Er,Er07,6,022,022,167,186,175,233,18,7,0.574,upright,auto
Er,Er07,7,092,092,178,226,169,226,33,15,0.667,upright,auto
Er,Er07,8,050.006,050,211,278,170,228,46,22,0.637,upright,auto
Er,Er07,9,670,670,247,334,170,226,70,28,0.621,upright,auto
Er,Er07,10,092,092,313,364,170,227,48,17,0.684,upright,auto
Er,Er07,11,050.006,050,349,425,175,229,52,24,0.593,upright,auto
Er,Er07,12,670,670,396,492,176,234,76,30,0.773,upright,auto
Er,Er07,13,092,092,469,518,171,227,45,16,0.749,upright,auto
Er,Er07,14,050.006,050,504,574,172,231,46,22,0.713,upright,auto
Er,Er07,15,670,670,547,634,172,230,53,28,0.734,upright,auto
Er,Er07,16,002,002,614,659,177,220,32,15,0.586,upright,auto
Er,Er07,17,670,670,631,722,170,226,55,29,0.739,upright,auto
Er,Er07,18,002,002,707,751,170,224,29,14,0.843,upright,auto
Er,Er07,19,670,670,737,819,170,225,59,26,0.668,upright,auto
Er,Er07,20,002,002,809,838,175,216,25,10,0.609,upright,auto
Er,Er07,21,027x?,027,832,882,170,218,36,16,0.514,upright,auto
Er,Er07,22,027x?,027,868,917,160,215,35,16,0.456,upright,auto
Er,Er07,23,420y.005,420,904,991,164,218,81,28,0.579,upright,auto
Er,Er07,24,200?.048,200,954,1058,169,225,87,33,0.652,upright,auto
Er,Er07,25,608,608,1027,1124,169,228,67,31,0.634,upright,auto
Er,Er07,26,205,205,1099,1190,174,228,52,29,0.675,upright,auto
Er,Er07,27,019?,019,1170,1198,178,232,21,9,0.644,upright,auto
Er,Er07,28,205,205,1185,1272,184,238,61,28,0.526,upright,auto
Er,Er07,29,697,697,1249,1342,189,245,65,30,0.691,upright,auto
Er,Er07,30,407,407,1320,1411,187,243,75,29,0.724,upright,auto
Er,Er07,31,522fy,522,1388,1455,189,245,56,22,0.518,upright,auto
Er,Er07,32,002,002,1445,1477,194,246,24,10,0.599,upright,auto
Er,Er07,33,010.007,010,1474,1545,193,251,71,23,0.466,upright,auto
Er,Er07,34,004.431,004,1529,1612,205,263,74,27,0.427,upright,auto
Er,Er07,35,022.380y,022,1587,1673,216,274,60,27,0.662,upright,auto
Er,Er07,36,204s,204,1635,1742,223,277,69,34,0.526,upright,auto
Er,Er07,37,664,664,1712,1821,227,286,86,35,0.393,upright,auto
Er,Er07,38,091,091,1803,1841,236,291,36,12,0.348,upright,auto
Er,Er07,39,008,008,1843,1894,245,300,36,17,0.36,upright,auto
Er,Er07,40,009,009,1880,1920,247,299,24,13,0.718,upright,auto
Er,Er08,0,091,091,1829,1916,199,230,32,28,0.156,flipped,auto
Er,Er08,1,008,008,1825,1843,186,222,5,6,0.083,flipped,auto
Er,Er08,2,001?,001,1774,1835,186,225,32,20,0.477,flipped,auto
Er,Er08,3,053,053,1610,1825,158,216,155,69,0.181,flipped,auto
Er,Er08,4,004.430,004,1638,1673,158,208,35,12,0.519,flipped,auto
Er,Er08,5,022.380y,022,1563,1655,155,213,92,30,0.377,flipped,auto
Er,Er08,6,093,093,1474,1572,136,192,61,32,0.452,flipped,auto
Er,Er08,7,069.070,069,1446,1497,132,190,36,17,0.803,flipped,auto
Er,Er08,8,004.065.004,004,1381,1464,130,189,56,27,0.761,flipped,auto
Er,Er08,9,006,006,1312,1398,126,184,60,28,0.739,flipped,auto
Er,Er08,10,206s,206,1289,1324,123,181,29,12,0.722,flipped,auto
Er,Er08,11,004.430,004,1198,1316,120,176,67,38,0.562,flipped,auto
Er,Er08,12,022.380y,022,1151,1231,114,173,66,26,0.554,flipped,auto
Er,Er08,13,200,200,1027,1183,107,165,103,50,0.667,flipped,auto
Er,Er08,14,400.005,400,952,1072,105,163,86,39,0.563,flipped,auto
Er,Er08,15,255,255,893,985,101,159,64,30,0.583,flipped,auto
Er,Er08,16,279,279,835,902,94,152,61,22,0.583,flipped,auto
Er,Er08,17,010.430y,010,770,851,103,161,55,26,0.739,flipped,auto
Er,Er08,18,010.009,010,716,793,106,164,63,25,0.753,flipped,auto
Er,Er08,19,004.430,004,656,742,107,163,77,28,0.807,flipped,auto
Er,Er08,20,022.380y,022,606,677,107,163,54,23,0.755,flipped,auto
Er,Er08,21,226,226,530,629,109,165,60,32,0.472,flipped,auto
Er,Er08,22,022f,022,524,553,106,162,20,10,0.572,flipped,auto
Er,Er08,23,670,670,457,540,106,162,57,27,0.757,flipped,auto
Er,Er08,24,700,700,436,475,111,167,28,13,0.722,flipped,auto
Er,Er08,25,381,381,385,444,106,166,50,19,0.637,flipped,auto
Er,Er08,26,079,079,354,393,105,163,32,13,0.649,flipped,auto
Er,Er08,27,004.670,004,262,366,108,164,91,34,0.598,flipped,auto
Er,Er08,28,022.380y,022,203,294,110,167,76,29,0.517,flipped,auto
Er,Er08,29,011.208,011,121,245,112,168,72,40,0.593,flipped,auto
Er,Er08,30,470.076,470,72,163,117,175,71,29,0.436,flipped,auto
Er,Er08,31,739,739,44,89,129,182,17,15,0.495,flipped,auto
Er,Er09,0,022f,022,0,-795,0,-630,0,8,0.132,upright,auto
Er,Er09,1,770,770,0,-730,0,-569,0,17,0.71,upright,auto
Er,Er09,2,060,060,0,-705,0,-531,0,9,0.737,upright,auto
Er,Er09,3,400?,400,0,-653,0,-498,0,21,0.653,upright,auto
Er,Er09,4,225?,225,0,-591,0,-442,0,26,0.735,upright,auto
Er,Er09,5,380.041,380,0,-536,0,-387,0,25,0.749,upright,auto
Er,Er09,6,045,045,0,-521,0,-352,0,8,0.765,upright,auto
Er,Er09,7,381,381,0,-325,0,-273,0,78,0.431,upright,auto
Er,Er09,8,770,770,0,-322,0,-202,0,17,0.523,upright,auto
Er,Er09,9,770,770,0,-255,0,-168,0,30,0.63,upright,auto
Er,Er09,10,092?,092,0,-240,0,-137,0,11,0.631,upright,auto
Er,Er09,11,256?,256,0,-167,0,-109,0,31,0.665,upright,auto
Er,Er09,12,386,386,0,-95,0,-68,0,35,0.687,upright,auto
Er,Er09,13,700,700,0,-83,0,-40,0,9,0.737,upright,auto
Er,Er09,14,700,700,0,-1,0,-16,0,31,-1.0,upright,auto
Er,Er09,15,380.739,380,0,20,0,8,0,12,-1.0,upright,auto
Er,Er09,16,141,141,6,93,0,25,0,29,-1.0,upright,auto
Er,Er09,17,380.739,380,78,113,0,43,0,12,0.0,upright,auto
Er,Er09,18,009,009,103,174,7,58,0,24,0.0,upright,auto
Er,Er09,19,380.017,380,150,241,26,75,0,30,0.0,upright,auto
Er,Er09,20,004.670,004,222,303,45,93,16,27,0.219,upright,auto
Er,Er09,21,022.430y,022,287,351,68,105,19,21,0.087,upright,auto
Er,Er09,22,001.009,001,336,392,64,110,42,19,0.161,upright,auto
Er,Er09,23,755,755,378,432,64,101,48,18,0.38,upright,auto
Er,Er09,24,050.010,050,401,440,64,102,39,13,0.383,upright,auto
Er,Er09,25,005,005,453,472,64,101,18,7,0.392,upright,auto
Er,Er09,26,037?,037,473,496,62,100,19,8,0.554,upright,auto
Er,Er09,27,045?,045,496,514,64,101,15,6,0.61,upright,auto
Er,Er09,28,001,001,489,543,64,99,44,18,0.698,upright,auto
Er,Er09,29,561,561,524,595,64,96,71,24,0.661,upright,auto
Er,Er09,30,700,700,581,619,64,99,36,13,0.696,upright,auto
Er,Er09,31,280,280,608,652,64,100,16,15,0.68,upright,auto
Er,Er09,32,001?,001,650,666,64,100,16,5,0.731,upright,auto
Er,Er09,33,007,007,669,717,64,101,26,16,0.585,upright,auto
Ev,Ev01,0,022,022,20,47,597,658,0,8,0.0,upright,auto
Ev,Ev01,1,002,002,47,74,599,658,0,8,0.0,upright,auto
Ev,Ev01,2,034V?,034,69,124,597,656,0,17,0.008,upright,auto
Ev,Ev01,3,002,002,124,163,597,656,0,12,0.125,upright,auto
Ev,Ev01,4,001,001,178,196,578,639,18,6,0.225,upright,auto
Ev,Ev01,5,002,002,199,227,576,612,13,9,0.441,upright,auto
Ev,Ev01,6,034,034,220,279,574,614,37,18,0.368,upright,auto
Ev,Ev01,7,306.003,306,264,371,583,643,57,32,0.393,upright,auto
Ev,Ev01,8,070,070,351,396,587,646,31,14,0.407,upright,auto
Ev,Ev01,9,521s,521,376,474,574,620,62,30,0.296,upright,auto
Ev,Ev01,10,306.003,306,455,573,576,620,66,36,0.251,upright,auto
Ev,Ev01,11,070,070,534,585,574,625,31,16,0.29,upright,auto
Ev,Ev01,12,063?,063,606,633,589,629,15,8,0.366,upright,auto
Ev,Ev01,13,022f,022,631,660,589,629,16,9,0.442,upright,auto
Ev,Ev01,14,063?,063,658,687,576,631,15,9,0.468,upright,auto
Ev,Ev01,15,001,001,666,684,578,631,15,6,0.357,upright,auto
Ev,Ev01,16,694,694,666,786,595,631,65,37,0.361,upright,auto
Ev,Ev01,17,056,056,769,812,599,633,28,13,0.384,upright,auto
Ev,Ev01,18,034,034,798,865,597,635,44,21,0.429,upright,auto
Ev,Ev01,19,700,700,856,885,597,635,23,9,0.386,upright,auto
Ev,Ev01,20,204s,204,872,971,597,637,65,30,0.322,upright,auto
Ev,Ev01,21,005,005,950,999,597,639,31,15,0.417,upright,auto
Ev,Ev01,22,022f,022,993,1020,595,639,17,8,0.399,upright,auto
Ev,Ev01,23,068,068,1013,1078,595,639,43,20,0.348,upright,auto
Ev,Ev01,24,073?.006.003,073,1054,1140,599,637,48,26,0.393,upright,auto
Ev,Ev01,25,005,005,1132,1183,595,635,42,16,0.478,upright,auto
Ev,Ev01,26,079.010?,079,1172,1238,593,633,47,20,0.379,upright,auto
Ev,Ev01,27,079.010?,079,1229,1289,591,629,49,18,0.283,upright,auto
Ev,Ev01,28,300.058,300,1270,1378,587,625,69,33,0.347,upright,auto
Ev,Ev01,29,048?,048,1344,1468,583,622,80,38,0.344,upright,auto
Ev,Ev01,30,001?.006,001,1431,1560,583,641,83,39,0.1,upright,auto
Ev,Ev01,31,379y?,379,1535,1585,583,641,10,15,0.018,upright,auto
Ev,Ev01,32,025,025,1580,1615,583,641,0,11,0.152,upright,auto
Ev,Ev01,33,006,006,1611,1656,585,641,0,14,0.052,upright,auto
Ev,Ev01,34,254?,254,1638,1747,583,643,0,33,0.0,upright,auto
Ev,Ev01,35,009,009,1724,1773,585,646,0,15,0.0,upright,auto
Ev,Ev01,36,004.064,004,1762,1817,585,643,0,17,0.0,upright,auto
Ev,Ev01,37,050,050,1814,1838,585,646,0,8,0.0,upright,auto
Ev,Ev01,38,001?,001,1845,1867,585,639,0,7,0.0,upright,auto
Ev,Ev01,39,005.037,005,1853,1929,585,643,0,23,0.0,upright,auto
Ev,Ev02,0,002.003,002,1560,1620,523,583,60,18,1.0,flipped,manual
Ev,Ev02,1,254,254,1474,1581,519,581,107,32,1.0,flipped,manual
Ev,Ev02,2,522f,522,1441,1501,523,585,49,18,1.0,flipped,manual
Ev,Ev02,3,022f,022,1419,1443,527,590,18,8,1.0,flipped,manual
Ev,Ev02,4,001.071,001,1366,1425,525,589,49,18,1.0,flipped,manual
Ev,Ev02,5,077,077,1361,1369,528,583,8,6,1.0,flipped,manual
Ev,Ev02,6,027.711,027,1354,1366,526,586,12,25,1.0,flipped,manual
Ev,Ev02,7,294s,294,1280,1362,523,587,82,31,1.0,flipped,manual
Ev,Ev02,8,002.071,002,1228,1294,524,588,66,20,1.0,flipped,manual
Ev,Ev02,9,211s,211,1172,1228,528,591,56,29,1.0,flipped,manual
Ev,Ev02,10,091,091,1092,1170,526,592,77,11,1.0,flipped,manual
Ev,Ev02,11,071,071,1066,1094,527,591,26,13,1.0,flipped,manual
Ev,Ev02,12,006,006,1034,1077,529,591,40,10,1.0,flipped,manual
Ev,Ev02,13,047.010f.201s,047,843,1046,525,593,203,30,1.0,flipped,manual
Ev,Ev02,14,380.001,380,1004,1037,532,593,30,31,1.0,flipped,manual
Ev,Ev02,15,739.400,739,806,882,527,593,76,23,1.0,flipped,manual
Ev,Ev02,16,400.004,400,708,838,524,590,130,39,1.0,flipped,manual
Ev,Ev02,17,700,700,645,744,525,591,99,30,1.0,flipped,manual
Ev,Ev02,18,004,004,620,647,520,586,27,8,1.0,flipped,manual
Ev,Ev02,19,700,700,593,620,517,586,27,8,1.0,flipped,manual
Ev,Ev02,20,380.001,380,563,596,515,581,33,10,1.0,flipped,manual
Ev,Ev02,21,022f.071,022,495,575,511,577,80,24,1.0,flipped,manual
Ev,Ev02,22,343,343,446,512,516,580,66,20,1.0,flipped,manual
Ev,Ev02,23,044t,044,373,486,519,583,113,34,1.0,flipped,manual
Ev,Ev02,24,697,697,309,406,514,576,97,29,1.0,flipped,manual
Ev,Ev02,25,380.001,380,254,330,507,569,76,23,1.0,flipped,manual
Ev,Ev02,26,600.591.006,600,137,283,499,561,146,44,1.0,flipped,manual
Ev,Ev02,27,400.591,400,76,178,489,550,102,31,1.0,flipped,manual
Ev,Ev02,28,380.001,380,19,99,483,545,40,24,1.0,flipped,manual
Ev,Ev03,0,204s,204,34,137,423,483,79,31,1.0,upright,manual
Ev,Ev03,1,002,002,116,140,427,484,23,8,1.0,upright,manual
Ev,Ev03,2,001,001,144,160,428,487,16,5,1.0,upright,manual
Ev,Ev03,3,007,007,160,205,427,488,44,14,1.0,upright,manual
Ev,Ev03,4,326,326,180,282,426,488,102,31,1.0,upright,manual
Ev,Ev03,5,380.001,380,257,329,428,489,72,22,1.0,upright,manual
Ev,Ev03,6,070,070,310,360,431,491,50,15,1.0,upright,manual
Ev,Ev03,7,040.211x?.003,040,335,463,444,506,128,38,1.0,upright,manual
Ev,Ev03,8,290.095,290,438,545,450,509,107,32,1.0,upright,manual
Ev,Ev03,9,062?.004?,062,519,575,449,511,56,17,1.0,upright,manual
Ev,Ev03,10,009,009,561,606,454,513,45,14,1.0,upright,manual
Ev,Ev03,11,062.006,062,593,663,457,519,70,21,1.0,upright,manual
Ev,Ev03,12,001,001,650,673,458,519,17,7,1.0,upright,manual
Ev,Ev03,13,006,006,691,730,460,517,39,12,1.0,upright,manual
Ev,Ev03,14,001?,001,724,753,463,522,26,9,1.0,upright,manual
Ev,Ev03,15,006.003,006,751,790,465,522,39,12,1.0,upright,manual
Ev,Ev03,16,670.711,670,759,782,468,520,18,7,1.0,upright,manual
Ev,Ev03,17,091.711,091,775,882,464,523,107,32,1.0,upright,manual
Ev,Ev03,18,380.001,380,856,936,460,521,80,24,1.0,upright,manual
Ev,Ev03,19,007,007,928,987,454,523,54,20,1.0,upright,manual
Ev,Ev03,20,067.010f,067,985,1029,455,524,43,15,1.0,upright,manual
Ev,Ev03,21,067.010t.490,067,1029,1088,453,522,56,23,1.0,upright,manual
Ev,Ev03,22,001t,001,1088,1165,448,519,76,28,1.0,upright,manual
Ev,Ev03,23,670,670,1163,1218,448,518,53,24,1.0,upright,manual
Ev,Ev03,24,580,580,1217,1254,449,522,34,13,1.0,upright,manual
Ev,Ev03,25,380.001,380,1255,1313,451,521,55,21,1.0,upright,manual
Ev,Ev03,26,245.022f,245,1311,1383,456,518,72,35,1.0,upright,manual
Ev,Ev03,27,004.004,004,1386,1431,455,519,37,18,1.0,upright,manual
Ev,Ev03,28,380.001,380,1431,1490,457,523,56,23,1.0,upright,manual
Ev,Ev03,29,022f.071,022,1489,1540,456,520,48,20,1.0,upright,manual
Ev,Ev03,30,063.001?,063,1537,1600,455,519,62,21,1.0,upright,manual
Ev,Ev03,31,380.001,380,1599,1663,452,518,59,23,1.0,upright,manual
Ev,Ev03,32,002,002,1664,1694,451,514,28,9,1.0,upright,manual
Ev,Ev03,33,760,760,1695,1763,445,509,67,29,1.0,upright,manual
Ev,Ev03,34,050,050,1761,1784,444,506,20,10,1.0,upright,manual
Ev,Ev03,35,002,002,1787,1815,443,502,26,9,1.0,upright,manual
Ev,Ev03,36,760,760,1817,1879,438,501,60,31,1.0,upright,manual
Ev,Ev03,37,050,050,1880,1903,433,489,17,11,1.0,upright,manual
Ev,Ev03,38,002,002,1903,1924,431,488,19,9,1.0,upright,manual
Ev,Ev04,0,380.001,380,1883,1937,384,430,50,22,1.0,flipped,manual
Ev,Ev04,1,088,088,1856,1883,383,437,24,11,1.0,flipped,manual
Ev,Ev04,2,001,001,1839,1855,388,437,13,6,1.0,flipped,manual
Ev,Ev04,3,047,047,1807,1837,383,438,30,12,1.0,flipped,manual
Ev,Ev04,4,001.061?,001,1762,1810,384,450,48,15,1.0,flipped,manual
Ev,Ev04,5,380.001,380,1713,1763,383,447,50,22,1.0,flipped,manual
Ev,Ev04,6,280,280,1664,1713,385,445,45,20,1.0,flipped,manual
Ev,Ev04,7,001,001,1649,1665,386,449,14,5,1.0,flipped,manual
Ev,Ev04,8,280,280,1595,1651,388,452,49,18,1.0,flipped,manual
Ev,Ev04,9,002,002,1567,1595,388,450,26,9,1.0,flipped,manual
Ev,Ev04,10,001,001,1547,1567,391,454,14,5,1.0,flipped,manual
Ev,Ev04,11,380.001,380,1491,1548,389,455,51,22,1.0,flipped,manual
Ev,Ev04,12,001f,001,1465,1490,393,456,21,8,1.0,flipped,manual
Ev,Ev04,13,057,057,1419,1464,392,454,44,20,1.0,flipped,manual
Ev,Ev04,14,001,001,1403,1420,392,454,16,5,1.0,flipped,manual
Ev,Ev04,15,001f,001,1378,1402,393,453,21,8,1.0,flipped,manual
Ev,Ev04,16,163,163,1341,1377,390,452,34,15,1.0,flipped,manual
Ev,Ev04,17,200,200,1292,1341,390,452,47,21,1.0,flipped,manual
Ev,Ev04,18,001.062,001,1252,1291,386,449,37,15,1.0,flipped,manual
Ev,Ev04,19,522fy,522,1210,1253,381,445,42,19,1.0,flipped,manual
Ev,Ev04,20,380.001,380,1158,1210,380,447,51,23,1.0,flipped,manual
Ev,Ev04,21,607,607,1088,1157,383,447,67,26,1.0,flipped,manual
Ev,Ev04,22,607,607,1023,1086,379,449,62,29,1.0,flipped,manual
Ev,Ev04,23,650y,650,980,1025,379,452,43,16,1.0,flipped,manual
Ev,Ev04,24,380.001,380,926,979,377,453,50,23,1.0,flipped,manual
Ev,Ev04,25,200.070.003,200,840,926,379,453,86,39,1.0,flipped,manual
Ev,Ev04,26,380.001,380,753,808,377,457,52,23,1.0,flipped,manual
Ev,Ev04,27,376s,376,679,752,374,451,72,28,1.0,flipped,manual
Ev,Ev04,28,001,001,659,679,372,448,16,6,1.0,flipped,manual
Ev,Ev04,29,001V,001,633,659,371,449,22,7,1.0,flipped,manual
Ev,Ev04,30,380.001,380,580,636,370,449,52,24,1.0,flipped,manual
Ev,Ev04,31,405s,405,514,581,368,442,65,29,1.0,flipped,manual
Ev,Ev04,32,522f,522,468,514,365,438,46,19,1.0,flipped,manual
Ev,Ev04,33,405s,405,409,469,361,438,60,25,1.0,flipped,manual
Ev,Ev04,34,022f,022,389,409,363,433,14,9,1.0,flipped,manual
Ev,Ev04,35,010.700,010,340,388,355,429,46,14,1.0,flipped,manual
Ev,Ev04,36,010.053,010,293,338,354,425,42,20,1.0,flipped,manual
Ev,Ev04,37,430,430,262,293,350,419,30,12,1.0,flipped,manual
Ev,Ev04,38,430,430,227,262,348,417,34,11,1.0,flipped,manual
Ev,Ev04,39,407,407,165,228,343,413,61,28,1.0,flipped,manual
Ev,Ev04,40,405,405,109,167,334,408,58,24,1.0,flipped,manual
Ev,Ev04,41,407,407,56,108,332,402,50,25,1.0,flipped,manual
Ev,Ev05,0,022?,022,62,95,264,328,32,7,1.0,upright,manual
Ev,Ev05,1,205,205,114,167,269,333,49,25,1.0,upright,manual
Ev,Ev05,2,308.001,308,170,214,272,342,41,21,1.0,upright,manual
Ev,Ev05,3,205s,205,209,234,277,343,25,22,1.0,upright,manual
Ev,Ev05,4,002,002,235,265,277,346,26,10,1.0,upright,manual
Ev,Ev05,5,001,001,266,283,279,349,14,5,1.0,upright,manual
Ev,Ev05,6,007,007,283,327,279,351,42,17,1.0,upright,manual
Ev,Ev05,7,292,292,327,387,281,353,58,25,1.0,upright,manual
Ev,Ev05,8,001t.063,001,383,417,286,356,34,16,1.0,upright,manual
Ev,Ev05,9,380.001,380,417,474,285,364,56,21,1.0,upright,manual
Ev,Ev05,10,088,088,475,499,287,365,23,9,1.0,upright,manual
Ev,Ev05,11,047.010,047,499,553,286,368,54,23,1.0,upright,manual
Ev,Ev05,12,001.061,001,554,599,286,368,41,15,1.0,upright,manual
Ev,Ev05,13,380.001,380,598,658,289,369,57,19,1.0,upright,manual
Ev,Ev05,14,207,207,657,730,291,371,71,25,1.0,upright,manual
Ev,Ev05,15,040h,040,731,782,289,370,49,18,1.0,upright,manual
Ev,Ev05,16,073.006,073,783,810,292,375,27,10,1.0,upright,manual
Ev,Ev05,17,053,053,811,873,293,375,59,21,1.0,upright,manual
Ev,Ev05,18,380.001,380,874,962,291,375,85,36,1.0,upright,manual
Ev,Ev05,19,028.200,028,962,992,298,376,27,8,1.0,upright,manual
Ev,Ev05,20,019,019,993,1057,296,378,58,22,1.0,upright,manual
Ev,Ev05,21,380.001,380,1057,1112,300,373,54,22,1.0,upright,manual
Ev,Ev05,22,172,172,1111,1160,299,376,49,21,1.0,upright,manual
Ev,Ev05,23,631,631,1159,1201,305,378,39,13,1.0,upright,manual
Ev,Ev05,24,009:008,009,1201,1258,305,379,54,19,1.0,upright,manual
Ev,Ev05,25,380.001,380,1261,1302,306,383,39,17,1.0,upright,manual
Ev,Ev05,26,091,091,1302,1363,307,385,57,18,1.0,upright,manual
Ev,Ev05,27,774,774,1363,1437,308,388,70,25,1.0,upright,manual
Ev,Ev05,28,581.011,581,1437,1497,312,388,55,21,1.0,upright,manual
Ev,Ev05,29,380.001,380,1496,1603,319,380,107,7,1.0,upright,manual
Ev,Ev05,30,680,680,1497,1520,331,382,23,30,1.0,upright,manual
Ev,Ev05,31,684,684,1567,1692,321,383,125,36,1.0,upright,manual
Ev,Ev05,32,224,224,1656,1754,316,376,98,28,1.0,upright,manual
Ev,Ev05,33,007,007,1731,1791,314,377,60,17,1.0,upright,manual
Ev,Ev05,34,400,400,1769,1839,319,381,70,20,1.0,upright,manual
Ev,Ev05,35,206s,206,1823,1916,319,381,93,27,1.0,upright,manual
Ev,Ev05,36,080,080,1888,1937,343,385,42,14,1.0,upright,manual
Ev,Ev06,0,020,020,1897,1915,252,314,18,6,1.0,flipped,manual
Ev,Ev06,1,020,020,1862,1881,251,313,19,6,1.0,flipped,manual
Ev,Ev06,2,004.003,004,1821,1865,252,313,44,13,1.0,flipped,manual
Ev,Ev06,3,056,056,1780,1828,252,312,48,14,1.0,flipped,manual
Ev,Ev06,4,007,007,1740,1790,246,312,50,15,1.0,flipped,manual
Ev,Ev06,5,067.010f,067,1682,1749,248,314,67,20,1.0,flipped,manual
Ev,Ev06,6,244s,244,1609,1706,250,314,97,29,1.0,flipped,manual
Ev,Ev06,7,027.006,027,1553,1633,252,313,80,24,1.0,flipped,manual
Ev,Ev06,8,077.034,077,1512,1594,249,315,80,25,1.0,flipped,manual
Ev,Ev06,9,004,004,1498,1517,247,309,19,6,1.0,flipped,manual
Ev,Ev06,10,522fy,522,1443,1509,244,310,66,20,1.0,flipped,manual
Ev,Ev06,11,700,700,1417,1451,245,308,34,10,1.0,flipped,manual
Ev,Ev06,12,600,600,1361,1427,243,307,57,20,1.0,flipped,manual
Ev,Ev06,13,059f,059,1313,1373,239,298,60,18,1.0,flipped,manual
Ev,Ev06,14,324,324,1248,1331,231,297,83,25,1.0,flipped,manual
Ev,Ev06,15,004.004,004,1218,1266,236,299,45,14,1.0,flipped,manual
Ev,Ev06,16,030a,030,1166,1231,232,298,65,19,1.0,flipped,manual
Ev,Ev06,17,004,004,1088,1155,223,289,63,6,1.0,flipped,manual
Ev,Ev06,18,055.010,055,1132,1151,227,288,19,20,1.0,flipped,manual
Ev,Ev06,19,244.077,244,989,1124,223,289,135,40,1.0,flipped,manual
Ev,Ev06,20,730.001,730,936,1018,223,287,82,25,1.0,flipped,manual
Ev,Ev06,21,002.034,002,868,945,214,285,71,28,1.0,flipped,manual
Ev,Ev06,22,002,002,831,867,218,291,33,13,1.0,flipped,manual
Ev,Ev06,23,001,001,814,834,212,289,19,5,1.0,flipped,manual
Ev,Ev06,24,002.034,002,737,812,210,287,74,23,1.0,flipped,manual
Ev,Ev06,25,515,515,677,736,210,281,55,22,1.0,flipped,manual
Ev,Ev06,26,040,040,646,679,211,280,30,11,1.0,flipped,manual
Ev,Ev06,27,670,670,585,647,209,282,62,25,1.0,flipped,manual
Ev,Ev06,28,002.108a?,002,532,586,210,281,54,23,1.0,flipped,manual
Ev,Ev06,29,001?.062,001,489,534,208,283,41,16,1.0,flipped,manual
Ev,Ev06,30,200.022,200,422,492,209,282,64,31,1.0,flipped,manual
Ev,Ev06,31,010.110,010,374,422,209,283,41,17,1.0,flipped,manual
Ev,Ev06,32,400.065,400,302,374,208,279,72,30,1.0,flipped,manual
Ev,Ev06,33,013,013,256,304,205,277,46,16,1.0,flipped,manual
Ev,Ev06,34,400.065,400,191,258,201,274,66,29,1.0,flipped,manual
Ev,Ev06,35,053,053,163,192,201,265,29,9,1.0,flipped,manual
Ev,Ev06,36,006.001,006,119,164,198,264,40,17,1.0,flipped,manual
Ev,Ev06,37,006.001,006,69,120,198,264,33,16,1.0,flipped,manual
Ev,Ev07,0,566s,566,52,122,129,195,59,31,1.0,upright,manual
Ev,Ev07,1,074,074,59,87,144,193,24,11,1.0,upright,manual
Ev,Ev07,2,035,035,91,136,127,192,45,20,1.0,upright,manual
Ev,Ev07,3,070,070,131,170,127,192,39,15,1.0,upright,manual
Ev,Ev07,4,035,035,186,230,126,199,43,19,1.0,upright,manual
Ev,Ev07,5,400,400,229,276,131,195,45,22,1.0,upright,manual
Ev,Ev07,6,035,035,278,329,123,202,51,21,1.0,upright,manual
Ev,Ev07,7,071.065.071,071,392,463,136,200,71,35,1.0,upright,manual
Ev,Ev07,8,035,035,456,517,135,199,61,20,1.0,upright,manual
Ev,Ev07,9,010.067,010,502,561,138,206,59,18,1.0,upright,manual
Ev,Ev07,10,035,035,581,647,124,203,66,17,1.0,upright,manual
Ev,Ev07,11,276.076?,276,648,716,124,208,66,30,1.0,upright,manual
Ev,Ev07,12,188,188,714,755,126,206,40,28,1.0,upright,manual
Ev,Ev07,13,031,031,755,813,125,207,57,14,1.0,upright,manual
Ev,Ev07,14,509,509,813,857,128,206,44,27,1.0,upright,manual
Ev,Ev07,15,062?.004?,062,854,891,134,208,34,21,1.0,upright,manual
Ev,Ev07,16,009,009,889,933,134,208,42,12,1.0,upright,manual
Ev,Ev07,17,092,092,935,948,134,207,13,17,1.0,upright,manual
Ev,Ev07,18,001,001,945,952,141,205,7,5,1.0,upright,manual
Ev,Ev07,19,092,092,952,996,140,210,43,15,1.0,upright,manual
Ev,Ev07,20,009,009,994,1029,141,212,34,14,1.0,upright,manual
Ev,Ev07,21,092,092,1029,1068,143,213,39,13,1.0,upright,manual
Ev,Ev07,22,005,005,1072,1107,146,217,34,13,1.0,upright,manual
Ev,Ev07,23,092,092,1096,1129,166,218,33,11,1.0,upright,manual
Ev,Ev07,24,005,005,1155,1195,154,221,40,12,1.0,upright,manual
Ev,Ev07,25,092,092,1194,1215,150,221,20,16,1.0,upright,manual
Ev,Ev07,26,001,001,1215,1251,149,223,31,6,1.0,upright,manual
Ev,Ev07,27,739,739,1253,1326,151,223,71,13,1.0,upright,manual
Ev,Ev07,28,244.003,244,1327,1348,156,224,20,43,1.0,upright,manual
Ev,Ev07,29,044?.009,044,1351,1402,159,230,47,20,1.0,upright,manual
Ev,Ev07,30,092,092,1403,1464,162,231,57,14,1.0,upright,manual
Ev,Ev07,31,022,022,1462,1498,160,234,35,7,1.0,upright,manual
Ev,Ev07,32,092,092,1500,1537,164,237,36,14,1.0,upright,manual
Ev,Ev07,33,090f,090,1534,1575,173,237,41,15,1.0,upright,manual
Ev,Ev07,34,092,092,1565,1608,171,239,43,13,1.0,upright,manual
Ev,Ev07,35,386.074,386,1653,1721,169,235,68,37,1.0,upright,manual
Ev,Ev07,36,755,755,1695,1756,158,224,55,18,1.0,upright,manual
Ev,Ev07,37,298,298,1738,1835,183,249,97,28,1.0,upright,manual
Ev,Ev07,38,020,020,1820,1896,188,251,76,9,1.0,upright,manual
Ev,Ev07,39,079.010,079,1821,1850,189,250,29,22,1.0,upright,manual
Ev,Ev07,40,079.010,079,1884,1956,186,249,46,21,1.0,upright,manual
Ev,Ev07,41,001,001,1937,1954,188,252,0,5,1.0,upright,manual
Ev,Ev07,42,001,001,1951,1973,208,252,0,6,1.0,upright,manual
Ev,Ev08,0,200.007,200,1643,1735,115,172,92,35,1.0,flipped,manual
Ev,Ev08,1,073.006,073,1590,1644,109,171,54,20,1.0,flipped,manual
Ev,Ev08,2,001.006,001,1558,1612,104,171,54,20,1.0,flipped,manual
Ev,Ev08,3,011,011,1537,1553,104,164,16,6,1.0,flipped,manual
Ev,Ev08,4,073.006,073,1484,1538,102,159,54,20,1.0,flipped,manual
Ev,Ev08,5,700,700,1473,1492,98,154,19,8,1.0,flipped,manual
Ev,Ev08,6,022,022,1470,1492,89,152,22,7,1.0,flipped,manual
Ev,Ev08,7,022,022,1473,1491,95,156,18,8,1.0,flipped,manual
Ev,Ev08,8,305.053,305,1406,1466,91,159,56,36,1.0,flipped,manual
Ev,Ev08,9,022f.010,022,1363,1402,86,157,36,16,1.0,flipped,manual
Ev,Ev08,10,022,022,1344,1360,91,155,16,6,1.0,flipped,manual
Ev,Ev08,11,022,022,1274,1322,80,151,46,6,1.0,flipped,manual
Ev,Ev08,12,755,755,1303,1319,85,151,16,18,1.0,flipped,manual
Ev,Ev08,13,099,099,1217,1265,80,144,48,18,1.0,flipped,manual
Ev,Ev08,14,755,755,1190,1234,80,146,43,17,1.0,flipped,manual
Ev,Ev08,15,001,001,1165,1181,79,147,16,6,1.0,flipped,manual
Ev,Ev08,16,046,046,1128,1157,78,150,29,11,1.0,flipped,manual
Ev,Ev08,17,073.006,073,1074,1133,78,146,59,22,1.0,flipped,manual
Ev,Ev08,18,522f,522,1055,1111,80,148,56,21,1.0,flipped,manual
Ev,Ev08,19,050,050,1031,1058,76,142,27,10,1.0,flipped,manual
Ev,Ev08,20,022f,022,997,1020,67,132,23,9,1.0,flipped,manual
Ev,Ev08,21,055b,055,973,997,67,127,24,9,1.0,flipped,manual
Ev,Ev08,22,590.001,590,918,983,64,130,65,27,1.0,flipped,manual
Ev,Ev08,23,755,755,904,947,64,130,43,16,1.0,flipped,manual
Ev,Ev08,24,459,459,924,931,64,129,7,21,1.0,flipped,manual
Ev,Ev08,25,379,379,848,903,62,129,55,29,1.0,flipped,manual
Ev,Ev08,26,006.077,006,775,852,60,125,76,35,1.0,flipped,manual
Ev,Ev08,27,202s,202,703,796,58,122,93,26,1.0,flipped,manual
Ev,Ev08,28,739.006,739,660,730,58,119,70,10,1.0,flipped,manual
Ev,Ev08,29,020,020,644,671,59,123,27,9,1.0,flipped,manual
Ev,Ev08,30,002,002,622,645,59,120,23,24,1.0,flipped,manual
Ev,Ev08,31,068.010,068,492,617,54,120,125,10,1.0,flipped,manual
Ev,Ev08,32,077.254,077,572,608,51,118,28,37,1.0,flipped,manual
Ev,Ev08,33,055b,055,507,534,56,120,27,9,1.0,flipped,manual
Ev,Ev08,34,095,095,473,516,57,123,43,16,1.0,flipped,manual
Ev,Ev08,35,326,326,401,479,57,123,78,29,1.0,flipped,manual
Ev,Ev08,36,019,019,368,396,56,117,28,8,1.0,flipped,manual
Ev,Ev08,37,057,057,333,376,56,120,43,16,1.0,flipped,manual
Ev,Ev08,38,019,019,312,331,56,118,19,8,1.0,flipped,manual
Ev,Ev08,39,107,107,283,306,58,119,23,9,1.0,flipped,manual
Ev,Ev08,40,019,019,279,297,58,122,18,7,1.0,flipped,manual
Gr,Gr01,0,215,215,0,-224,714,773,0,21,0.57,upright,auto
Gr,Gr01,1,001,001,0,-89,707,773,0,30,0.559,upright,auto
Gr,Gr01,2,739,739,0,28,699,786,0,27,-1.0,upright,auto
Gr,Gr01,3,522,522,0,120,690,766,66,23,-1.0,upright,auto
Gr,Gr01,4,045.061.009,045,76,210,682,773,134,21,0.422,upright,auto
Gr,Gr01,5,260.001,260,174,262,689,776,88,14,0.345,upright,auto
Gr,Gr01,6,004.711,004,225,380,731,776,155,24,0.489,upright,auto
Gr,Gr01,7,260.001,260,353,385,727,776,32,5,0.453,upright,auto
Gr,Gr01,8,004.711,004,376,414,727,775,38,6,0.405,upright,auto
Gr,Gr01,9,510,510,395,503,683,735,56,17,0.286,upright,auto
Gr,Gr01,10,256,256,464,616,686,770,152,24,0.334,upright,auto
Gr,Gr01,11,522f,522,542,677,718,773,135,21,0.378,upright,auto
Gr,Gr01,12,254,254,636,835,712,773,199,31,0.38,upright,auto
Gr,Gr01,13,022f,022,785,823,700,773,38,6,0.427,upright,auto
Gr,Gr01,14,153,153,811,893,692,773,82,13,0.536,upright,auto
Gr,Gr01,15,020.003,020,857,940,698,769,83,13,0.53,upright,auto
Gr,Gr01,16,515,515,919,1042,707,769,123,19,0.608,upright,auto
Gr,Gr01,17,040,040,992,1031,703,766,39,6,0.607,upright,auto
Gr,Gr01,18,670,670,1008,1148,703,766,140,22,0.482,upright,auto
Gr,Gr01,19,020,020,1148,1204,703,766,56,9,0.515,upright,auto
Gr,Gr01,20,022,022,1191,1230,703,766,39,6,0.459,upright,auto
Gr,Gr01,21,062.001,062,1225,1308,703,762,83,13,0.51,upright,auto
Gr,Gr01,22,099,099,1283,1379,706,766,96,15,0.497,upright,auto
Gr,Gr01,23,022,022,1359,1391,706,766,32,5,0.508,upright,auto
Gr,Gr01,24,095:079,095,1339,1485,703,769,146,23,0.516,upright,auto
Gr,Gr01,25,001,001,1440,1517,697,767,77,12,0.671,upright,auto
Gr,Gr01,26,001.010,001,1460,1595,696,764,135,21,0.626,upright,auto
Gr,Gr01,27,007,007,1566,1630,713,765,64,10,0.685,upright,auto
Gr,Gr02,9,073V.006,073,1987,1992,613,700,0,18,-1.0,flipped,auto
Gr,Gr02,10,451,451,1964,1992,613,697,0,10,-1.0,flipped,auto
Gr,Gr02,11,073.006,073,1866,1947,644,735,55,15,0.274,flipped,auto
Gr,Gr02,12,700,700,1845,1889,648,735,44,8,0.368,flipped,auto
Gr,Gr02,13,720,720,1804,1881,644,731,62,14,0.436,flipped,auto
Gr,Gr02,14,376,376,1776,1858,648,731,72,15,0.419,flipped,auto
Gr,Gr02,15,073.006,073,1741,1785,641,724,37,8,0.468,flipped,auto
Gr,Gr02,16,700x,700,1641,1761,644,731,99,22,0.391,flipped,auto
Gr,Gr02,17,600.004,600,1537,1657,644,700,84,22,0.36,flipped,auto
Gr,Gr02,18,605s,605,1518,1556,641,700,18,7,0.401,flipped,auto
Gr,Gr02,19,004,004,1462,1539,641,700,49,14,0.35,flipped,auto
Gr,Gr02,20,522,522,1343,1498,606,700,84,28,0.346,flipped,auto
Gr,Gr02,21,700.600,700,1325,1413,606,697,52,16,0.582,flipped,auto
Gr,Gr02,22,059,059,1269,1362,613,697,73,17,0.517,flipped,auto
Gr,Gr02,23,004.006,004,1211,1260,613,697,40,9,0.58,flipped,auto
Gr,Gr02,24,132,132,1229,1256,613,700,22,5,0.564,flipped,auto
Gr,Gr02,25,056,056,1232,1281,631,704,49,9,0.605,flipped,auto
Gr,Gr02,26,007,007,1180,1251,617,704,53,13,0.56,flipped,auto
Gr,Gr02,27,700x.010f,700,1098,1201,613,700,100,19,0.346,flipped,auto
Gr,Gr02,28,067,067,1070,1119,586,652,49,9,0.408,flipped,auto
Gr,Gr03,0,680,680,73,249,548,641,172,31,0.381,upright,auto
Gr,Gr03,1,470,470,179,287,544,638,93,19,0.545,upright,auto
Gr,Gr03,2,001t,001,261,352,541,635,69,16,0.467,upright,auto
Gr,Gr03,3,430,430,324,385,536,630,52,11,0.47,upright,auto
Gr,Gr03,4,580c,580,361,447,537,635,61,15,0.562,upright,auto
Gr,Gr03,5,380.001.003,380,428,467,543,623,30,7,0.581,upright,auto
Gr,Gr03,6,602.009,602,402,824,527,625,275,74,0.541,upright,auto
Gr,Gr03,7,232,232,730,813,530,623,66,15,0.61,upright,auto
Gr,Gr03,8,600,600,829,868,549,615,38,7,0.619,upright,auto
Gr,Gr03,9,380.001.003,380,776,1088,519,616,203,55,0.618,upright,auto
Gr,Gr03,10,595.005,595,1026,1087,523,610,41,11,0.708,upright,auto
Gr,Gr03,11,122,122,1060,1151,522,613,65,16,0.67,upright,auto
Gr,Gr03,12,280,280,1125,1228,517,608,70,18,0.56,upright,auto
Gr,Gr03,13,067,067,1188,1318,513,607,89,23,0.481,upright,auto
Gr,Gr03,14,059f,059,1292,1342,512,602,22,9,0.437,upright,auto
Gr,Gr03,15,069.700,069,1307,1470,511,608,101,29,0.495,upright,auto
Gr,Gr03,16,380.001.003,380,1415,1512,521,604,57,17,0.524,upright,auto
Gr,Gr03,17,002,002,1484,1540,520,600,31,10,0.64,upright,auto
Gr,Gr03,18,609,609,1506,1636,513,603,88,23,0.645,upright,auto
Gr,Gr03,19,380.001.003,380,1598,1689,513,599,59,16,0.653,upright,auto
Gr,Gr03,20,597,597,1682,1727,530,599,45,8,0.765,upright,auto
Gr,Gr03,21,380.001.003,380,1699,1785,526,599,66,15,0.682,upright,auto
Gr,Gr03,22,059f,059,1760,1827,519,609,43,12,0.524,upright,auto
Gr,Gr03,23,720,720,1804,1901,533,606,75,17,0.212,upright,auto
Gr,Gr03,24,380.001.003,380,1906,1950,540,596,24,8,0.274,upright,auto
Gr,Gr04,0,200,200,1642,1698,417,504,56,13,0.389,flipped,auto
Gr,Gr04,1,092,092,1586,1645,413,493,59,13,0.308,flipped,auto
Gr,Gr04,2,001,001,1536,1558,416,492,22,5,0.356,flipped,auto
Gr,Gr04,3,380.001.003,380,1438,1540,415,509,68,23,0.404,flipped,auto
Gr,Gr04,4,005.006.010,005,1369,1466,421,511,66,22,0.451,flipped,auto
Gr,Gr04,5,380.001.003,380,1299,1397,416,503,98,22,0.449,flipped,auto
Gr,Gr04,6,315,315,1222,1351,416,513,102,29,0.42,flipped,auto
Gr,Gr04,7,380.001.003,380,1147,1240,416,506,84,21,0.473,flipped,auto
Gr,Gr04,8,090,090,1065,1179,413,507,64,26,0.564,flipped,auto
Gr,Gr04,9,001,001,996,1103,420,511,81,24,0.532,flipped,auto
Gr,Gr04,10,380.001.003,380,951,1027,417,515,76,17,0.423,flipped,auto
Gr,Gr04,11,316s,316,898,995,418,516,84,22,0.422,flipped,auto
Gr,Gr04,12,380.001.003,380,834,948,416,514,86,26,0.46,flipped,auto
Gr,Gr04,13,602.003,602,770,858,421,512,72,20,0.433,flipped,auto
Gr,Gr04,14,007,007,709,843,423,524,98,30,0.678,flipped,auto
Gr,Gr04,15,093.075,093,658,719,422,516,55,14,0.64,flipped,auto
Gr,Gr04,16,380.001.003,380,455,676,425,523,176,50,0.684,flipped,auto
Gr,Gr04,17,002,002,350,506,434,532,115,35,0.698,flipped,auto
Gr,Gr04,18,684,684,325,391,441,535,44,15,0.506,flipped,auto
Gr,Gr04,19,380.001.003,380,313,342,439,509,28,7,0.535,flipped,auto
Gr,Gr04,20,019,019,285,312,445,535,21,6,0.536,flipped,auto
Gr,Gr04,21,019,019,278,307,443,533,29,7,0.483,flipped,auto
Gr,Gr04,22,001,001,249,310,445,532,52,14,0.538,flipped,auto
Gr,Gr04,23,380.001.003,380,154,261,455,529,85,24,0.588,flipped,auto
Gr,Gr05,0,062x.007,062,33,163,349,443,102,23,0.417,upright,auto
Gr,Gr05,1,001,001,144,177,344,438,20,6,0.492,upright,auto
Gr,Gr05,2,380.001.003,380,154,262,348,439,54,19,0.442,upright,auto
Gr,Gr05,3,216s,216,225,407,336,430,104,32,0.51,upright,auto
Gr,Gr05,4,020,020,364,415,335,425,29,9,0.637,upright,auto
Gr,Gr05,5,007,007,391,488,329,423,60,17,0.719,upright,auto
Gr,Gr05,6,320.070,320,447,624,332,425,115,31,0.725,upright,auto
Gr,Gr05,7,600,600,569,688,328,415,76,21,0.746,upright,auto
Gr,Gr05,8,380.001.003,380,644,724,329,416,65,14,0.694,upright,auto
Gr,Gr05,9,290.020,290,697,742,328,412,39,8,0.72,upright,auto
Gr,Gr05,10,079,079,709,861,320,413,100,27,0.801,upright,auto
Gr,Gr05,11,280,280,805,976,324,415,107,30,0.7,upright,auto
Gr,Gr05,12,002,002,943,987,320,407,26,8,0.657,upright,auto
Gr,Gr05,13,280,280,958,1072,316,410,75,20,0.631,upright,auto
Gr,Gr05,14,030a,030,1056,1106,323,396,39,9,0.623,upright,auto
Gr,Gr05,15,380.001.003,380,1086,1205,323,406,86,21,0.585,upright,auto
Gr,Gr05,16,088,088,1187,1243,320,410,38,10,0.667,upright,auto
Gr,Gr05,17,001,001,1231,1259,323,407,22,5,0.776,upright,auto
Gr,Gr05,18,047,047,1255,1310,320,407,39,10,0.775,upright,auto
Gr,Gr05,19,001,001,1302,1335,328,404,19,6,0.75,upright,auto
Gr,Gr05,20,380.001.003,380,1320,1392,325,412,51,13,0.68,upright,auto
Gr,Gr05,21,280,280,1378,1405,329,409,24,5,0.653,upright,auto
Gr,Gr05,22,001,001,1389,1508,331,418,75,21,0.657,upright,auto
Gr,Gr05,23,521,521,1492,1519,329,395,20,5,0.704,upright,auto
Gr,Gr05,24,280,280,1497,1610,330,414,68,20,0.589,upright,auto
Gr,Gr05,25,001,001,1565,1717,330,414,101,27,0.485,upright,auto
Gr,Gr05,26,521,521,1695,1723,330,413,28,5,0.531,upright,auto
Gr,Gr05,27,001,001,1707,1746,331,411,33,7,0.581,upright,auto
Gr,Gr05,28,022.061,022,1727,1829,337,417,69,18,0.663,upright,auto
Gr,Gr05,29,280,280,1798,1884,337,424,59,15,0.596,upright,auto
Gr,Gr05,30,380.001.003,380,1852,1880,353,423,21,5,0.396,upright,auto
Gr,Gr05,31,001,001,1890,1907,358,424,14,3,0.478,upright,auto
Gr,Gr06,0,001.062,001,1879,1944,252,332,56,12,0.437,flipped,auto
Gr,Gr06,1,001.003,001,1817,1861,245,322,44,8,0.252,flipped,auto
Gr,Gr06,2,522,522,1796,1861,246,322,51,12,0.342,flipped,auto
Gr,Gr06,3,380.001.003,380,1739,1815,243,323,71,14,0.342,flipped,auto
Gr,Gr06,4,731s,731,1721,1760,243,316,29,7,0.479,flipped,auto
Gr,Gr06,5,670,670,1699,1727,243,316,15,5,0.538,flipped,auto
Gr,Gr06,6,001,001,1651,1716,240,327,54,12,0.499,flipped,auto
Gr,Gr06,7,380.001.003,380,1556,1687,237,324,89,24,0.453,flipped,auto
Gr,Gr06,8,022.370y,022,1534,1616,238,318,59,15,0.406,flipped,auto
Gr,Gr06,9,371,371,1396,1511,232,322,94,21,0.459,flipped,auto
Gr,Gr06,10,380.001.003,380,1326,1429,225,319,71,19,0.529,flipped,auto
Gr,Gr06,11,090,090,1276,1347,229,309,68,13,0.391,flipped,auto
Gr,Gr06,12,001,001,1170,1309,226,313,63,25,0.345,flipped,auto
Gr,Gr06,13,607,607,1091,1211,231,314,84,22,0.373,flipped,auto
Gr,Gr06,14,371,371,1023,1121,231,322,73,18,0.397,flipped,auto
Gr,Gr06,15,380.001.003,380,941,1050,228,305,77,20,0.378,flipped,auto
Gr,Gr06,16,256.003,256,819,985,219,309,109,30,0.52,flipped,auto
Gr,Gr06,17,380.001.003,380,749,869,226,310,82,22,0.517,flipped,auto
Gr,Gr06,18,633,633,599,798,224,318,167,36,0.448,flipped,auto
Gr,Gr06,19,380.001.003,380,568,639,228,319,59,13,0.544,flipped,auto
Gr,Gr06,20,005,005,537,586,228,319,36,9,0.611,flipped,auto
Gr,Gr06,21,066,066,466,564,232,319,56,18,0.6,flipped,auto
Gr,Gr06,22,380.001.003,380,355,475,233,324,103,22,0.611,flipped,auto
Gr,Gr06,23,290.001,290,331,374,234,328,39,8,0.648,flipped,auto
Gr,Gr06,24,066,066,253,345,238,325,79,17,0.438,flipped,auto
Gr,Gr06,25,380.001.003,380,191,224,249,332,27,6,0.496,flipped,auto
Gr,Gr06,26,003.003.004,003,147,196,249,322,38,9,0.401,flipped,auto
Gr,Gr06,27,215,215,121,159,242,333,32,7,0.464,flipped,auto
Gr,Gr06,28,380.001.003,380,78,181,243,330,103,19,0.288,flipped,auto
Gr,Gr07,0,079,079,25,81,157,240,39,10,0.662,upright,auto
Gr,Gr07,1,450,450,62,112,159,236,29,9,0.579,upright,auto
Gr,Gr07,2,019.069,019,95,177,148,238,49,15,0.519,upright,auto
Gr,Gr07,3,380.001.003,380,148,261,146,233,83,20,0.445,upright,auto
Gr,Gr07,4,162,162,228,294,138,228,45,12,0.456,upright,auto
Gr,Gr07,5,522f,522,267,350,134,228,61,15,0.593,upright,auto
Gr,Gr07,6,050f,050,326,376,133,224,39,9,0.679,upright,auto
Gr,Gr07,7,002,002,353,452,136,223,85,18,0.775,upright,auto
Gr,Gr07,8,450,450,411,535,128,226,104,22,0.642,upright,auto
Gr,Gr07,9,380.001.003,380,507,573,135,225,44,12,0.7,upright,auto
Gr,Gr07,10,091,091,545,612,131,225,47,12,0.75,upright,auto
Gr,Gr07,11,773,773,582,716,127,224,87,24,0.773,upright,auto
Gr,Gr07,12,260.011,260,691,735,134,221,35,8,0.61,upright,auto
Gr,Gr07,13,020,020,680,803,127,224,111,22,0.539,upright,auto
Gr,Gr07,14,306.124,306,798,853,127,224,39,10,0.473,upright,auto
Gr,Gr07,15,730,730,828,908,127,225,59,14,0.407,upright,auto
Gr,Gr07,16,006.001.006,006,882,942,138,221,48,11,0.506,upright,auto
Gr,Gr07,17,002,002,919,986,138,222,55,12,0.567,upright,auto
Gr,Gr07,18,020:008,020,971,1004,138,222,26,6,0.654,upright,auto
Gr,Gr07,19,302,302,994,1055,132,226,39,11,0.757,upright,auto
Gr,Gr07,20,098,098,1021,1145,129,220,78,22,0.765,upright,auto
Gr,Gr07,21,007,007,1097,1193,133,227,64,17,0.683,upright,auto
Gr,Gr07,22,059f,059,1159,1247,134,228,59,16,0.663,upright,auto
Gr,Gr07,23,002.109,002,1220,1302,139,223,60,15,0.595,upright,auto
Gr,Gr07,24,022f.291,022,1279,1367,137,227,55,16,0.438,upright,auto
Gr,Gr07,25,291,291,1325,1465,142,229,83,25,0.468,upright,auto
Gr,Gr07,26,773,773,1416,1523,144,235,61,19,0.618,upright,auto
Gr,Gr07,27,005,005,1496,1552,146,226,37,10,0.629,upright,auto
Gr,Gr07,28,291,291,1523,1567,147,227,44,8,0.502,upright,auto
Gr,Gr07,29,098,098,1547,1726,153,240,114,32,0.372,upright,auto
Gr,Gr07,30,007,007,1670,1758,159,236,55,16,0.313,upright,auto
Gr,Gr07,31,004f.124,004,1730,1818,172,241,57,16,0.344,upright,auto
Gr,Gr07,32,098,098,1781,1933,172,248,102,27,0.125,upright,auto
Gv,Gv02,0,001.062,001,1882,1942,598,661,52,11,0.425,flipped,auto
Gv,Gv02,1,030b,030,1807,1890,609,683,57,15,0.349,flipped,auto
Gv,Gv02,2,001,001,1740,1823,589,673,59,15,0.408,flipped,auto
Gv,Gv02,3,031a,031,1710,1765,592,666,40,10,0.495,flipped,auto
Gv,Gv02,4,001,001,1667,1723,591,678,37,10,0.546,flipped,auto
Gv,Gv02,5,001f.076,001,1630,1679,597,674,31,9,0.529,flipped,auto
Gv,Gv02,6,074f?,074,1551,1663,596,677,63,20,0.615,flipped,auto
Gv,Gv02,7,031b,031,1509,1581,596,683,49,13,0.513,flipped,auto
Gv,Gv02,8,086f?.076,086,1461,1527,598,682,42,12,0.597,flipped,auto
Gv,Gv02,9,722.086f?,722,1446,1479,600,680,23,6,0.635,flipped,auto
Gv,Gv02,10,022?,022,1320,1477,599,689,99,28,0.702,flipped,auto
Gv,Gv02,11,674.076,674,1278,1374,609,689,61,17,0.661,flipped,auto
Gv,Gv02,12,009?,009,1210,1312,611,687,65,18,0.595,flipped,auto
Gv,Gv02,13,452,452,1107,1253,606,697,96,26,0.621,flipped,auto
Gv,Gv02,14,112,112,1063,1146,611,688,53,15,0.635,flipped,auto
Gv,Gv02,15,059f,059,949,1111,609,697,102,29,0.558,flipped,auto
Gv,Gv02,16,214s.076,214,887,1000,611,698,71,20,0.539,flipped,auto
Gv,Gv02,17,280,280,882,910,615,695,18,5,0.635,flipped,auto
Gv,Gv02,18,011,011,868,896,618,684,12,5,0.768,flipped,auto
Gv,Gv02,19,003,003,833,877,615,702,30,8,0.775,flipped,auto
Gv,Gv02,20,044f,044,797,847,615,699,31,9,0.812,flipped,auto
Gv,Gv02,21,020,020,728,824,615,699,65,17,0.806,flipped,auto
Gv,Gv02,22,008.003,008,723,751,619,695,25,5,0.765,flipped,auto
Gv,Gv02,23,033b,033,679,718,622,706,32,7,0.733,flipped,auto
Gv,Gv02,24,059f,059,611,694,615,698,50,15,0.725,flipped,auto
Gv,Gv02,25,224.076,224,521,650,614,701,80,23,0.687,flipped,auto
Gv,Gv02,26,062x.070,062,444,568,610,697,79,22,0.616,flipped,auto
Gv,Gv02,27,739?,739,423,473,612,699,34,9,0.676,flipped,auto
Gv,Gv02,28,471,471,337,449,611,695,74,20,0.55,flipped,auto
Gv,Gv02,29,460y,460,291,368,609,693,55,14,0.585,flipped,auto
Gv,Gv02,30,254,254,174,330,604,688,96,28,0.568,flipped,auto
Gv,Gv02,31,022,022,182,216,605,682,29,6,0.519,flipped,auto
Gv,Gv02,32,700,700,144,194,601,678,37,9,0.501,flipped,auto
Gv,Gv02,33,092f.076,092,49,173,602,686,88,22,0.283,flipped,auto
Gv,Gv02,34,022.124,022,2,79,596,673,17,14,0.538,flipped,auto
Gv,Gv03,0,092,092,3,80,499,576,36,14,0.248,upright,auto
Gv,Gv03,1,022,022,60,93,499,576,33,6,0.226,upright,auto
Gv,Gv03,2,692.076,692,97,225,510,600,77,23,0.401,upright,auto
Gv,Gv03,3,092,092,174,318,513,600,93,26,0.474,upright,auto
Gv,Gv03,4,151,151,280,362,509,603,70,15,0.502,upright,auto
Gv,Gv03,5,692,692,326,457,520,614,108,24,0.682,upright,auto
Gv,Gv03,6,525.076,525,433,493,519,610,47,11,0.688,upright,auto
Gv,Gv03,7,739,739,477,521,523,610,30,8,0.654,upright,auto
Gv,Gv03,8,044f,044,501,583,519,613,51,15,0.558,upright,auto
Gv,Gv03,9,090f,090,543,663,518,620,97,22,0.557,upright,auto
Gv,Gv03,10,430.076,430,632,703,518,619,71,13,0.598,upright,auto
Gv,Gv03,11,670,670,652,856,507,608,165,37,0.518,upright,auto
Gv,Gv03,12,256?,256,811,849,507,608,35,7,0.649,upright,auto
Gv,Gv03,13,044.600.076,044,831,912,506,607,81,15,0.658,upright,auto
Gv,Gv03,14,291,291,866,1032,509,610,137,30,0.55,upright,auto
Gv,Gv03,15,776a,776,980,1092,508,609,71,20,0.62,upright,auto
Gv,Gv03,16,306,306,1046,1217,504,601,142,31,0.635,upright,auto
Gv,Gv03,17,770.076,770,1170,1235,499,597,65,12,0.76,upright,auto
Gv,Gv03,18,306,306,1211,1277,499,597,52,12,0.762,upright,auto
Gv,Gv03,19,608:700,608,1233,1404,502,599,122,31,0.706,upright,auto
Gv,Gv03,20,005,005,1348,1514,500,594,105,30,0.505,upright,auto
Gv,Gv03,21,608:700,608,1475,1557,509,593,59,15,0.509,upright,auto
Gv,Gv03,22,006.074,006,1529,1652,501,592,82,22,0.619,upright,auto
Gv,Gv03,23,430.076,430,1609,1697,500,591,52,16,0.65,upright,auto
Gv,Gv03,24,070,070,1667,1760,499,590,60,17,0.665,upright,auto
Gv,Gv03,25,003:042.076,003,1721,1824,509,599,66,19,0.609,upright,auto
Gv,Gv03,26,040.003,040,1798,1858,515,592,49,11,0.53,upright,auto
Gv,Gv03,27,031,031,1823,1861,521,598,19,7,0.324,upright,auto
Gv,Gv03,28,056,056,1847,1902,520,587,45,10,0.361,upright,auto
Gv,Gv04,0,470y.076,470,1910,1937,427,521,22,5,0.521,flipped,auto
Gv,Gv04,1,070,070,1813,1938,421,515,103,24,0.32,flipped,auto
Gv,Gv04,2,500.069,500,1768,1843,412,502,57,14,0.501,flipped,auto
Gv,Gv04,3,091,091,1672,1800,406,500,92,24,0.598,flipped,auto
Gv,Gv04,4,430.076,430,1634,1698,404,491,44,12,0.507,flipped,auto
Gv,Gv04,5,008.600,008,1569,1660,405,495,65,17,0.389,flipped,auto
Gv,Gv04,6,091f,091,1474,1613,403,497,96,26,0.454,flipped,auto
Gv,Gv04,7,650y.076,650,1368,1523,405,495,124,29,0.644,flipped,auto
Gv,Gv04,8,123,123,1364,1404,402,493,34,8,0.57,flipped,auto
Gv,Gv04,9,022f.062,022,1321,1377,403,497,42,11,0.639,flipped,auto
Gv,Gv04,10,048,048,1290,1370,404,498,79,15,0.439,flipped,auto
Gv,Gv04,11,700x,700,1274,1322,405,492,48,9,0.562,flipped,auto
Gv,Gv04,12,111,111,1240,1288,409,492,30,9,0.56,flipped,auto
Gv,Gv04,13,111,111,1199,1260,406,489,50,12,0.483,flipped,auto
Gv,Gv04,14,600,600,1160,1216,407,494,42,11,0.432,flipped,auto
Gv,Gv04,15,046f,046,1049,1142,411,498,70,18,0.422,flipped,auto
Gv,Gv04,16,074,074,1013,1061,419,503,38,9,0.469,flipped,auto
Gv,Gv04,17,321,321,982,1022,413,500,32,8,0.452,flipped,auto
Gv,Gv04,18,022f.010,022,894,990,414,504,63,18,0.561,flipped,auto
Gv,Gv04,19,081,081,864,928,418,509,42,12,0.633,flipped,auto
Gv,Gv04,20,227s.033a,227,814,881,419,509,43,13,0.558,flipped,auto
Gv,Gv04,21,460.077,460,707,848,417,507,113,27,0.54,flipped,auto
Gv,Gv04,22,021h.070,021,700,735,418,508,32,7,0.544,flipped,auto
Gv,Gv04,23,040,040,602,717,429,509,78,22,0.469,flipped,auto
Gv,Gv04,24,005.076,005,532,644,430,511,54,21,0.587,flipped,auto
Gv,Gv04,25,502,502,440,570,425,516,92,25,0.589,flipped,auto
Gv,Gv04,26,002,002,390,481,426,507,50,17,0.495,flipped,auto
Gv,Gv04,27,008,008,374,414,431,514,24,8,0.478,flipped,auto
Gv,Gv04,28,005.076,005,318,390,431,512,50,14,0.495,flipped,auto
Gv,Gv04,29,040.074f,040,251,344,425,502,62,18,0.421,flipped,auto
Gv,Gv04,30,048?,048,190,270,420,503,54,15,0.4,flipped,auto
Gv,Gv04,31,009,009,168,208,427,508,40,8,0.369,flipped,auto
Gv,Gv04,32,005,005,59,198,422,505,117,26,0.252,flipped,auto
Gv,Gv05,0,005.033,005,61,160,339,429,67,18,0.46,upright,auto
Gv,Gv05,1,001.010,001,127,231,346,427,95,19,0.536,upright,auto
Gv,Gv05,2,001.074,001,192,264,355,431,54,13,0.442,upright,auto
Gv,Gv05,3,021t,021,245,278,392,427,22,6,0.464,upright,auto
Gv,Gv05,4,048,048,268,311,349,429,30,8,0.539,upright,auto
Gv,Gv05,5,200,200,281,399,344,431,74,21,0.547,upright,auto
Gv,Gv05,6,200,200,360,453,345,432,62,17,0.533,upright,auto
Gv,Gv05,7,421.421.008,421,421,504,336,430,67,15,0.558,upright,auto
Gv,Gv05,8,421.421,421,465,593,330,424,104,23,0.545,upright,auto
Gv,Gv05,9,421,421,534,723,333,427,124,34,0.604,upright,auto
Gv,Gv05,10,029y,029,677,776,330,424,64,18,0.702,upright,auto
Gv,Gv05,11,421.048,421,753,819,334,425,43,12,0.638,upright,auto
Gv,Gv05,12,027.330,027,789,923,332,419,89,24,0.63,upright,auto
Gv,Gv05,13,048,048,895,950,326,413,46,10,0.703,upright,auto
Gv,Gv05,14,700,700,910,1055,324,411,121,26,0.649,upright,auto
Gv,Gv05,15,700,700,1031,1070,328,412,25,7,0.592,upright,auto
Gv,Gv05,16,700,700,1087,1126,320,408,26,7,0.649,upright,auto
Gv,Gv05,17,001.006,001,1091,1129,319,406,26,7,0.605,upright,auto
Gv,Gv05,18,700,700,1112,1189,314,405,51,14,0.601,upright,auto
Gv,Gv05,19,430,430,1165,1220,316,407,32,10,0.601,upright,auto
Gv,Gv05,20,700,700,1196,1273,321,405,44,14,0.548,upright,auto
Gv,Gv05,21,005t,005,1224,1413,315,402,121,34,0.528,upright,auto
Gv,Gv05,22,316,316,1361,1438,319,399,56,14,0.572,upright,auto
Gv,Gv05,23,001.006,001,1416,1460,324,408,31,8,0.546,upright,auto
Gv,Gv05,24,700,700,1421,1605,318,409,150,33,0.408,upright,auto
Gv,Gv05,25,300.300.301,300,1557,1650,318,409,83,17,0.402,upright,auto
Gv,Gv05,26,055a,055,1660,1726,330,407,53,12,0.479,upright,auto
Gv,Gv05,27,630.061.076,630,1650,1784,328,405,87,24,0.499,upright,auto
Gv,Gv05,28,200,200,1751,1839,329,412,56,16,0.365,upright,auto
Gv,Gv05,29,048,048,1823,1861,331,404,36,7,0.177,upright,auto
Gv,Gv05,30,430?,430,1882,1937,343,378,48,10,0.539,upright,auto
Gv,Gv07,0,630,630,45,105,147,245,15,10,0.556,upright,auto
Gv,Gv07,1,005,005,86,242,151,249,98,26,0.507,upright,auto
Gv,Gv07,2,091,091,175,215,151,249,34,7,0.585,upright,auto
Gv,Gv07,3,005,005,224,368,154,252,89,24,0.517,upright,auto
Gv,Gv07,4,700.076,700,326,428,150,244,84,17,0.581,upright,auto
Gv,Gv07,5,001,001,381,495,149,244,89,19,0.569,upright,auto
Gv,Gv07,6,200.600,200,448,531,149,243,49,14,0.535,upright,auto
Gv,Gv07,7,082a,082,506,560,144,238,33,9,0.57,upright,auto
Gv,Gv07,8,083,083,541,595,147,237,35,9,0.603,upright,auto
Gv,Gv07,9,700,700,564,655,146,236,47,15,0.56,upright,auto
Gv,Gv07,10,522f,522,609,729,144,234,72,20,0.512,upright,auto
Gv,Gv07,11,430.076,430,677,839,141,238,98,27,0.593,upright,auto
Gv,Gv07,12,730,730,790,850,149,239,38,10,0.549,upright,auto
Gv,Gv07,13,005,005,817,937,139,233,74,20,0.576,upright,auto
Gv,Gv07,14,700,700,883,1056,138,236,105,29,0.6,upright,auto
Gv,Gv07,15,730,730,1006,1108,144,231,71,17,0.489,upright,auto
Gv,Gv07,16,022,022,1125,1179,144,224,49,9,0.379,upright,auto
Gv,Gv07,17,515.076,515,1196,1262,141,228,60,11,0.376,upright,auto
Gv,Gv07,18,700,700,1196,1335,140,227,139,23,0.369,upright,auto
Gv,Gv07,19,047,047,1266,1354,152,229,70,15,0.233,upright,auto
Gv,Gv07,20,700,700,1330,1373,152,226,36,7,0.25,upright,auto
Gv,Gv07,21,430.076.049f.010,430,1354,1414,143,216,36,10,0.276,upright,auto
Gv,Gv07,22,020.006,020,1386,1494,139,216,107,18,0.334,upright,auto
Gv,Gv07,23,001,001,1464,1541,141,221,77,13,0.458,upright,auto
Gv,Gv07,24,739,739,1528,1653,137,216,74,21,0.419,upright,auto
Gv,Gv07,25,700.074,700,1610,1738,131,208,68,21,0.407,upright,auto
Gv,Gv07,26,381,381,1733,1793,126,210,59,10,0.427,upright,auto
Gv,Gv07,27,647,647,1734,1806,122,206,35,12,0.511,upright,auto
Gv,Gv07,28,380.009,380,1771,1831,84,167,60,10,0.432,upright,auto
Gv,Gv07,29,006.500.006.500.044,006,1786,1917,88,158,116,22,0.298,upright,auto
Gv,Gv07,30,326,326,1881,1984,54,141,0,21,0.162,upright,auto
Gv,Gv08,0,770,770,1815,1927,95,179,91,20,0.367,flipped,auto
Gv,Gv08,1,380.013,380,1746,1848,83,167,102,18,0.336,flipped,auto
Gv,Gv08,2,064.074,064,1691,1782,78,165,91,16,0.443,flipped,auto
Gv,Gv08,3,022,022,1667,1739,71,147,72,13,0.527,flipped,auto
Gv,Gv08,4,711,711,1599,1706,67,142,107,19,0.504,flipped,auto
Gv,Gv08,5,600y,600,1548,1631,67,138,83,15,0.568,flipped,auto
Gv,Gv08,6,048.074,048,1484,1581,67,140,97,17,0.613,flipped,auto
Gv,Gv08,7,512.074.086,512,1459,1555,67,137,96,17,0.577,flipped,auto
Gv,Gv08,8,045,045,1446,1479,67,128,33,6,0.514,flipped,auto
Gv,Gv08,9,200,200,1346,1429,67,137,69,15,0.381,flipped,auto
Gv,Gv08,10,096,096,1289,1386,67,137,97,17,0.53,flipped,auto
Gv,Gv08,11,070.006,070,1212,1325,67,137,113,20,0.487,flipped,auto
Gv,Gv08,12,088,088,1202,1252,67,137,50,9,0.481,flipped,auto
Gv,Gv08,13,001,001,1178,1206,64,129,28,5,0.454,flipped,auto
Gv,Gv08,14,530?.076,530,1137,1176,64,137,39,7,0.495,flipped,auto
Gv,Gv08,15,192,192,1045,1163,64,139,118,21,0.545,flipped,auto
Gv,Gv08,16,700x,700,985,1081,60,141,96,17,0.562,flipped,auto
Gv,Gv08,17,700x:021,700,938,1018,58,138,80,14,0.501,flipped,auto
Gv,Gv08,18,086:091.076,086,881,969,53,141,88,16,0.436,flipped,auto
Gv,Gv08,19,600,600,807,909,53,141,102,18,0.55,flipped,auto
Gv,Gv08,20,004.077,004,752,843,53,134,91,16,0.64,flipped,auto
Gv,Gv08,21,621.011,621,725,775,53,137,50,9,0.683,flipped,auto
Gv,Gv08,22,004,004,667,744,53,141,77,14,0.605,flipped,auto
Gv,Gv08,23,600,600,660,694,54,137,34,6,0.599,flipped,auto
Gv,Gv08,24,600,600,571,670,53,141,99,18,0.602,flipped,auto
Gv,Gv08,25,657.076,657,493,592,51,138,99,18,0.665,flipped,auto
Gv,Gv08,26,040h,040,405,535,51,135,130,23,0.674,flipped,auto
Gv,Gv08,27,600,600,350,452,51,142,102,18,0.692,flipped,auto
Gv,Gv08,28,646,646,310,382,50,139,72,13,0.631,flipped,auto
Gv,Gv08,29,600.004,600,222,346,52,143,124,22,0.627,flipped,auto
Gv,Gv08,30,004,004,186,258,53,143,72,13,0.647,flipped,auto
Gv,Gv08,31,033?,033,169,197,60,137,28,5,0.579,flipped,auto
Gv,Gv08,32,004,004,148,176,71,127,18,5,0.546,flipped,auto
Gv,Gv08,33,033?,033,96,157,61,141,61,11,0.565,flipped,auto
Gv,Gv08,34,045,045,59,92,82,148,30,6,0.588,flipped,auto
Hr,Hr01,0,200!,200,156,169,34,49,13,19,0.537,flipped,auto
Hr,Hr01,1,009!,009,148,155,35,49,7,12,0.491,flipped,auto
Hr,Hr01,2,755a,755,137,145,34,48,8,14,0.383,flipped,auto
Hr,Hr01,3,050.010,050,123,134,32,49,11,16,0.279,flipped,auto
Hr,Hr01,4,005,005,120,131,30,45,11,14,0.334,flipped,auto
Hr,Hr01,5,002g?,002,119,122,29,41,0,6,0.374,flipped,auto
Hr,Hr01,6,001a,001,114,117,29,45,0,6,0.397,flipped,auto
Hr,Hr01,7,207a.069h,207,93,117,28,46,24,35,0.56,flipped,auto
Hr,Hr01,8,700,700,94,101,28,47,7,10,0.524,flipped,auto
Hr,Hr01,9,280,280,84,97,28,43,13,19,0.468,flipped,auto
Hr,Hr01,10,001a?,001,80,86,28,44,6,7,0.464,flipped,auto
Hr,Hr01,11,007,007,70,81,28,46,11,16,0.365,flipped,auto
Hr,Hr01,12,260a.001a,260,59,78,28,46,19,29,0.31,flipped,auto
Hr,Hr01,13,280,280,50,66,28,44,16,21,0.37,flipped,auto
Hr,Hr01,14,001a?,001,49,52,28,43,3,7,0.169,flipped,auto
Hr,Hr01,15,065a,065,41,48,29,47,4,13,0.253,flipped,auto
Hr,Hr01,16,001a,001,37,39,31,45,0,6,0.254,flipped,auto
Hr,Hr01,17,304.003a,304,17,39,25,44,0,31,0.0,flipped,auto
Hr,Hr01,18,060a.003a,060,11,22,24,44,0,15,0.0,flipped,auto
Hr,Hr01,19,306.003a,306,0,16,23,44,0,34,-1.0,flipped,auto
Hr,Hr01,20,084a,084,0,-5,22,43,0,14,-1.0,flipped,auto
Hr,Hr01,21,004,004,0,-14,22,42,0,6,-1.0,flipped,auto
Hr,Hr01,22,280,280,0,-15,23,44,0,18,0.483,flipped,auto
Hr,Hr01,23,200.048,200,0,-23,26,46,0,33,0.479,flipped,auto
Hr,Hr01,24,254,254,0,-39,23,43,0,36,0.395,flipped,auto
Hr,Hr01,25,755.003a,755,0,-58,22,43,0,18,0.459,flipped,auto
Hr,Hr01,26,734a.003a,734,0,-67,22,42,0,27,0.428,flipped,auto
Hr,Hr01,27,306,306,0,-80,20,40,0,34,0.558,flipped,auto
Hr,Hr01,28,003a,003,0,-101,18,39,0,6,0.578,flipped,auto
Hr,Hr01,29,001a,001,0,-105,18,39,0,11,0.473,flipped,auto
Hr,Hr01,30,009:005k,009,0,-110,17,37,0,22,0.396,flipped,auto
Hr,Hr01,31,006.074af,006,0,-119,9,29,0,38,0.3,flipped,auto
Hr,Hr01,32,256c,256,0,-139,4,24,0,18,0.373,flipped,auto
Hr,Hr01,33,004.064a,004,0,-151,2,22,0,8,0.462,flipped,auto
Hr,Hr01,34,002,002,0,-153,2,22,0,29,0.436,flipped,auto
Hr,Hr01,35,306,306,0,-172,2,20,0,5,0.546,flipped,auto
Hr,Hr01,36,006.074a,006,0,-173,3,21,0,14,0.497,flipped,auto
Hr,Hr01,37,044ax!,044,0,-181,8,26,0,7,0.559,flipped,auto
Hr,Hr01,38,064!,064,0,-187,11,24,0,6,0.604,flipped,auto
Hr,Hr01,39,356,356,0,-191,10,23,0,8,0.51,flipped,auto
Hr,Hr01,40,005j,005,0,-193,3,24,0,37,0.302,flipped,auto
Hr,Hr01,41,246.009,246,0,-217,1,21,0,5,0.386,flipped,auto
Hr,Hr01,42,244,244,0,-209,0,17,0,85,0.256,flipped,auto
Hr,Hr01,43,009a,009,0,-258,0,13,0,11,-1.0,flipped,auto
Hr,Hr01,44,244,244,0,-261,0,11,0,29,-1.0,flipped,auto
Hr,Hr01,45,084a,084,0,-277,0,9,0,14,-1.0,flipped,auto
Hr,Hr01,46,204.074f,204,0,-281,0,8,0,31,-1.0,flipped,auto
Hr,Hr01,47,381,381,0,-298,0,5,0,16,-1.0,flipped,auto
Hr,Hr01,48,700,700,0,-308,0,3,0,7,-1.0,flipped,auto
Hr,Hr01,49,123,123,0,-310,0,1,0,8,-1.0,flipped,auto
Hr,Hr02,0,005j.052,005,0,-17,42,62,0,23,0.48,upright,auto
Hr,Hr02,1,600,600,0,-7,41,62,0,20,-1.0,upright,auto
Hr,Hr02,2,123,123,0,-4,41,62,0,10,-1.0,upright,auto
Hr,Hr02,3,004,004,0,1,41,61,0,7,-1.0,upright,auto
Hr,Hr02,4,123,123,0,6,42,61,0,10,-1.0,upright,auto
Hr,Hr02,5,630c,630,4,16,41,61,0,16,0.0,upright,auto
Hr,Hr02,6,066y,066,13,20,42,61,0,11,0.0,upright,auto
Hr,Hr02,7,004,004,20,23,41,61,0,7,0.132,upright,auto
Hr,Hr02,8,066b,066,23,30,44,61,0,10,0.106,upright,auto
Hr,Hr02,9,006.004,006,28,40,41,61,5,16,0.169,upright,auto
Hr,Hr02,10,066,066,38,44,47,67,6,9,0.308,upright,auto
Hr,Hr02,11,022dfy.344,022,44,50,50,71,5,7,0.225,upright,auto
Hr,Hr02,12,002a,002,46,65,50,70,5,29,0.141,upright,auto
Hr,Hr02,13,001a.063,001,62,68,49,67,4,8,0.392,upright,auto
Hr,Hr02,14,070,070,67,79,47,67,7,17,0.426,upright,auto
Hr,Hr02,15,202,202,72,80,48,66,8,13,0.354,upright,auto
Hr,Hr02,16,021t,021,70,89,47,67,17,28,0.268,upright,auto
Hr,Hr02,17,382y,382,92,105,46,66,6,19,0.385,upright,auto
Hr,Hr02,18,382,382,105,121,46,66,13,23,0.382,upright,auto
Hr,Hr02,19,002Vaxy,002,113,121,46,65,7,13,0.47,upright,auto
Hr,Hr02,20,070,070,123,131,47,66,6,12,0.513,upright,auto
Hr,Hr02,21,202a,202,128,144,47,67,6,22,0.248,upright,auto
Hr,Hr02,22,202a,202,137,159,46,67,0,29,0.13,upright,auto
Hr,Hr02,23,021t,021,157,164,40,61,7,10,0.331,upright,auto
Hr,Hr02,24,050.042.050,050,156,173,40,60,17,23,0.23,upright,auto
Hr,Hr02,25,002a,002,177,183,39,59,6,9,0.263,upright,auto
Hr,Hr02,26,430c,430,179,190,39,59,11,15,0.272,upright,auto
Hr,Hr02,27,065,065,190,196,51,58,0,9,0.263,upright,auto
Hr,Hr02,28,001,001,199,201,44,64,0,5,0.209,upright,auto
Hr,Hr02,29,631b,631,201,212,50,70,0,17,0.334,upright,auto
Hr,Hr02,30,065,065,211,217,58,66,0,8,0.339,upright,auto
Hr,Hr02,31,001,001,219,221,58,66,0,6,0.372,upright,auto
Hr,Hr02,32,630c,630,220,233,58,66,0,18,0.154,upright,auto
Hr,Hr02,33,720V.244,720,229,245,51,71,0,22,0.172,upright,auto
Hr,Hr02,34,381,381,239,255,51,70,0,22,0.197,upright,auto
Hr,Hr02,35,002a,002,251,264,51,70,0,18,0.152,upright,auto
Hr,Hr02,36,631,631,262,269,51,70,0,10,0.138,upright,auto
Hr,Hr02,37,099,099,261,272,50,70,0,17,0.265,upright,auto
Hr,Hr02,38,721b,721,269,281,55,63,0,16,0.128,upright,auto
Hr,Hr02,39,022,022,277,296,49,70,0,28,0.106,upright,auto
Hr,Hr02,40,001a.062,001,294,296,50,70,0,5,0.013,upright,auto
Hr,Hr02,41,309,309,297,305,50,70,0,14,0.0,upright,auto
Hr,Hr02,42,592.079y,592,303,321,49,69,0,25,0.12,upright,auto
Hr,Hr02,43,006.074f,006,316,334,49,69,0,27,0.179,upright,auto
Hr,Hr02,44,300.077,300,324,336,51,60,0,17,0.278,upright,auto
Hr,Hr02,45,022f,022,333,351,51,61,0,28,0.22,upright,auto
Hr,Hr02,46,320.077,320,351,354,50,69,0,8,0.336,upright,auto
Hr,Hr02,47,001a,001,353,372,52,63,0,28,0.164,upright,auto
Hr,Hr02,48,301,301,373,376,52,63,0,7,0.26,upright,auto
Hr,Hr02,49,300.052h,300,376,393,52,69,6,24,0.214,upright,auto
Hr,Hr02,50,670,670,382,399,49,63,4,25,0.249,upright,auto
Hr,Hr02,51,065,065,394,411,43,63,3,24,0.298,upright,auto
Hr,Hr02,52,200,200,408,415,44,63,0,9,0.417,upright,auto
Hr,Hr02,53,600,600,413,426,44,63,4,21,0.347,upright,auto
Hr,Hr02,54,700,700,424,436,43,62,7,19,0.333,upright,auto
Hr,Hr02,55,671a,671,437,440,48,63,0,8,0.39,upright,auto
Hr,Hr02,56,020,020,439,452,43,62,5,19,0.368,upright,auto
Hr,Hr02,57,084a.003a,084,451,454,42,63,0,7,0.442,upright,auto
Hr,Hr02,58,200.001,200,452,468,43,63,4,22,0.265,upright,auto
Hr,Hr02,59,260,260,462,484,43,62,12,29,0.337,upright,auto
Hr,Hr02,60,001?,001,479,497,44,63,5,28,0.275,upright,auto
Hr,Hr03,0,062y.001.003a,062,468,485,67,82,5,22,0.27,flipped,auto
Hr,Hr03,1,070,070,465,473,61,82,4,12,0.306,flipped,auto
Hr,Hr03,2,060a,060,460,467,61,82,7,9,0.32,flipped,auto
Hr,Hr03,3,220.005j,220,434,463,61,81,17,36,0.433,flipped,auto
Hr,Hr03,4,256b.711t,256,408,442,61,82,12,43,0.318,flipped,auto
Hr,Hr03,5,069b,069,405,411,62,82,6,8,0.461,flipped,auto
Hr,Hr03,6,200.055a,200,386,409,67,87,14,29,0.313,flipped,auto
Hr,Hr03,7,670,670,374,392,61,82,18,23,0.245,flipped,auto
Hr,Hr03,8,055a,055,370,376,61,82,6,9,0.285,flipped,auto
Hr,Hr03,9,673,673,354,373,60,81,12,25,0.235,flipped,auto
Hr,Hr03,10,781,781,340,359,67,81,0,25,0.061,flipped,auto
Hr,Hr03,11,140a,140,333,344,68,81,0,12,0.002,flipped,auto
Hr,Hr03,12,004a.004ay.206,004,323,335,56,76,0,16,0.243,flipped,auto
Hr,Hr03,13,558a,558,293,331,56,76,0,46,0.209,flipped,auto
Hr,Hr03,14,065.003a,065,289,301,69,77,0,15,0.289,flipped,auto
Hr,Hr03,15,200.004,200,273,297,69,78,0,30,0.361,flipped,auto
Hr,Hr03,16,022dfy,022,274,280,69,77,0,8,0.326,flipped,auto
Hr,Hr03,17,607a,607,256,278,69,77,0,27,0.157,flipped,auto
Hr,Hr03,18,062y.006,062,246,262,70,78,0,19,0.172,flipped,auto
Hr,Hr03,19,001,001,238,241,58,78,0,6,0.377,flipped,auto
Hr,Hr03,20,062y.006,062,225,238,58,79,0,18,0.16,flipped,auto
Hr,Hr03,21,001,001,224,227,59,80,0,6,0.231,flipped,auto
Hr,Hr03,22,062y.006,062,208,225,59,79,0,22,0.238,flipped,auto
Hr,Hr03,23,001!,001,200,213,59,79,0,17,0.197,flipped,auto
Hr,Hr03,24,020g.064b,020,180,204,59,79,0,32,0.189,flipped,auto
Hr,Hr03,25,201.003a,201,163,186,58,79,0,29,0.077,flipped,auto
Hr,Hr03,26,004.600,004,164,167,68,76,0,6,0.211,flipped,auto
Hr,Hr03,27,004,004,149,162,71,82,4,17,0.357,flipped,auto
Hr,Hr03,28,006:042.003a,006,141,153,64,83,4,15,0.545,flipped,auto
Hr,Hr03,29,050.003a,050,125,143,64,84,8,23,0.443,flipped,auto
Hr,Hr03,30,093.003a,093,112,128,70,85,5,20,0.369,flipped,auto
Hr,Hr03,31,027.003a,027,103,116,70,90,6,16,0.386,flipped,auto
Hr,Hr03,32,086.003a,086,97,109,64,84,3,15,0.218,flipped,auto
Hr,Hr03,33,060.003a,060,87,105,64,84,11,22,0.394,flipped,auto
Hr,Hr03,34,093.003a,093,61,93,65,85,10,38,0.237,flipped,auto
Hr,Hr03,35,254c.003a,254,50,63,71,86,8,19,0.325,flipped,auto
Hr,Hr03,36,093j.003a,093,34,52,71,90,10,23,0.276,flipped,auto
Hr,Hr03,37,205iy,205,30,42,64,83,10,16,0.257,flipped,auto
Hr,Hr03,38,072a,072,16,33,64,83,0,22,0.068,flipped,auto
Hr,Hr03,39,450.052,450,1,19,64,84,0,25,0.137,flipped,auto
Hr,Hr03,40,551a.003a,551,0,6,64,84,0,31,-1.0,flipped,auto
Hr,Hr03,41,600.003a,600,0,-6,62,81,0,16,0.428,flipped,auto
Hr,Hr03,42,430c,430,0,-15,59,78,0,21,0.441,flipped,auto
Hr,Hr03,43,381,381,0,-28,60,80,0,18,0.433,flipped,auto
Hr,Hr03,44,072,072,0,-37,65,85,0,24,0.434,flipped,auto
Hr,Hr03,45,450.052,450,0,-53,64,83,0,14,0.459,flipped,auto
Hr,Hr03,46,551b.003a,551,0,-61,66,85,0,8,0.494,flipped,auto
Hr,Hr03,47,600.003a,600,0,-64,61,81,0,28,0.426,flipped,auto
Hr,Hr03,48,385.003a,385,0,-81,65,84,0,27,0.421,flipped,auto
Hr,Hr03,49,670,670,0,-98,65,85,0,24,0.5,flipped,auto
Hr,Hr03,50,099,099,0,-112,65,84,0,20,0.545,flipped,auto
Hr,Hr03,51,007,007,0,-126,67,87,0,15,0.568,flipped,auto
Hr,Hr04,0,605s,605,0,-82,84,104,0,25,0.464,upright,auto
Hr,Hr04,1,752a,752,0,-71,86,107,0,17,0.446,upright,auto
Hr,Hr04,2,065.074f,065,0,-56,80,101,0,21,0.471,upright,auto
Hr,Hr04,3,755a,755,0,-46,80,101,0,14,0.458,upright,auto
Hr,Hr04,4,260:001a,260,0,-27,77,97,0,27,0.396,upright,auto
Hr,Hr04,5,260,260,0,-15,81,101,0,20,0.463,upright,auto
Hr,Hr04,6,591,591,0,-5,80,101,0,15,-1.0,upright,auto
Hr,Hr04,7,005j,005,0,2,80,100,0,11,-1.0,upright,auto
Hr,Hr04,8,001a,001,2,8,81,100,0,6,0.086,upright,auto
Hr,Hr04,9,755a,755,8,20,80,101,0,13,0.162,upright,auto
Hr,Hr04,10,451f,451,17,30,85,105,8,15,0.257,upright,auto
Hr,Hr04,11,791,791,27,39,85,104,9,14,0.337,upright,auto
Hr,Hr04,12,141f.003ax,141,34,53,85,104,15,21,0.327,upright,auto
Hr,Hr04,13,027V,027,47,66,84,104,12,23,0.324,upright,auto
Hr,Hr04,14,010y.020y,010,63,80,84,104,13,18,0.454,upright,auto
Hr,Hr04,15,073af,073,72,79,84,103,7,9,0.311,upright,auto
Hr,Hr04,16,063bf,063,77,88,87,107,7,12,0.231,upright,auto
Hr,Hr04,17,002,002,88,96,86,106,6,10,0.277,upright,auto
Hr,Hr04,18,078bf,078,96,103,87,106,0,9,0.187,upright,auto
Hr,Hr04,19,020bfy.003a,020,105,118,83,103,10,15,0.277,upright,auto
Hr,Hr04,20,204.109a,204,113,146,81,97,15,35,0.255,upright,auto
Hr,Hr04,21,027.109,027,134,158,83,103,13,27,0.256,upright,auto
Hr,Hr04,22,037.005,037,151,169,82,102,12,20,0.318,upright,auto
Hr,Hr04,23,037.009tx,037,163,180,83,102,11,18,0.28,upright,auto
Hr,Hr04,24,043:008t?,043,181,194,83,96,4,15,0.214,upright,auto
Hr,Hr04,25,600,600,191,207,84,96,0,16,0.339,upright,auto
Hr,Hr04,26,121,121,205,211,84,92,0,7,-0.003,upright,auto
Hr,Hr04,27,614,614,210,227,76,96,0,18,0.008,upright,auto
Hr,Hr04,28,600a,600,223,242,77,96,0,21,0.036,upright,auto
Hr,Hr04,29,600.711,600,237,260,78,98,0,25,0.01,upright,auto
Hr,Hr04,30,020cfy.246,020,251,291,77,98,0,42,0.16,upright,auto
Hr,Hr04,31,050.711,050,285,302,77,97,0,18,0.204,upright,auto
Hr,Hr04,32,606,606,294,334,77,97,0,44,0.097,upright,auto
Hr,Hr04,33,001t.006,001,327,330,78,88,0,5,0.157,upright,auto
Hr,Hr04,34,001.006.109a,001,324,347,80,100,0,25,0.204,upright,auto
Hr,Hr04,35,050,050,343,350,80,99,5,8,0.349,upright,auto
Hr,Hr04,36,755a,755,352,364,80,99,12,14,0.356,upright,auto
Hr,Hr04,37,001.063,001,357,370,80,99,8,15,0.254,upright,auto
Hr,Hr04,38,013.006,013,365,384,80,100,4,21,0.395,upright,auto
Hr,Hr04,39,065,065,381,387,86,101,0,6,0.297,upright,auto
Hr,Hr04,40,720V,720,383,407,86,101,0,26,0.239,upright,auto
Hr,Hr04,41,065,065,400,416,87,101,13,16,0.286,upright,auto
Hr,Hr04,42,026,026,414,422,87,101,3,10,0.372,upright,auto
Hr,Hr04,43,700,700,416,450,81,101,27,36,0.378,upright,auto
Hr,Hr04,44,200.070a,200,443,459,81,100,11,17,0.493,upright,auto
Hr,Hr04,45,057b,057,457,463,81,99,5,6,0.406,upright,auto
Hr,Hr04,46,040,040,460,478,80,100,0,21,0.274,upright,auto
Hr,Hr04,47,600,600,473,497,81,101,14,26,0.292,upright,auto
Hr,Hr04,48,200.015a,200,493,499,82,101,5,6,0.273,upright,auto
Hr,Hr04,49,065V.010,065,503,521,78,98,15,21,0.306,upright,auto
Hr,Hr04,50,042,042,520,526,79,96,3,8,0.414,upright,auto
Hr,Hr04,51,700.009,700,524,541,78,98,4,18,0.173,upright,auto
Hr,Hr04,52,260s.008,260,535,574,78,98,9,40,0.244,upright,auto
Hr,Hr04,53,304.003a,304,562,596,78,99,14,36,0.332,upright,auto
Hr,Hr04,54,069.065x,069,588,605,85,104,10,19,0.223,upright,auto
Hr,Hr04,55,030b,030,604,620,86,99,0,17,0.213,upright,auto
Hr,Hr04,56,060a,060,618,629,87,106,0,11,0.265,upright,auto
Hr,Hr05,14,044ax,044,825,831,97,117,0,8,-1.0,flipped,auto
Hr,Hr05,15,004.064a,004,814,827,97,117,9,15,0.182,flipped,auto
Hr,Hr05,16,202,202,795,819,102,123,10,26,0.215,flipped,auto
Hr,Hr05,17,280,280,777,795,100,121,16,20,0.202,flipped,auto
Hr,Hr05,18,008:200,008,770,787,94,115,12,17,0.282,flipped,auto
Hr,Hr05,19,548,548,756,773,92,111,16,19,0.323,flipped,auto
Hr,Hr05,20,631bf,631,736,754,93,114,10,20,0.376,flipped,auto
Hr,Hr05,21,208,208,718,741,95,116,6,24,0.201,flipped,auto
Hr,Hr05,22,200.005j,200,697,726,95,116,21,31,0.272,flipped,auto
Hr,Hr05,23,021h:005,021,691,703,101,121,11,14,0.39,flipped,auto
Hr,Hr05,24,002e,002,691,698,95,114,6,8,0.373,flipped,auto
Hr,Hr05,25,041,041,690,696,94,113,4,7,0.361,flipped,auto
Hr,Hr05,26,220.009h,220,637,701,92,113,41,65,0.195,flipped,auto
Hr,Hr05,27,220.009jh,220,640,651,92,111,8,12,0.402,flipped,auto
Hr,Hr05,28,440,440,633,640,92,111,0,9,0.455,flipped,auto
Hr,Hr05,29,440,440,623,635,92,112,0,13,0.468,flipped,auto
Hr,Hr05,30,440a,440,615,623,92,111,0,10,0.358,flipped,auto
Hr,Hr05,31,020t.440,020,589,612,92,111,10,25,0.202,flipped,auto
Hr,Hr05,32,205s,205,569,597,92,111,8,30,0.334,flipped,auto
Hr,Hr05,33,205s!,205,573,579,93,112,0,7,0.323,flipped,auto
Hr,Hr05,34,004!.003a!,004,566,577,98,116,0,11,0.293,flipped,auto
Hr,Hr05,35,004!.003a!,004,545,572,103,122,6,29,0.225,flipped,auto
Hr,Hr05,36,072a!,072,541,549,103,122,0,11,0.305,flipped,auto
Hr,Hr05,37,051!.003a!,051,531,543,100,118,11,14,0.285,flipped,auto
Hr,Hr05,38,066a!.090Vj,066,512,535,98,117,0,24,0.165,flipped,auto
Hr,Hr05,39,066a.003ax,066,493,510,98,117,5,18,0.241,flipped,auto
Hr,Hr05,40,066a.048f,066,475,497,98,117,13,24,0.268,flipped,auto
Hr,Hr05,41,066a,066,465,473,98,117,2,10,0.436,flipped,auto
Hr,Hr05,42,001,001,460,463,97,117,0,6,0.428,flipped,auto
Hr,Hr05,43,066,066,457,465,98,117,5,10,0.567,flipped,auto
Hr,Hr05,44,100,100,444,460,99,119,5,15,0.48,flipped,auto
Hr,Hr05,45,066y.009.549,066,423,451,98,118,18,30,0.362,flipped,auto
Hr,Hr05,46,066y.006.549,066,407,436,99,118,18,31,0.239,flipped,auto
Hr,Hr05,47,554,554,396,413,99,119,8,18,0.196,flipped,auto
Hr,Hr05,48,015a,015,393,400,97,113,0,8,0.4,flipped,auto
Hr,Hr05,49,022bfy,022,384,391,97,111,2,8,0.292,flipped,auto
Hr,Hr05,50,551c,551,366,384,98,117,5,19,0.24,flipped,auto
Hr,Hr05,51,141h:059x,141,356,364,100,120,0,10,0.263,flipped,auto
Hr,Hr05,52,015b,015,355,362,104,124,0,8,0.29,flipped,auto
Hr,Hr05,53,022cf,022,347,354,105,124,3,8,0.273,flipped,auto
Hr,Hr05,54,551d,551,332,348,104,124,7,16,0.249,flipped,auto
Hr,Hr05,55,110y,110,325,336,104,121,3,13,0.152,flipped,auto
Hr,Hr05,56,015b,015,318,325,98,118,3,9,0.204,flipped,auto
Hr,Hr05,57,022cf,022,311,318,92,112,5,8,0.413,flipped,auto
Hr,Hr06,0,551d,551,1,20,128,148,6,21,0.309,upright,auto
Hr,Hr06,1,200,200,15,34,126,146,15,21,0.408,upright,auto
Hr,Hr06,2,015,015,27,33,126,147,6,7,0.458,upright,auto
Hr,Hr06,3,022cf,022,33,40,125,145,7,7,0.385,upright,auto
Hr,Hr06,4,008,008,39,55,124,145,9,17,0.34,upright,auto
Hr,Hr06,5,451,451,55,67,124,144,10,13,0.359,upright,auto
Hr,Hr06,6,015,015,66,72,124,144,5,7,0.5,upright,auto
Hr,Hr06,7,022cf,022,75,81,124,144,5,7,0.679,upright,auto
Hr,Hr06,8,005:082bx,005,80,93,124,144,10,16,0.462,upright,auto
Hr,Hr06,9,015,015,92,98,124,144,6,7,0.405,upright,auto
Hr,Hr06,10,022cf,022,101,108,123,144,3,8,0.414,upright,auto
Hr,Hr06,11,008.006,008,104,107,123,144,0,5,0.419,upright,auto
Hr,Hr06,12,015,015,103,131,122,142,14,29,0.31,upright,auto
Hr,Hr06,13,022cf!,022,133,140,128,144,0,8,0.25,upright,auto
Hr,Hr06,14,008,008,134,141,123,142,0,8,0.313,upright,auto
Hr,Hr06,15,004!,004,140,156,123,143,5,17,0.288,upright,auto
Hr,Hr06,16,064!,064,157,164,127,143,3,8,0.25,upright,auto
Hr,Hr06,17,015!,015,163,166,138,147,0,5,0.3,upright,auto
Hr,Hr06,18,022cf!,022,136,297,125,141,85,167,0.117,upright,auto
Hr,Hr06,19,005!,005,268,281,126,139,10,15,0.306,upright,auto
Hr,Hr06,20,10)!,10),278,290,124,140,0,14,0.289,upright,auto
Hr,Hr06,21,036!,036,285,301,124,140,7,16,0.194,upright,auto
Hr,Hr06,22,200!,200,295,313,124,143,0,20,0.117,upright,auto
Hr,Hr06,23,004!,004,311,318,129,142,0,8,0.221,upright,auto
Hr,Hr06,24,004!,004,317,324,121,139,0,8,0.217,upright,auto
Hr,Hr06,25,004,004,323,329,122,140,4,7,0.321,upright,auto
Hr,Hr06,26,007,007,329,342,121,141,4,15,0.283,upright,auto
Hr,Hr06,27,021d,021,341,348,122,142,7,9,0.244,upright,auto
Hr,Hr06,28,060a,060,348,355,121,140,0,9,0.312,upright,auto
Hr,Hr06,29,093,093,350,366,119,139,10,16,0.361,upright,auto
Hr,Hr06,30,070,070,363,376,118,139,11,15,0.378,upright,auto
Hr,Hr06,31,520,520,373,391,123,144,13,21,0.261,upright,auto
Hr,Hr06,32,381,381,389,408,123,139,2,20,0.252,upright,auto
Hr,Hr06,33,008,008,401,418,118,138,10,19,0.289,upright,auto
Hr,Hr06,34,001.008,001,408,432,120,138,16,27,0.304,upright,auto
Hr,Hr06,35,739,739,425,441,123,138,5,16,0.33,upright,auto
Hr,Hr06,36,065ax.306s,065,434,473,123,138,12,41,0.35,upright,auto
Hr,Hr06,37,431d,431,460,478,133,148,17,20,0.269,upright,auto
Hr,Hr06,38,200a,200,474,492,133,148,13,21,0.423,upright,auto
Hr,Hr06,39,276,276,488,516,124,138,11,29,0.242,upright,auto
Hr,Hr06,40,011,011,512,518,125,138,3,6,0.279,upright,auto
Hr,Hr06,41,385,385,516,534,126,138,5,19,0.183,upright,auto
Hr,Hr06,42,095j:059fx,095,531,544,126,145,7,14,0.122,upright,auto
Hr,Hr06,43,385,385,541,560,125,145,0,21,0.064,upright,auto
Hr,Hr06,44,028x,028,557,569,126,145,0,14,0.074,upright,auto
Hr,Hr06,45,381,381,567,585,125,146,18,20,0.064,upright,auto
Hr,Hr06,46,300,300,584,602,133,149,18,21,0.236,upright,auto
Hr,Hr06,47,300.027.003ax,300,592,632,130,148,40,44,0.349,upright,auto
Hr,Hr06,48,324.076t,324,626,653,130,150,27,28,0.29,upright,auto
Hr,Hr06,49,700,700,652,660,128,144,8,10,0.388,upright,auto
Hr,Hr06,50,163Vy.386,163,657,685,126,147,22,31,0.3,upright,auto
Hr,Hr06,51,270,270,671,694,126,144,17,25,0.22,upright,auto
Hr,Hr06,52,067,067,695,706,121,141,10,12,0.321,upright,auto
Hr,Hr06,53,470b,470,701,724,125,147,16,24,0.268,upright,auto
Hr,Hr06,54,004.064a,004,718,734,127,148,5,17,0.283,upright,auto
Hr,Hr06,55,087a,087,733,741,127,147,8,10,0.39,upright,auto
Hr,Hr06,56,430y,430,741,754,127,148,4,15,0.249,upright,auto
Hr,Hr06,57,214s,214,746,781,127,148,25,39,0.187,upright,auto
Hr,Hr06,58,002,002,770,777,127,148,6,9,0.428,upright,auto
Hr,Hr06,59,203s,203,772,801,127,148,16,31,0.213,upright,auto
Hr,Hr06,60,027,027,802,815,126,148,10,16,0.363,upright,auto
Hr,Hr06,61,090j,090,815,826,124,144,9,11,0.43,upright,auto
Hr,Hr06,62,545,545,822,831,124,145,0,22,-1.0,upright,auto
Hr,Hr07,3,440,440,829,831,137,157,0,11,-1.0,flipped,auto
Hr,Hr07,4,280,280,814,831,136,157,6,21,-0.012,flipped,auto
Hr,Hr07,5,002,002,808,815,131,151,5,9,0.22,flipped,auto
Hr,Hr07,6,040,040,802,809,131,151,4,9,0.17,flipped,auto
Hr,Hr07,7,050,050,794,801,136,156,7,9,0.211,flipped,auto
Hr,Hr07,8,216s,216,763,798,133,154,20,40,0.269,flipped,auto
Hr,Hr07,9,001a,001,768,774,133,152,5,8,0.37,flipped,auto
Hr,Hr07,10,366.076t,366,713,780,131,152,42,73,0.149,flipped,auto
Hr,Hr07,11,200.200,200,714,730,129,150,11,18,0.318,flipped,auto
Hr,Hr07,12,091,091,667,727,129,144,50,66,0.259,flipped,auto
Hr,Hr07,13,320!,320,585,699,130,149,72,124,0.103,flipped,auto
Hr,Hr07,14,10)!,10),599,605,135,148,6,7,0.398,flipped,auto
Hr,Hr07,15,661!,661,588,604,135,149,16,18,0.401,flipped,auto
Hr,Hr07,16,530y.009,530,584,590,139,154,6,7,0.461,flipped,auto
Hr,Hr07,17,203,203,553,582,139,156,26,34,0.422,flipped,auto
Hr,Hr07,18,045ft,045,539,567,136,156,28,31,0.378,flipped,auto
Hr,Hr07,19,530,530,527,545,136,156,17,22,0.392,flipped,auto
Hr,Hr07,20,040.522,040,510,534,140,155,20,28,0.374,flipped,auto
Hr,Hr07,21,571,571,501,513,137,156,11,14,0.328,flipped,auto
Hr,Hr07,22,202y,202,482,505,136,156,12,27,0.173,flipped,auto
Hr,Hr07,23,535.071h,535,462,489,136,155,15,30,0.251,flipped,auto
Hr,Hr07,24,560,560,449,467,136,157,5,22,0.322,flipped,auto
Hr,Hr07,25,073af.082b,073,444,450,135,155,5,8,0.264,flipped,auto
Hr,Hr07,26,065ax.200,065,431,448,141,159,10,19,0.244,flipped,auto
Hr,Hr07,27,739,739,403,432,137,157,17,33,0.234,flipped,auto
Hr,Hr07,28,200,200,391,407,135,155,7,17,0.247,flipped,auto
Hr,Hr07,29,381.072,381,382,399,136,156,11,20,0.246,flipped,auto
Hr,Hr07,30,306.003a,306,357,390,141,156,8,36,0.197,flipped,auto
Hr,Hr07,31,028,028,333,365,142,162,13,33,0.271,flipped,auto
Hr,Hr07,32,027.095,027,327,340,140,159,6,15,0.383,flipped,auto
Hr,Hr07,33,305,305,307,335,139,159,4,30,0.229,flipped,auto
Hr,Hr07,34,045.052x,045,293,316,140,160,11,26,0.128,flipped,auto
Hr,Hr07,35,022bf.343,022,275,298,141,161,11,26,0.116,flipped,auto
Hr,Hr07,36,005kt,005,239,284,141,162,7,51,0.06,flipped,auto
Hr,Hr07,37,099,099,233,250,139,160,4,19,0.433,flipped,auto
Hr,Hr07,38,011,011,227,233,140,161,2,6,0.524,flipped,auto
Hr,Hr07,39,007,007,217,229,144,161,5,13,0.308,flipped,auto
Hr,Hr07,40,004,004,206,212,144,159,0,7,0.244,flipped,auto
Hr,Hr07,41,600,600,188,212,140,161,5,27,0.358,flipped,auto
Hr,Hr07,42,522y,522,176,193,139,161,14,19,0.529,flipped,auto
Hr,Hr07,43,606s,606,153,185,139,161,12,35,0.467,flipped,auto
Hr,Hr07,44,609,609,130,164,141,161,25,37,0.293,flipped,auto
Hr,Hr07,45,605.011,605,110,139,140,162,19,32,0.158,flipped,auto
Hr,Hr07,46,011.095j.003a,011,92,115,141,164,19,25,0.229,flipped,auto
Hr,Hr07,47,401s.009kh,401,71,99,142,163,22,30,0.386,flipped,auto
Hr,Hr07,48,605.041f,605,49,78,143,164,22,32,0.306,flipped,auto
Hr,Hr08,0,002d,002,51,62,162,180,3,10,0.376,upright,auto
Hr,Hr08,1,144f,144,61,79,161,180,12,16,0.374,upright,auto
Hr,Hr08,2,002a,002,75,86,161,181,8,10,0.498,upright,auto
Hr,Hr08,3,662,662,76,110,160,180,18,30,0.274,upright,auto
Hr,Hr08,4,680,680,99,144,159,180,11,39,0.156,upright,auto
Hr,Hr08,5,005j.010!,005,135,157,159,179,12,18,0.347,upright,auto
Hr,Hr08,6,005k.052,005,155,178,161,181,10,21,0.39,upright,auto
Hr,Hr08,7,022bf.243,022,164,213,160,180,21,42,0.296,upright,auto
Hr,Hr08,8,001t,001,203,209,169,180,4,5,0.27,upright,auto
Hr,Hr08,9,004.052x,004,209,228,158,177,9,18,0.251,upright,auto
Hr,Hr08,10,381,381,230,253,157,172,5,20,0.347,upright,auto
Hr,Hr08,11,022bf.346,022,238,288,156,173,24,43,0.273,upright,auto
Hr,Hr08,12,050a,050,281,293,159,178,4,10,0.458,upright,auto
Hr,Hr08,13,077,077,297,309,160,178,5,11,0.393,upright,auto
Hr,Hr08,14,214.090j,214,296,344,158,179,23,41,0.357,upright,auto
Hr,Hr08,15,016,016,333,340,158,178,4,6,0.52,upright,auto
Hr,Hr08,16,070,070,336,352,157,177,13,14,0.464,upright,auto
Hr,Hr08,17,607s:062h,607,352,387,162,179,20,31,0.257,upright,auto
Hr,Hr08,18,607,607,373,406,163,179,11,28,0.283,upright,auto
Hr,Hr08,19,522y,522,398,417,157,177,14,18,0.242,upright,auto
Hr,Hr08,20,002a,002,414,422,156,175,8,9,0.319,upright,auto
Hr,Hr08,21,053a,053,420,432,157,175,12,11,0.283,upright,auto
Hr,Hr08,22,010y.007,010,427,454,156,176,6,23,0.274,upright,auto
Hr,Hr08,23,022bf.246,022,442,492,156,177,27,42,0.055,upright,auto
Hr,Hr08,24,420ay,420,480,498,155,175,12,16,0.346,upright,auto
Hr,Hr08,25,050.010,050,495,513,153,171,15,17,0.408,upright,auto
Hr,Hr08,26,009b,009,513,530,153,170,0,14,0.306,upright,auto
Hr,Hr08,27,002a,002,526,534,154,174,8,8,0.38,upright,auto
Hr,Hr08,28,760a,760,527,565,154,175,11,32,0.311,upright,auto
Hr,Hr08,29,050h,050,560,568,155,174,5,8,0.361,upright,auto
Hr,Hr08,30,021,021,574,585,154,174,0,9,0.344,upright,auto
Hr,Hr08,31,021b,021,582,617,153,174,14,31,0.413,upright,auto
Hr,Hr08,32,760a,760,613,624,156,175,3,9,0.45,upright,auto
Hr,Hr08,33,005k,005,624,631,156,176,5,7,0.503,upright,auto
Hr,Hr08,34,050h,050,630,654,155,175,18,22,0.321,upright,auto
Hr,Hr08,35,021,021,651,658,160,177,3,7,0.352,upright,auto
Hr,Hr08,36,005j.010,005,653,669,158,179,8,13,0.459,upright,auto
Hr,Hr08,37,18)!,18),665,671,158,179,0,5,0.367,upright,auto
Hr,Hr08,38,004!,004,616,831,157,178,146,245,-1.0,upright,auto
Hr,Hr09,7,26)!,26),583,831,179,201,169,403,-1.0,flipped,auto
Hr,Hr09,8,001a!.600,001,634,645,175,195,7,14,0.532,flipped,auto
Hr,Hr09,9,700:042,700,622,645,174,195,16,29,0.37,flipped,auto
Hr,Hr09,10,624.076t,624,607,626,179,196,14,25,0.34,flipped,auto
Hr,Hr09,11,301s,301,601,607,181,196,6,8,0.414,flipped,auto
Hr,Hr09,12,004,004,583,600,174,195,13,21,0.286,flipped,auto
Hr,Hr09,13,534b,534,570,582,174,194,4,14,0.297,flipped,auto
Hr,Hr09,14,591,591,557,573,173,193,10,20,0.321,flipped,auto
Hr,Hr09,15,385,385,551,559,173,192,8,11,0.374,flipped,auto
Hr,Hr09,16,050,050,543,560,174,194,16,21,0.331,flipped,auto
Hr,Hr09,17,600,600,527,550,174,194,10,28,0.39,flipped,auto
Hr,Hr09,18,430.076,430,513,532,175,196,13,26,0.336,flipped,auto
Hr,Hr09,19,430.076,430,497,516,175,196,9,25,0.444,flipped,auto
Hr,Hr09,20,076:063,076,464,502,174,196,23,46,0.348,flipped,auto
Hr,Hr09,21,004.064a,004,465,472,175,195,4,10,0.561,flipped,auto
Hr,Hr09,22,670,670,447,469,175,195,11,26,0.647,flipped,auto
Hr,Hr09,23,700,700,432,460,175,196,5,34,0.235,flipped,auto
Hr,Hr09,24,470,470,419,447,175,196,9,35,0.355,flipped,auto
Hr,Hr09,25,021ft,021,402,424,178,197,11,27,0.315,flipped,auto
Hr,Hr09,26,254c,254,401,408,175,191,0,10,0.22,flipped,auto
Hr,Hr09,27,205.020cy,205,393,400,175,190,0,10,0.393,flipped,auto
Hr,Hr09,28,209c,209,379,395,175,190,5,20,0.333,flipped,auto
Hr,Hr09,29,053a,053,372,383,175,188,0,14,0.214,flipped,auto
Hr,Hr09,30,002a,002,357,375,175,190,0,22,0.271,flipped,auto
Hr,Hr09,31,755a,755,337,366,175,191,13,37,0.252,flipped,auto
Hr,Hr09,32,047,047,337,340,176,196,0,6,0.449,flipped,auto
Hr,Hr09,33,200,200,326,338,176,197,0,15,0.438,flipped,auto
Hr,Hr09,34,372,372,301,328,176,197,10,33,0.428,flipped,auto
Hr,Hr09,35,020a.006y,020,301,304,177,196,3,5,0.513,flipped,auto
Hr,Hr09,36,214a,214,254,305,177,199,30,63,0.293,flipped,auto
Hr,Hr09,37,001,001,235,264,177,197,21,36,0.241,flipped,auto
Hr,Hr09,38,400y.755a.006,400,239,245,187,200,0,6,0.304,flipped,auto
Hr,Hr09,39,770d,770,231,234,184,199,2,6,0.244,flipped,auto
Hr,Hr09,40,2)!,2),226,228,191,200,0,5,0.434,flipped,auto
Hr,Hr10,0,070,070,0,-485,198,218,0,12,0.567,upright,auto
Hr,Hr10,1,061y.001.061,061,0,-466,201,221,0,24,0.449,upright,auto
Hr,Hr10,2,386,386,0,-449,199,219,0,25,0.454,upright,auto
Hr,Hr10,3,070,070,0,-441,201,222,0,13,0.473,upright,auto
Hr,Hr10,4,091k,091,0,-434,198,218,0,7,0.505,upright,auto
Hr,Hr10,5,091k,091,0,-426,196,217,0,7,0.524,upright,auto
Hr,Hr10,6,386,386,0,-407,198,218,0,24,0.398,upright,auto
Hr,Hr10,7,065.025ay,065,0,-394,202,223,0,18,0.392,upright,auto
Hr,Hr10,8,594,594,0,-376,198,217,0,26,0.365,upright,auto
Hr,Hr10,9,206,206,0,-354,199,219,0,31,0.355,upright,auto
Hr,Hr10,10,022,022,0,-354,199,219,0,6,0.423,upright,auto
Hr,Hr10,11,010.001,010,0,-341,196,217,0,14,0.542,upright,auto
Hr,Hr10,12,001,001,0,-338,199,220,0,5,0.395,upright,auto
Hr,Hr10,13,099,099,0,-322,198,218,0,19,0.418,upright,auto
Hr,Hr10,14,010.001,010,0,-313,200,220,0,14,0.414,upright,auto
Hr,Hr10,15,050,050,0,-306,199,218,0,8,0.515,upright,auto
Hr,Hr10,16,001.010,001,0,-292,198,218,0,16,0.507,upright,auto
Hr,Hr10,17,022,022,0,-289,198,217,0,5,0.533,upright,auto
Hr,Hr10,18,700,700,0,-281,198,218,0,8,0.499,upright,auto
Hr,Hr10,19,021e,021,0,-274,198,217,0,7,0.493,upright,auto
Hr,Hr10,20,001,001,0,-267,198,218,0,7,0.448,upright,auto
Hr,Hr10,21,491,491,0,-246,198,218,0,26,0.361,upright,auto
Hr,Hr10,22,522y,522,0,-235,200,220,0,18,0.374,upright,auto
Hr,Hr10,23,022,022,0,-233,199,218,0,5,0.42,upright,auto
Hr,Hr10,24,700,700,0,-225,205,224,0,8,0.496,upright,auto
Hr,Hr10,25,021e,021,0,-218,204,224,0,8,0.48,upright,auto
Hr,Hr10,26,001,001,0,-215,204,224,0,5,0.484,upright,auto
Hr,Hr10,27,636,636,0,-189,199,219,0,30,0.414,upright,auto
Hr,Hr10,28,522y,522,0,-179,202,222,0,18,0.422,upright,auto
Hr,Hr10,29,605.032a!,605,0,-159,196,216,0,27,0.471,upright,auto
Hr,Hr10,30,780,780,0,-141,192,212,0,28,0.4,upright,auto
Hr,Hr10,31,605.032a,605,0,-123,193,213,0,28,0.4,upright,auto
Hr,Hr10,32,053ay,053,0,-118,198,218,0,10,0.493,upright,auto
Hr,Hr10,33,004.600,004,0,-92,197,218,0,31,0.415,upright,auto
Hr,Hr10,34,290.007,290,0,-64,197,218,0,41,0.384,upright,auto
Hr,Hr10,35,605.032a,605,0,-48,196,217,0,29,0.369,upright,auto
Hr,Hr10,36,36)!,36),0,306,196,217,212,453,-1.0,upright,auto
Hr,Hr10,37,073f!,073,222,234,195,213,4,12,0.306,upright,auto
Hr,Hr10,38,020y,020,235,243,198,218,7,9,0.499,upright,auto
Hr,Hr10,39,700f,700,243,251,199,218,4,10,0.519,upright,auto
Hr,Hr10,40,020y,020,246,254,198,218,6,10,0.54,upright,auto
Hr,Hr10,41,700f,700,255,262,198,218,6,9,0.518,upright,auto
Hr,Hr10,42,001,001,258,261,201,220,0,4,0.305,upright,auto
Hr,Hr10,43,700f,700,260,271,199,220,0,11,0.266,upright,auto
Hr,Hr10,44,090fj,090,274,286,199,218,3,12,0.323,upright,auto
Hr,Hr10,45,700f,700,289,296,205,221,0,9,0.377,upright,auto
Hr,Hr10,46,020gy,020,299,306,204,221,7,9,0.288,upright,auto
Hr,Hr10,47,700,700,310,317,200,220,4,8,0.465,upright,auto
Hr,Hr11,4,050!,050,408,831,220,242,267,599,-1.0,flipped,auto
Hr,Hr11,5,38)!,38),520,544,228,247,17,21,0.452,flipped,auto
Hr,Hr11,6,011!,011,508,532,224,239,17,22,0.342,flipped,auto
Hr,Hr11,7,700:042t.003a,700,482,514,222,240,24,27,0.377,flipped,auto
Hr,Hr11,8,600,600,471,495,222,240,22,21,0.409,flipped,auto
Hr,Hr11,9,205,205,462,474,222,240,10,11,0.35,flipped,auto
Hr,Hr11,10,773c,773,442,465,224,241,9,20,0.282,flipped,auto
Hr,Hr11,11,090j,090,428,446,220,240,16,16,0.353,flipped,auto
Hr,Hr11,12,136,136,405,427,224,241,16,18,0.38,flipped,auto
Hr,Hr11,13,591,591,389,413,230,243,18,22,0.422,flipped,auto
Hr,Hr11,14,091f!,091,380,392,230,244,11,10,0.408,flipped,auto
Hr,Hr11,15,455a:064t,455,372,380,231,244,0,8,0.43,flipped,auto
Hr,Hr11,16,002a,002,363,371,231,244,8,9,0.297,flipped,auto
Hr,Hr11,17,091k,091,351,364,225,244,9,12,0.297,flipped,auto
Hr,Hr11,18,044ax,044,347,355,230,244,7,8,0.297,flipped,auto
Hr,Hr11,19,773d,773,325,343,226,244,13,16,0.33,flipped,auto
Hr,Hr11,20,430c,430,314,332,225,244,18,16,0.339,flipped,auto
Hr,Hr11,21,430,430,291,326,231,244,35,31,0.434,flipped,auto
Hr,Hr11,22,605.004,605,282,298,231,244,16,14,0.421,flipped,auto
Hr,Hr11,23,007,007,275,282,229,244,7,6,0.398,flipped,auto
Hr,Hr11,24,003x,003,253,275,225,245,22,19,0.335,flipped,auto
Hr,Hr11,25,034a,034,225,264,227,245,30,33,0.33,flipped,auto
Hr,Hr11,26,220.011,220,215,233,225,245,18,16,0.42,flipped,auto
Hr,Hr11,27,091,091,203,219,224,244,12,13,0.343,flipped,auto
Hr,Hr11,28,005j,005,155,210,225,245,40,46,0.252,flipped,auto
Hr,Hr11,29,005j.062.144f,005,139,168,224,245,29,25,0.382,flipped,auto
Hr,Hr11,30,005j.062,005,119,147,222,243,16,25,0.349,flipped,auto
Hr,Hr11,31,200,200,100,128,222,243,21,24,0.35,flipped,auto
Hr,Hr11,32,200,200,86,97,223,243,6,10,0.401,flipped,auto
Hr,Hr11,33,076,076,67,90,221,242,23,20,0.488,flipped,auto
Hr,Hr11,34,755,755,56,75,221,241,19,17,0.501,flipped,auto
Hr,Hr11,35,090,090,32,61,221,240,29,26,0.342,flipped,auto
Hr,Hr11,36,200!,200,24,37,219,237,13,12,0.373,flipped,auto
Hr,Hr11,37,5)!,5),0,33,216,237,0,33,0.433,flipped,auto
Hr,Hr12,0,009!.061!,009,114,131,233,254,11,17,0.439,upright,auto
Hr,Hr12,1,009!.061!,009,123,126,232,252,0,6,0.518,upright,auto
Hr,Hr12,2,724!,724,125,141,231,245,10,17,0.536,upright,auto
Hr,Hr12,3,734?.003a,734,137,144,230,245,7,8,0.654,upright,auto
Hr,Hr12,4,734.003a,734,144,152,230,245,6,10,0.605,upright,auto
Hr,Hr12,5,382,382,145,177,230,245,29,33,0.518,upright,auto
Hr,Hr12,6,684a,684,164,192,226,245,28,31,0.368,upright,auto
Hr,Hr12,7,382,382,189,211,230,245,12,23,0.381,upright,auto
Hr,Hr12,8,048f,048,203,236,231,245,23,35,0.378,upright,auto
Hr,Hr12,9,684b,684,225,252,227,245,24,27,0.345,upright,auto
Hr,Hr12,10,007,007,249,256,233,252,5,9,0.454,upright,auto
Hr,Hr12,11,600,600,249,282,228,244,31,35,0.321,upright,auto
Hr,Hr12,12,326,326,275,292,231,244,17,18,0.375,upright,auto
Hr,Hr12,13,305.009,305,288,307,231,244,19,21,0.419,upright,auto
Hr,Hr12,14,308,308,294,358,226,244,44,67,0.246,upright,auto
Hr,Hr12,15,008!,008,345,374,231,244,19,33,0.346,upright,auto
Hr,Hr12,16,9)!,9),351,454,231,252,61,107,0.222,upright,auto
Hv,Hv01,0,070,070,107,115,230,250,0,12,0.0,upright,auto
Hv,Hv01,1,007,007,114,125,228,249,0,13,0.0,upright,auto
Hv,Hv01,2,002d,002,44,472,221,243,0,506,0.0,upright,auto
Hv,Hv01,3,092!,092,383,402,211,226,19,24,0.256,upright,auto
Hv,Hv01,4,301!,301,397,416,211,228,19,25,0.276,upright,auto
Hv,Hv01,5,37)!,37),417,430,216,229,13,18,0.398,upright,auto
Hv,Hv01,6,027!,027,430,433,216,231,3,5,0.449,upright,auto
Hv,Hv01,7,011!,011,429,464,216,232,35,43,0.432,upright,auto
Hv,Hv01,8,078y!.308!,078,458,474,217,233,16,20,0.469,upright,auto
Hv,Hv01,9,034!,034,475,482,216,234,7,9,0.531,upright,auto
Hv,Hv01,10,002,002,483,490,215,234,7,9,0.518,upright,auto
Hv,Hv01,11,002,002,484,503,216,235,19,24,0.543,upright,auto
Hv,Hv01,12,380.020by,380,499,516,215,235,17,21,0.449,upright,auto
Hv,Hv01,13,385y,385,512,540,221,235,28,34,0.446,upright,auto
Hv,Hv01,14,215.001,215,535,553,214,235,18,22,0.453,upright,auto
Hv,Hv01,15,381,381,551,559,215,234,8,11,0.427,upright,auto
Hv,Hv01,16,065,065,559,567,215,235,8,12,0.401,upright,auto
Hv,Hv01,17,2)!,2),559,567,221,235,8,10,0.308,upright,auto
Hv,Hv01,18,302y.048,302,555,583,220,235,28,34,0.412,upright,auto
Hv,Hv01,19,200,200,576,593,219,234,17,21,0.35,upright,auto
Hv,Hv01,20,600,600,596,614,214,233,18,23,0.4,upright,auto
Hv,Hv01,21,600,600,612,630,210,230,18,22,0.406,upright,auto
Hv,Hv01,22,027,027,621,634,212,231,13,17,0.434,upright,auto
Hv,Hv01,23,700,700,629,636,210,229,7,10,0.421,upright,auto
Hv,Hv01,24,011,011,638,641,210,228,3,6,0.454,upright,auto
Hv,Hv01,25,078y.308,078,637,672,208,226,35,44,0.381,upright,auto
Hv,Hv01,26,034!,034,669,687,210,223,18,22,0.33,upright,auto
Hv,Hv01,27,606s,606,677,704,209,230,25,33,0.276,upright,auto
Hv,Hv01,28,044ax,044,700,707,210,228,0,9,0.17,upright,auto
Hv,Hv01,29,057,057,705,717,210,229,0,14,0.0,upright,auto
Hv,Hv01,30,034!,034,712,729,210,228,0,21,0.0,upright,auto
Hv,Hv02,0,600,600,601,620,192,212,10,22,0.214,flipped,auto
Hv,Hv02,1,280,280,587,604,193,213,12,19,0.318,flipped,auto
Hv,Hv02,2,600,600,552,597,195,215,27,46,0.359,flipped,auto
Hv,Hv02,3,034d,034,521,559,196,215,20,39,0.421,flipped,auto
Hv,Hv02,4,256c,256,515,528,196,215,11,15,0.385,flipped,auto
Hv,Hv02,5,006.549,006,492,521,195,216,10,31,0.383,flipped,auto
Hv,Hv02,6,308,308,482,501,195,215,10,20,0.436,flipped,auto
Hv,Hv02,7,034d,034,452,492,194,214,23,41,0.344,flipped,auto
Hv,Hv02,8,216s,216,447,463,193,212,7,16,0.201,flipped,auto
Hv,Hv02,9,093,093,423,446,190,210,14,24,0.238,flipped,auto
Hv,Hv02,10,446bfs,446,415,434,190,210,9,21,0.435,flipped,auto
Hv,Hv02,11,600,600,396,415,191,211,8,20,0.364,flipped,auto
Hv,Hv02,12,034d,034,370,405,191,210,14,37,0.319,flipped,auto
Hv,Hv02,13,212.065,212,351,379,191,211,12,29,0.258,flipped,auto
Hv,Hv02,14,322,322,349,355,192,211,4,6,0.576,flipped,auto
Hv,Hv02,15,044ax,044,332,351,192,211,17,21,0.38,flipped,auto
Hv,Hv02,16,069b.055a,069,314,333,191,208,13,21,0.372,flipped,auto
Hv,Hv02,17,382,382,299,318,193,206,12,21,0.278,flipped,auto
Hv,Hv02,18,421a,421,285,301,193,206,5,17,0.392,flipped,auto
Hv,Hv02,19,093,093,270,289,193,205,12,20,0.392,flipped,auto
Hv,Hv02,20,087.062,087,240,279,192,212,32,39,0.384,flipped,auto
Hv,Hv02,21,205.700.061,205,234,247,192,209,13,15,0.399,flipped,auto
Hv,Hv02,22,739,739,230,236,193,207,6,7,0.341,flipped,auto
Hv,Hv02,23,040,040,219,231,193,205,12,13,0.148,flipped,auto
Hv,Hv02,24,140,140,167,231,193,213,0,64,0.095,flipped,auto
Hv,Hv02,25,316bs,316,163,179,194,213,0,17,0.079,flipped,auto
Hv,Hv02,26,301,301,151,167,194,213,0,16,0.0,flipped,auto
Hv,Hv02,27,004.064a,004,133,156,193,213,8,23,0.156,flipped,auto
Hv,Hv02,28,004.064a,004,127,143,194,209,9,17,0.28,flipped,auto
Hv,Hv02,29,209d,209,121,129,193,212,8,9,0.358,flipped,auto
Hv,Hv02,30,081,081,72,123,199,216,51,53,0.291,flipped,auto
Hv,Hv02,31,050,050,63,81,203,217,18,19,0.391,flipped,auto
Hv,Hv02,32,710x.052.240.069h,710,39,74,199,218,35,38,0.421,flipped,auto
Hv,Hv02,33,034d,034,32,48,197,216,14,16,0.263,flipped,auto
Hv,Hv02,34,027.280by,027,29,36,194,214,4,9,0.237,flipped,auto
Hv,Hv02,35,081,081,13,29,194,214,0,17,0.289,flipped,auto
Hv,Hv02,36,050,050,0,19,194,214,0,25,-1.0,flipped,auto
Hv,Hv02,37,065!.060a!,065,0,5,195,215,0,41,-1.0,flipped,auto
Hv,Hv02,38,734a,734,0,-25,196,215,0,23,0.45,flipped,auto
Hv,Hv02,39,067.010,067,0,-42,196,216,0,18,0.621,flipped,auto
Hv,Hv02,40,260,260,0,-57,194,215,0,21,0.531,flipped,auto
Hv,Hv02,41,067.010,067,0,-72,195,215,0,22,0.467,flipped,auto
Hv,Hv02,42,067.010h.107,067,0,-87,197,219,0,35,0.51,flipped,auto
Hv,Hv02,43,008,008,0,-115,202,223,0,18,0.573,flipped,auto
Hv,Hv02,44,421b,421,0,-129,208,227,0,20,0.538,flipped,auto
Hv,Hv03,1,260,260,0,13,165,184,0,20,-1.0,upright,auto
Hv,Hv03,2,280,280,6,25,166,185,10,23,0.222,upright,auto
Hv,Hv03,3,270a,270,22,39,166,185,8,19,0.409,upright,auto
Hv,Hv03,4,466a,466,33,65,164,184,21,36,0.327,upright,auto
Hv,Hv03,5,466b,466,52,87,163,183,22,41,0.209,upright,auto
Hv,Hv03,6,340a,340,81,105,161,181,12,27,0.342,upright,auto
Hv,Hv03,7,067,067,101,109,162,182,7,12,0.388,upright,auto
Hv,Hv03,8,260,260,101,119,162,181,15,21,0.258,upright,auto
Hv,Hv03,9,305s,305,116,138,161,181,11,24,0.363,upright,auto
Hv,Hv03,10,081,081,133,146,162,181,2,16,0.27,upright,auto
Hv,Hv03,11,420y.052,420,142,164,162,180,7,26,0.446,upright,auto
Hv,Hv03,12,002.010,002,159,177,162,180,7,20,0.244,upright,auto
Hv,Hv03,13,010y.450.010,010,173,197,162,179,4,28,0.312,upright,auto
Hv,Hv03,14,144af,144,197,214,162,179,9,20,0.394,upright,auto
Hv,Hv03,15,591,591,212,225,163,179,3,16,0.312,upright,auto
Hv,Hv03,16,670,670,221,243,163,183,2,24,0.378,upright,auto
Hv,Hv03,17,081,081,238,251,163,182,4,16,0.395,upright,auto
Hv,Hv03,18,773b.069.344a,773,244,294,162,183,22,56,0.325,upright,auto
Hv,Hv03,19,048f.062,048,283,301,163,183,7,20,0.461,upright,auto
Hv,Hv03,20,044ax,044,295,301,164,183,0,8,0.361,upright,auto
Hv,Hv03,21,451a,451,297,309,163,180,6,14,0.509,upright,auto
Hv,Hv03,22,204.346a,204,299,364,165,185,32,71,0.358,upright,auto
Hv,Hv03,23,736a.093,736,342,386,167,187,7,49,0.206,upright,auto
Hv,Hv03,24,254c,254,370,408,167,188,18,41,0.365,upright,auto
Hv,Hv03,25,200.202s,200,391,442,171,191,26,58,0.367,upright,auto
Hv,Hv03,26,522y,522,434,447,172,191,9,17,0.395,upright,auto
Hv,Hv03,27,254,254,442,476,173,194,26,39,0.314,upright,auto
Hv,Hv03,28,301,301,470,493,175,195,15,26,0.309,upright,auto
Hv,Hv03,29,015,015,490,496,175,195,3,7,0.332,upright,auto
Hv,Hv03,30,301s,301,494,516,175,195,14,25,0.305,upright,auto
Hv,Hv03,31,200.001,200,505,533,177,196,13,32,0.406,upright,auto
Hv,Hv03,32,200.063,200,528,560,174,194,14,35,0.477,upright,auto
Hv,Hv03,33,346,346,547,579,176,196,9,36,0.38,upright,auto
Hv,Hv03,34,215s,215,571,600,176,196,18,34,0.333,upright,auto
Hv,Hv03,35,001.052,001,596,609,174,194,7,17,0.391,upright,auto
Hv,Hv03,36,421y,421,609,626,173,193,9,20,0.305,upright,auto
Hv,Hv03,37,020b.010,020,623,639,172,191,13,17,0.27,upright,auto
Hv,Hv03,38,021e.010,021,636,653,172,192,11,19,0.413,upright,auto
Hv,Hv03,39,144f,144,652,669,173,193,9,19,0.385,upright,auto
Hv,Hv03,40,591,591,666,682,173,193,10,17,0.306,upright,auto
Hv,Hv03,41,451f,451,680,692,173,193,9,15,0.2,upright,auto
Hv,Hv03,42,700x,700,690,701,175,196,8,11,0.366,upright,auto
Hv,Hv03,43,008,008,698,715,174,194,11,18,0.461,upright,auto
Hv,Hv03,44,069b.048f,069,709,736,174,194,18,30,0.197,upright,auto
Hv,Hv03,45,073f,073,733,740,180,200,7,10,0.274,upright,auto
Hv,Hv03,46,073f,073,736,747,185,204,11,11,0.317,upright,auto
Hv,Hv04,14,144f,144,803,816,153,171,0,18,-1.0,flipped,auto
Hv,Hv04,15,591,591,792,808,152,171,0,14,0.0,flipped,auto
Hv,Hv04,16,048bf,048,776,788,157,177,11,11,0.239,flipped,auto
Hv,Hv04,17,700cx,700,771,779,158,178,8,9,0.373,flipped,auto
Hv,Hv04,18,081,081,762,779,158,178,17,15,0.284,flipped,auto
Hv,Hv04,19,589,589,742,771,159,179,13,27,0.286,flipped,auto
Hv,Hv04,20,031c,031,729,746,160,180,12,16,0.225,flipped,auto
Hv,Hv04,21,571,571,717,730,158,178,10,13,0.286,flipped,auto
Hv,Hv04,22,385,385,696,720,152,173,19,22,0.288,flipped,auto
Hv,Hv04,23,216.730,216,688,699,151,172,5,10,0.288,flipped,auto
Hv,Hv04,24,209dy,209,671,694,149,170,17,22,0.307,flipped,auto
Hv,Hv04,25,200.451,200,631,685,154,175,35,47,0.258,flipped,auto
Hv,Hv04,26,084a,084,604,647,154,174,27,38,0.188,flipped,auto
Hv,Hv04,27,034d,034,597,609,157,176,9,12,0.483,flipped,auto
Hv,Hv04,28,700,700,583,602,157,177,9,18,0.376,flipped,auto
Hv,Hv04,29,204y,204,574,585,158,177,9,10,0.505,flipped,auto
Hv,Hv04,30,755a,755,542,576,158,177,18,31,0.36,flipped,auto
Hv,Hv04,31,381fy,381,531,553,157,177,9,19,0.501,flipped,auto
Hv,Hv04,32,755a,755,521,539,157,177,9,17,0.451,flipped,auto
Hv,Hv04,33,381ay,381,506,524,157,176,18,16,0.537,flipped,auto
Hv,Hv04,34,755a,755,488,511,156,176,19,21,0.47,flipped,auto
Hv,Hv04,35,055a.074f,055,471,489,157,177,9,16,0.372,flipped,auto
Hv,Hv04,36,205,205,455,473,156,176,13,18,0.294,flipped,auto
Hv,Hv04,37,376a,376,425,454,161,181,13,27,0.354,flipped,auto
Hv,Hv04,38,081,081,387,436,161,181,30,44,0.168,flipped,auto
Hv,Hv04,39,430y,430,385,401,167,187,6,14,0.294,flipped,auto
Hv,Hv04,40,002.010,002,371,390,166,188,17,18,0.345,flipped,auto
Hv,Hv04,41,002.010,002,346,368,167,188,0,19,0.3,flipped,auto
Hv,Hv04,42,144f,144,331,349,164,183,0,17,0.418,flipped,auto
Hv,Hv04,43,026x,026,320,338,165,184,7,17,0.395,flipped,auto
Hv,Hv04,44,006,006,314,325,164,180,3,11,0.446,flipped,auto
Hv,Hv04,45,702x,702,294,310,163,183,6,13,0.503,flipped,auto
Hv,Hv04,46,081,081,282,301,163,183,7,19,0.54,flipped,auto
Hv,Hv04,47,670b,670,260,293,164,183,10,30,0.479,flipped,auto
Hv,Hv04,48,589,589,244,272,162,182,4,24,0.323,flipped,auto
Hv,Hv04,49,073f,073,231,242,159,179,2,10,0.371,flipped,auto
Hv,Hv04,50,073af,073,224,231,162,179,0,8,0.354,flipped,auto
Hv,Hv05,0,069c.450ty,069,0,-271,148,168,0,25,0.51,upright,auto
Hv,Hv05,1,200.736b,200,0,-211,146,166,0,82,0.375,upright,auto
Hv,Hv05,2,204,204,0,-210,148,168,0,18,0.52,upright,auto
Hv,Hv05,3,385,385,0,-176,145,166,0,44,0.407,upright,auto
Hv,Hv05,4,600.755a,600,0,-151,146,166,0,37,0.445,upright,auto
Hv,Hv05,5,001.607,001,0,-140,144,164,0,21,0.532,upright,auto
Hv,Hv05,6,600,600,0,-132,144,164,0,12,0.618,upright,auto
Hv,Hv05,7,440f?,440,0,-113,144,164,0,27,0.507,upright,auto
Hv,Hv05,8,737.001,737,0,-105,145,165,0,12,0.566,upright,auto
Hv,Hv05,9,090j,090,0,-74,145,165,0,45,0.482,upright,auto
Hv,Hv05,10,230j.081,230,0,-65,145,164,0,18,0.533,upright,auto
Hv,Hv05,11,002a.010,002,0,-50,144,164,0,20,0.571,upright,auto
Hv,Hv05,12,002a.063,002,0,-45,145,164,0,9,0.66,upright,auto
Hv,Hv05,13,002,002,0,-38,140,159,0,8,0.606,upright,auto
Hv,Hv05,14,724b,724,0,-26,145,164,0,15,0.494,upright,auto
Hv,Hv05,15,739,739,0,-8,145,165,0,25,-1.0,upright,auto
Hv,Hv05,16,200.048f.010,200,0,2,145,160,0,18,-1.0,upright,auto
Hv,Hv05,17,191a.048f,191,0,27,144,164,16,34,-1.0,upright,auto
Hv,Hv05,18,400y,400,20,39,143,163,11,21,0.294,upright,auto
Hv,Hv05,19,072,072,35,53,144,164,14,19,0.273,upright,auto
Hv,Hv05,20,002,002,45,53,145,165,2,10,0.294,upright,auto
Hv,Hv05,21,003a!,003,49,51,151,165,2,4,0.451,upright,auto
Hv,Hv05,22,072,072,56,73,145,164,9,18,0.467,upright,auto
Hv,Hv05,23,002,002,72,79,145,164,5,8,0.569,upright,auto
Hv,Hv05,24,430d,430,81,94,145,164,3,15,0.376,upright,auto
Hv,Hv05,25,072,072,86,103,143,163,5,18,0.554,upright,auto
Hv,Hv05,26,002,002,101,109,143,163,4,10,0.502,upright,auto
Hv,Hv05,27,200,200,113,132,142,163,3,22,0.265,upright,auto
Hv,Hv05,28,046,046,131,139,142,158,1,10,0.275,upright,auto
Hv,Hv05,29,004,004,139,145,137,157,0,7,0.284,upright,auto
Hv,Hv05,30,046,046,147,155,137,158,0,10,0.413,upright,auto
Hv,Hv05,31,004.052,004,153,171,137,157,3,20,0.357,upright,auto
Hv,Hv05,32,046,046,165,173,138,159,4,10,0.361,upright,auto
Hv,Hv05,33,004,004,174,181,138,158,0,8,0.243,upright,auto
Hv,Hv05,34,200.050a,200,179,207,140,159,0,31,0.206,upright,auto
Hv,Hv05,35,001a,001,205,211,140,161,0,6,0.329,upright,auto
Hv,Hv05,36,200.050a,200,202,231,140,161,0,33,0.406,upright,auto
Hv,Hv05,37,001.240.050a,001,223,258,141,162,4,40,0.201,upright,auto
Hv,Hv05,38,022bf,022,253,260,141,161,3,8,0.164,upright,auto
Hv,Hv05,39,200.050a,200,254,283,143,164,3,32,0.252,upright,auto
Hv,Hv05,40,022bf,022,275,282,143,162,0,8,0.395,upright,auto
Hv,Hv05,41,253ay,253,275,308,142,164,14,35,0.28,upright,auto
Hv,Hv05,42,004,004,303,309,144,164,0,8,0.343,upright,auto
Hv,Hv05,43,046.711V,046,305,333,144,165,17,30,0.298,upright,auto
Hv,Hv05,44,540V,540,331,349,146,166,4,21,0.376,upright,auto
Hv,Hv05,45,046.711V,046,345,369,147,168,12,27,0.308,upright,auto
Hv,Hv05,46,381y.549t,381,364,387,150,170,11,25,0.203,upright,auto
Hv,Hv05,47,205s.549t,205,379,412,149,170,20,34,0.148,upright,auto
Hv,Hv05,48,081,081,406,422,151,170,7,17,0.283,upright,auto
Hv,Hv05,49,482,482,419,447,151,171,8,31,0.44,upright,auto
Hv,Hv05,50,002.010,002,442,459,150,171,7,19,0.324,upright,auto
Hv,Hv05,51,002.010,002,455,473,150,171,13,19,0.402,upright,auto
Hv,Hv05,52,144f,144,463,480,154,170,12,18,0.33,upright,auto
Hv,Hv05,53,009c,009,474,486,155,170,9,14,0.41,upright,auto
Hv,Hv05,54,090fk,090,488,499,156,171,2,12,0.321,upright,auto
Hv,Hv05,55,702x,702,497,509,155,171,9,13,0.35,upright,auto
Hv,Hv05,56,008,008,510,526,150,170,8,18,0.27,upright,auto
Hv,Hv05,57,110!,110,524,535,150,167,9,12,0.312,upright,auto
Hv,Hv06,0,045f,045,803,810,123,141,0,9,0.258,flipped,auto
Hv,Hv06,1,069.385y,069,776,808,122,141,24,32,0.286,flipped,auto
Hv,Hv06,2,200.730,200,746,790,123,143,37,45,0.271,flipped,auto
Hv,Hv06,3,280,280,738,757,124,144,15,21,0.313,flipped,auto
Hv,Hv06,4,209b,209,716,743,123,143,16,28,0.182,flipped,auto
Hv,Hv06,5,280,280,704,723,123,142,12,21,0.268,flipped,auto
Hv,Hv06,6,144f,144,686,704,128,147,12,20,0.316,flipped,auto
Hv,Hv06,7,200.063,200,660,695,127,147,19,38,0.345,flipped,auto
Hv,Hv06,8,002,002,658,665,128,148,6,9,0.335,flipped,auto
Hv,Hv06,9,009,009,645,658,121,142,6,15,0.309,flipped,auto
Hv,Hv06,10,065,065,638,646,116,136,6,10,0.509,flipped,auto
Hv,Hv06,11,086a.078fx,086,618,640,120,140,4,23,0.227,flipped,auto
Hv,Hv06,12,200.001f,200,589,627,118,139,21,39,0.132,flipped,auto
Hv,Hv06,13,200.001f,200,568,600,122,142,13,33,0.253,flipped,auto
Hv,Hv06,14,077b,077,564,571,123,144,5,8,0.601,flipped,auto
Hv,Hv06,15,344b.078x,344,531,570,122,143,20,40,0.3,flipped,auto
Hv,Hv06,16,078by,078,496,545,121,142,27,50,0.252,flipped,auto
Hv,Hv06,17,384.078x.078x,384,493,505,121,140,6,13,0.366,flipped,auto
Hv,Hv06,18,010y.001,010,479,492,119,140,11,14,0.415,flipped,auto
Hv,Hv06,19,700.061,700,464,480,120,141,8,17,0.48,flipped,auto
Hv,Hv06,20,700.010,700,452,468,120,140,9,17,0.466,flipped,auto
Hv,Hv06,21,008,008,440,457,120,140,10,17,0.305,flipped,auto
Hv,Hv06,22,022.052,022,423,440,118,138,11,19,0.34,flipped,auto
Hv,Hv06,23,002a.010,002,408,425,116,136,3,18,0.257,flipped,auto
Hv,Hv06,24,002a.010,002,396,412,117,136,10,17,0.45,flipped,auto
Hv,Hv06,25,144f,144,386,397,116,137,6,11,0.488,flipped,auto
Hv,Hv06,26,700x,700,369,392,115,135,11,24,0.336,flipped,auto
Hv,Hv06,27,670,670,358,374,115,133,9,17,0.479,flipped,auto
Hv,Hv06,28,081,081,350,362,115,135,5,13,0.597,flipped,auto
Hv,Hv06,29,069b,069,342,350,114,131,0,10,0.515,flipped,auto
Hv,Hv06,30,048af,048,323,345,113,133,3,22,0.406,flipped,auto
Hv,Hv06,31,020.052,020,296,324,107,128,0,30,0.225,flipped,auto
Hv,Hv06,32,675b,675,285,303,107,120,11,19,0.3,flipped,auto
Hv,Hv06,33,004.064a,004,272,290,106,125,0,20,0.26,flipped,auto
Hv,Hv06,34,004.064a,004,258,276,112,127,0,19,0.231,flipped,auto
Hv,Hv06,35,001.006,001,232,266,113,127,14,36,0.33,flipped,auto
Hv,Hv06,36,200.053a,200,213,241,108,127,6,28,0.217,flipped,auto
Hv,Hv06,37,200.053a,200,219,225,108,126,0,6,0.204,flipped,auto
Hv,Hv06,38,200.053a,200,189,224,106,127,19,38,0.141,flipped,auto
Hv,Hv06,39,017,017,183,190,108,128,5,8,0.387,flipped,auto
Hv,Hv06,40,365as,365,160,183,113,129,0,25,0.29,flipped,auto
Hv,Hv06,41,060a,060,158,164,111,129,0,7,0.338,flipped,auto
Hv,Hv06,42,450,450,150,158,111,130,0,10,0.355,flipped,auto
Hv,Hv06,43,209c,209,133,151,109,130,0,21,0.36,flipped,auto
Hv,Hv06,44,030cx,030,117,136,115,130,0,22,0.302,flipped,auto
Hv,Hv06,45,290,290,104,126,113,130,0,22,0.336,flipped,auto
Hv,Hv06,46,254j,254,79,117,114,130,3,40,0.266,flipped,auto
Hv,Hv06,47,046,046,73,84,113,134,4,11,0.239,flipped,auto
Hv,Hv06,48,700,700,65,76,112,134,0,10,0.189,flipped,auto
Hv,Hv06,49,005j,005,52,63,113,133,5,12,0.212,flipped,auto
Hv,Hv06,50,004.064a,004,38,54,112,133,0,17,0.239,flipped,auto
Hv,Hv06,51,737.052x?,737,10,45,105,127,24,38,0.234,flipped,auto
Hv,Hv06,52,464,464,0,19,104,125,14,32,-1.0,flipped,auto
Hv,Hv06,53,385,385,0,-4,104,125,0,22,-1.0,flipped,auto
Hv,Hv06,54,242a,242,0,-3,109,130,0,36,0.322,flipped,auto
Hv,Hv07,0,002a,002,8,15,96,116,3,9,0.379,upright,auto
Hv,Hv07,1,009,009,15,27,96,116,6,14,0.375,upright,auto
Hv,Hv07,2,077b,077,26,32,96,116,0,8,0.519,upright,auto
Hv,Hv07,3,570a,570,30,47,97,117,8,19,0.547,upright,auto
Hv,Hv07,4,055b,055,43,54,97,116,4,12,0.584,upright,auto
Hv,Hv07,5,045,045,53,60,96,114,0,8,0.539,upright,auto
Hv,Hv07,6,280,280,56,75,95,115,10,21,0.365,upright,auto
Hv,Hv07,7,604s.075,604,64,102,95,114,19,40,0.354,upright,auto
Hv,Hv07,8,025af,025,94,102,95,114,4,9,0.552,upright,auto
Hv,Hv07,9,280,280,99,118,95,114,7,22,0.519,upright,auto
Hv,Hv07,10,604.075,604,111,146,94,113,3,39,0.314,upright,auto
Hv,Hv07,11,005j,005,136,169,94,113,9,35,0.585,upright,auto
Hv,Hv07,12,280,280,149,235,93,114,53,92,0.239,upright,auto
Hv,Hv07,13,605s.009.549t,605,216,244,94,114,11,29,0.29,upright,auto
Hv,Hv07,14,466c.048,466,233,273,94,113,25,44,0.287,upright,auto
Hv,Hv07,15,044a.099.490x,044,267,275,90,110,4,9,0.406,upright,auto
Hv,Hv07,16,048.207o,048,274,282,91,110,3,9,0.367,upright,auto
Hv,Hv07,17,048a,048,278,306,90,110,4,30,0.134,upright,auto
Hv,Hv07,18,050,050,304,315,93,110,0,13,0.234,upright,auto
Hv,Hv07,19,504.003a,504,313,326,90,110,11,15,0.261,upright,auto
Hv,Hv07,20,144f,144,326,348,90,110,14,23,0.275,upright,auto
Hv,Hv07,21,020.003a,020,343,361,93,112,12,19,0.323,upright,auto
Hv,Hv07,22,200,200,359,386,97,117,15,28,0.294,upright,auto
Hv,Hv07,23,006x.003a,006,383,405,100,120,15,25,0.433,upright,auto
Hv,Hv07,24,180f,180,401,417,102,120,5,18,0.35,upright,auto
Hv,Hv07,25,309a,309,410,442,96,116,23,34,0.249,upright,auto
Hv,Hv07,26,006.003a,006,427,482,102,116,18,60,0.158,upright,auto
Hv,Hv07,27,360a.050,360,468,501,97,116,20,35,0.196,upright,auto
Hv,Hv07,28,360.244.711,360,495,506,97,116,8,11,0.31,upright,auto
Hv,Hv07,29,226.041,226,505,511,90,110,5,6,0.343,upright,auto
Hv,Hv07,30,095dj,095,503,519,91,110,10,17,0.442,upright,auto
Hv,Hv07,31,001,001,510,544,91,104,16,37,0.299,upright,auto
Hv,Hv07,32,290,290,534,546,91,104,8,14,0.385,upright,auto
Hv,Hv07,33,254,254,540,573,92,112,17,34,0.29,upright,auto
Hv,Hv07,34,450b,450,563,591,91,111,17,31,0.279,upright,auto
Hv,Hv07,35,450b.600,450,586,594,90,110,8,10,0.367,upright,auto
Hv,Hv07,36,461b,461,589,616,90,110,17,28,0.198,upright,auto
Hv,Hv07,37,074,074,604,647,89,109,18,46,0.209,upright,auto
Hv,Hv07,38,209,209,642,645,95,108,0,5,0.395,upright,auto
Hv,Hv07,39,537.280,537,640,680,89,110,27,43,0.168,upright,auto
Hv,Hv07,40,003x,003,673,686,89,110,10,16,0.212,upright,auto
Hv,Hv07,41,254,254,681,713,90,110,18,33,0.387,upright,auto
Hv,Hv07,42,010y.001.244,010,708,715,90,111,7,9,0.376,upright,auto
Hv,Hv07,43,048a,048,715,721,89,110,4,6,0.334,upright,auto
Hv,Hv07,44,001,001,717,746,93,115,15,33,0.275,upright,auto
Hv,Hv07,45,370a.093h,370,744,751,95,116,7,9,0.325,upright,auto
Hv,Hv07,46,002,002,754,757,95,116,3,6,0.299,upright,auto
Hv,Hv07,47,001.244,001,752,786,93,114,15,37,0.277,upright,auto
Hv,Hv07,48,004,004,782,788,93,114,6,7,0.346,upright,auto
Hv,Hv07,49,279?.074,279,782,815,93,113,5,35,0.232,upright,auto
Hv,Hv07,50,279?.290,279,804,816,93,114,0,44,-1.0,upright,auto
Hv,Hv08,0,079,079,453,465,76,97,5,13,0.197,flipped,auto
Hv,Hv08,1,001.600,001,431,459,77,97,6,29,0.119,flipped,auto
Hv,Hv08,2,002a.010,002,418,434,79,99,5,17,0.305,flipped,auto
Hv,Hv08,3,254,254,391,423,72,93,21,34,0.272,flipped,auto
Hv,Hv08,4,079,079,387,398,74,94,6,11,0.408,flipped,auto
Hv,Hv08,5,001.600,001,367,395,80,100,11,31,0.343,flipped,auto
Hv,Hv08,6,093f,093,356,372,82,101,7,16,0.33,flipped,auto
Hv,Hv08,7,002a.010,002,340,356,82,101,8,17,0.21,flipped,auto
Hv,Hv08,8,256,256,314,348,80,100,20,38,0.222,flipped,auto
Hv,Hv08,9,004,004,315,321,81,101,5,7,0.515,flipped,auto
Hv,Hv08,10,004,004,305,311,80,100,6,7,0.419,flipped,auto
Hv,Hv08,11,079,079,295,306,78,99,5,11,0.523,flipped,auto
Hv,Hv08,12,001.600,001,272,300,78,98,6,30,0.318,flipped,auto
Hv,Hv08,13,379.061h,379,260,278,81,102,11,20,0.209,flipped,auto
Hv,Hv08,14,020b.010,020,254,267,81,102,4,15,0.239,flipped,auto
Hv,Hv08,15,2)!,2),236,260,81,97,5,27,0.089,flipped,auto
Hv,Hv08,16,001a,001,234,240,76,95,0,7,0.233,flipped,auto
Hv,Hv08,17,450,450,225,236,74,95,3,12,0.258,flipped,auto
Hv,Hv08,18,126,126,211,229,75,95,8,20,0.245,flipped,auto
Hv,Hv08,19,450,450,198,210,76,96,0,13,0.499,flipped,auto
Hv,Hv08,20,002a,002,191,199,76,95,0,9,0.377,flipped,auto
Hv,Hv08,21,300,300,176,194,76,96,14,20,0.409,flipped,auto
Hv,Hv08,22,067,067,174,185,76,96,3,11,0.578,flipped,auto
Hv,Hv08,23,700f,700,167,174,76,96,5,9,0.488,flipped,auto
Hv,Hv08,24,700f,700,159,167,76,96,4,10,0.407,flipped,auto
Hv,Hv08,25,084,084,150,162,76,96,0,14,0.395,flipped,auto
Hv,Hv08,26,001,001,141,144,76,91,0,6,0.293,flipped,auto
Hv,Hv08,27,084,084,128,141,77,91,0,15,0.223,flipped,auto
Hv,Hv08,28,306s,306,106,133,76,96,0,30,0.268,flipped,auto
Hv,Hv08,29,294a.074,294,81,114,77,90,12,36,0.243,flipped,auto
Hv,Hv08,30,256a,256,53,93,77,97,19,43,0.298,flipped,auto
Hv,Hv08,31,600,600,44,62,78,97,4,21,0.28,flipped,auto
Hv,Hv08,32,280,280,29,47,79,98,13,21,0.272,flipped,auto
Hv,Hv08,33,006,006,26,37,79,98,6,11,0.332,flipped,auto
Hv,Hv08,34,683,683,0,34,79,99,25,44,-1.0,flipped,auto
Hv,Hv08,35,006,006,0,2,79,97,0,12,-1.0,flipped,auto
Hv,Hv08,36,027,027,0,-7,79,97,0,15,-1.0,flipped,auto
Hv,Hv08,37,006,006,0,-12,79,97,0,11,0.532,flipped,auto
Hv,Hv08,38,027,027,0,-22,79,99,0,13,0.597,flipped,auto
Hv,Hv08,39,330.330.002a,330,0,-23,73,93,0,58,0.469,flipped,auto
Hv,Hv08,40,230.450,230,0,-65,69,88,0,37,0.472,flipped,auto
Hv,Hv08,41,230,230,0,-90,72,92,0,23,0.528,flipped,auto
Hv,Hv08,42,381y,381,0,-104,70,89,0,23,0.474,flipped,auto
Hv,Hv08,43,030a,030,0,-121,69,88,0,23,0.427,flipped,auto
Hv,Hv08,44,235a,235,0,-137,75,95,0,22,0.46,flipped,auto
Hv,Hv08,45,010.700.061a,010,0,-152,73,93,0,27,0.473,flipped,auto
Hv,Hv08,46,061y.050,061,0,-172,73,93,0,21,0.523,flipped,auto
Hv,Hv08,47,061y.380a,061,0,-183,73,93,0,33,0.462,flipped,auto
Hv,Hv08,48,061tx.062y.001,061,0,-210,72,93,0,16,0.604,flipped,auto
Hv,Hv08,49,034d,034,0,-220,72,92,0,22,0.515,flipped,auto
Hv,Hv08,50,335,335,0,-234,76,97,0,25,0.501,flipped,auto
Hv,Hv08,51,290,290,0,-251,80,100,0,23,0.42,flipped,auto
Hv,Hv08,52,254,254,0,-264,81,101,0,45,0.372,flipped,auto
Hv,Hv08,53,200.093,200,0,-291,76,96,0,43,0.426,flipped,auto
Hv,Hv08,54,600,600,0,-322,81,101,0,23,0.614,flipped,auto
Hv,Hv09,0,290,290,0,7,60,81,0,21,-1.0,upright,auto
Hv,Hv09,1,280,280,8,27,64,84,8,22,0.296,upright,auto
Hv,Hv09,2,093,093,24,41,67,87,4,20,0.252,upright,auto
Hv,Hv09,3,608,608,33,66,62,81,4,36,0.27,upright,auto
Hv,Hv09,4,022,022,58,64,61,81,3,8,0.37,upright,auto
Hv,Hv09,5,050,050,65,73,61,81,2,10,0.355,upright,auto
Hv,Hv09,6,430b,430,70,83,60,80,0,16,0.359,upright,auto
Hv,Hv09,7,022,022,85,92,60,80,0,7,0.269,upright,auto
Hv,Hv09,8,608,608,88,112,60,80,10,27,0.254,upright,auto
Hv,Hv09,9,430c,430,107,123,65,80,0,17,0.228,upright,auto
Hv,Hv09,10,022,022,119,125,66,80,0,7,0.222,upright,auto
Hv,Hv09,11,200.060x,200,121,153,70,80,0,34,0.172,upright,auto
Hv,Hv09,12,235y,235,145,168,60,79,5,26,0.28,upright,auto
Hv,Hv09,13,120,120,164,172,59,78,2,10,0.347,upright,auto
Hv,Hv09,14,120y,120,177,185,58,77,0,10,0.203,upright,auto
Hv,Hv09,15,005j,005,184,196,58,77,7,13,0.41,upright,auto
Hv,Hv09,16,011.010,011,194,207,58,78,6,16,0.386,upright,auto
Hv,Hv09,17,070,070,205,218,64,78,5,14,0.366,upright,auto
Hv,Hv09,18,066,066,217,225,65,78,0,11,0.482,upright,auto
Hv,Hv09,19,600,600,223,242,64,78,1,21,0.119,upright,auto
Hv,Hv09,20,670,670,236,260,59,79,22,26,0.348,upright,auto
Hv,Hv09,21,011.010,011,249,265,59,80,9,16,0.498,upright,auto
Hv,Hv09,22,790af,790,262,279,61,81,5,19,0.523,upright,auto
Hv,Hv09,23,001,001,279,282,62,81,0,6,0.39,upright,auto
Hv,Hv09,24,790af,790,281,297,60,80,3,18,0.323,upright,auto
Hv,Hv09,25,001,001,294,300,58,79,4,6,0.498,upright,auto
Hv,Hv09,26,040a,040,306,312,58,78,3,7,0.284,upright,auto
Hv,Hv09,27,048a,048,315,321,61,81,0,8,0.27,upright,auto
Hv,Hv09,28,005j,005,322,333,63,81,8,12,0.219,upright,auto
Hv,Hv09,29,011.010,011,332,344,65,86,3,13,0.27,upright,auto
Hv,Hv09,30,022bfy,022,345,353,65,85,0,9,0.379,upright,auto
Hv,Hv09,31,022bfy,022,351,357,65,84,4,8,0.428,upright,auto
Hv,Hv09,32,011.010,011,358,374,65,85,0,16,0.152,upright,auto
Hv,Hv09,33,301,301,370,393,65,86,4,25,0.092,upright,auto
Hv,Hv09,34,048a,048,387,393,65,86,4,7,0.27,upright,auto
Hv,Hv09,35,017,017,393,399,65,87,6,8,0.534,upright,auto
Hv,Hv09,36,048a,048,400,407,65,86,5,9,0.527,upright,auto
Hv,Hv09,37,019,019,409,415,65,86,4,8,0.463,upright,auto
Hv,Hv09,38,011.010,011,421,434,65,86,6,15,0.213,upright,auto
Hv,Hv09,39,381y!,381,428,446,66,87,6,20,0.253,upright,auto
Hv,Hv09,40,381,381,439,457,68,82,13,21,0.292,upright,auto
Hv,Hv09,41,309,309,451,474,68,82,0,26,0.185,upright,auto
Hv,Hv09,42,054a,054,472,483,64,83,5,13,0.215,upright,auto
Hv,Hv09,43,381,381,481,499,64,85,14,20,0.286,upright,auto
Hv,Hv09,44,068ay,068,497,509,65,85,6,13,0.279,upright,auto
Hv,Hv09,45,381,381,507,526,71,85,14,22,0.297,upright,auto
Hv,Hv09,46,600,600,527,549,72,87,13,23,0.294,upright,auto
Hv,Hv09,47,011.010,011,546,562,71,87,11,17,0.414,upright,auto
Hv,Hv09,48,048a,048,554,561,71,87,3,9,0.371,upright,auto
Hv,Hv09,49,021af,021,561,572,61,75,4,11,0.297,upright,auto
Hv,Hv09,50,011.010,011,572,585,60,74,10,16,0.246,upright,auto
Hv,Hv09,51,230y,230,579,598,59,74,5,22,0.228,upright,auto
Hv,Hv09,52,324.711:711t,324,593,625,53,74,16,34,0.244,upright,auto
Hv,Hv09,53,034d,034,618,637,53,74,11,22,0.189,upright,auto
Hv,Hv09,54,046,046,634,645,53,74,6,11,0.315,upright,auto
Hv,Hv09,55,007,007,643,656,53,74,4,16,0.284,upright,auto
Hv,Hv09,56,001a,001,657,664,55,76,3,8,0.204,upright,auto
Hv,Hv09,57,600,600,662,681,61,83,8,22,0.283,upright,auto
Hv,Hv09,58,205y.571,205,673,713,60,81,6,44,0.301,upright,auto
Hv,Hv09,59,084a,084,707,720,55,75,5,14,0.244,upright,auto
Hv,Hv09,60,200.571,200,713,748,58,79,11,39,0.201,upright,auto
Hv,Hv09,61,084a,084,744,756,61,81,10,13,0.209,upright,auto
Hv,Hv09,62,730.069h,730,750,778,61,81,3,30,0.134,upright,auto
Hv,Hv09,63,084a,084,774,786,63,81,6,14,0.174,upright,auto
Hv,Hv09,64,200.000!,200,778,816,67,87,9,45,0.29,upright,auto
Hv,Hv10,0,001!,001,510,516,47,56,0,6,0.301,flipped,auto
Hv,Hv10,1,065,065,503,510,44,56,6,9,0.217,flipped,auto
Hv,Hv10,2,073f,073,495,501,45,64,0,7,0.273,flipped,auto
Hv,Hv10,3,090f,090,482,498,44,64,10,16,0.284,flipped,auto
Hv,Hv10,4,005j,005,469,480,50,64,3,13,0.254,flipped,auto
Hv,Hv10,5,571.010,571,452,470,50,67,5,20,0.28,flipped,auto
Hv,Hv10,6,002a.069,002,436,455,48,67,4,22,0.284,flipped,auto
Hv,Hv10,7,739,739,430,443,48,67,5,15,0.364,flipped,auto
Hv,Hv10,8,022bfy,022,424,430,48,66,0,8,0.194,flipped,auto
Hv,Hv10,9,022bfy,022,416,423,48,66,0,8,0.315,flipped,auto
Hv,Hv10,10,022bfy,022,406,412,47,67,5,7,0.317,flipped,auto
Hv,Hv10,11,600,600,390,408,47,67,0,21,0.446,flipped,auto
Hv,Hv10,12,072b,072,378,395,47,66,10,18,0.239,flipped,auto
Hv,Hv10,13,002a,002,375,382,47,66,0,9,0.23,flipped,auto
Hv,Hv10,14,002a,002,366,373,47,66,0,9,0.272,flipped,auto
Hv,Hv10,15,505,505,342,365,46,66,20,24,0.295,flipped,auto
Hv,Hv10,16,500,500,330,348,46,65,6,19,0.344,flipped,auto
Hv,Hv10,17,116b,116,321,333,46,64,6,13,0.24,flipped,auto
Hv,Hv10,18,400,400,296,328,45,64,17,34,0.172,flipped,auto
Hv,Hv10,19,116a,116,291,307,45,59,3,16,0.355,flipped,auto
Hv,Hv10,20,400a,400,267,296,44,59,22,32,0.151,flipped,auto
Hv,Hv10,21,200.044ax,200,259,270,44,58,0,11,0.31,flipped,auto
Hv,Hv10,22,067,067,239,262,43,58,6,26,0.179,flipped,auto
Hv,Hv10,23,375a,375,232,239,35,54,6,9,0.313,flipped,auto
Hv,Hv10,24,041,041,226,234,35,54,3,10,0.277,flipped,auto
Hv,Hv10,25,041,041,226,232,35,55,3,8,0.23,flipped,auto
Hv,Hv10,26,040,040,216,222,35,55,3,7,0.372,flipped,auto
Hv,Hv10,27,040,040,205,221,42,61,4,18,0.368,flipped,auto
Hv,Hv10,28,630c.076,630,200,206,41,59,5,7,0.32,flipped,auto
Hv,Hv10,29,117a,117,187,200,41,59,0,15,0.26,flipped,auto
Hv,Hv10,30,430b,430,183,189,43,61,0,8,0.201,flipped,auto
Hv,Hv10,31,025af,025,180,186,47,67,0,7,0.257,flipped,auto
Hv,Hv10,32,022,022,165,171,41,61,0,7,0.411,flipped,auto
Hv,Hv10,33,045a,045,158,164,43,62,0,7,0.557,flipped,auto
Hv,Hv10,34,022,022,149,156,42,62,4,8,0.494,flipped,auto
Hv,Hv10,35,002a,002,144,147,42,57,0,6,0.437,flipped,auto
Hv,Hv10,36,022,022,130,137,42,57,0,8,0.409,flipped,auto
Hv,Hv10,37,050a,050,118,130,42,56,0,15,0.563,flipped,auto
Hv,Hv10,38,007,007,102,118,43,57,0,18,0.167,flipped,auto
Hv,Hv10,39,144f,144,83,107,41,62,0,27,0.174,flipped,auto
Hv,Hv10,40,733a,733,58,92,43,63,5,37,0.307,flipped,auto
Hv,Hv10,41,384.074f,384,40,67,42,62,11,28,0.168,flipped,auto
Hv,Hv10,42,224,224,19,47,42,62,13,30,0.154,flipped,auto
Hv,Hv10,43,600.078x,600,8,26,42,62,10,20,0.207,flipped,auto
Hv,Hv10,44,381y,381,0,11,42,63,0,19,-1.0,flipped,auto
Hv,Hv10,45,381.078x,381,0,-1,43,62,0,12,-1.0,flipped,auto
Hv,Hv10,46,729,729,0,4,46,66,0,34,0.433,flipped,auto
Hv,Hv10,47,381,381,0,-21,46,66,0,21,0.459,flipped,auto
Hv,Hv10,48,007,007,0,-34,46,66,0,16,0.518,flipped,auto
Hv,Hv10,49,200.077c,200,0,-43,46,66,0,33,0.468,flipped,auto
Hv,Hv10,50,005j,005,0,-68,47,66,0,13,0.608,flipped,auto
Hv,Hv10,51,117cy,117,0,-76,46,67,0,14,0.588,flipped,auto
Hv,Hv10,52,559,559,0,-82,46,67,0,27,0.5,flipped,auto
Hv,Hv10,53,117c,117,0,-101,42,62,0,10,0.598,flipped,auto
Hv,Hv10,54,739,739,0,-109,42,62,0,12,0.507,flipped,auto
Hv,Hv10,55,117cy.061,117,0,-117,36,56,0,20,0.423,flipped,auto
Hv,Hv10,56,522y,522,0,-131,35,55,0,16,0.45,flipped,auto
Hv,Hv10,57,117cy.061,117,0,-142,36,56,0,21,0.459,flipped,auto
Hv,Hv10,58,132.074af,132,0,-159,35,55,0,19,0.473,flipped,auto
Hv,Hv10,59,207,207,0,-171,35,55,0,29,0.384,flipped,auto
Hv,Hv10,60,117c!,117,0,-193,35,55,0,13,0.575,flipped,auto
Hv,Hv10,61,022bfy,022,0,-204,35,55,0,8,0.628,flipped,auto
Hv,Hv10,62,117c,117,0,-211,34,55,0,12,0.629,flipped,auto
Hv,Hv10,63,029,029,0,-221,35,55,0,13,0.606,flipped,auto
Hv,Hv10,64,027,027,0,-230,35,55,0,15,0.579,flipped,auto
Hv,Hv10,65,029.061,029,0,-239,34,55,0,25,0.61,flipped,auto
Hv,Hv10,66,022bf,022,0,-259,34,54,0,10,0.516,flipped,auto
Hv,Hv11,0,2)!,2),1,17,25,45,0,16,0.246,upright,auto
Hv,Hv11,1,022bf,022,14,20,26,45,5,8,0.213,upright,auto
Hv,Hv11,2,054b,054,28,39,28,45,3,12,0.289,upright,auto
Hv,Hv11,3,215js,215,34,66,26,46,22,33,0.24,upright,auto
Hv,Hv11,4,260.001,260,61,89,32,46,4,29,0.285,upright,auto
Hv,Hv11,5,204s,204,78,110,24,45,6,33,0.306,upright,auto
Hv,Hv11,6,290a,290,99,121,29,44,0,23,0.297,upright,auto
Hv,Hv11,7,260.001d,260,113,145,28,44,4,32,0.178,upright,auto
Hv,Hv11,8,098,098,137,153,26,43,5,16,0.284,upright,auto
Hv,Hv11,9,007,007,145,157,25,43,4,14,0.307,upright,auto
Hv,Hv11,10,360.001d,360,160,187,25,43,3,28,0.453,upright,auto
Hv,Hv11,11,007,007,182,198,26,42,0,16,0.539,upright,auto
Hv,Hv11,12,600,600,195,214,26,44,0,22,0.192,upright,auto
Hv,Hv11,13,007,007,212,228,33,46,0,17,0.247,upright,auto
Hv,Hv11,14,040,040,225,232,32,45,0,9,0.32,upright,auto
Hv,Hv11,15,700,700,232,240,26,46,4,10,0.341,upright,auto
Hv,Hv11,16,093,093,236,253,32,46,6,19,0.36,upright,auto
Hv,Hv11,17,022,022,250,256,26,46,2,6,0.589,upright,auto
Hv,Hv11,18,093,093,255,271,26,47,5,16,0.569,upright,auto
Hv,Hv11,19,081,081,267,283,26,46,7,17,0.437,upright,auto
Hv,Hv11,20,068ay,068,282,294,28,46,5,13,0.453,upright,auto
Hv,Hv11,21,030dx.068ay,030,290,309,29,48,8,22,0.456,upright,auto
Hv,Hv11,22,035c:043t,035,311,323,28,46,4,13,0.419,upright,auto
Hv,Hv11,23,068ay,068,315,332,29,48,11,18,0.385,upright,auto
Hv,Hv11,24,144f,144,330,342,28,48,7,13,0.456,upright,auto
Hv,Hv11,25,068b,068,340,357,29,48,9,18,0.468,upright,auto
Hv,Hv11,26,059:005,059,362,373,29,48,8,12,0.397,upright,auto
Hv,Hv11,27,010.067,010,369,387,28,48,10,20,0.188,upright,auto
Hv,Hv11,28,010.067,010,378,394,29,49,10,18,0.225,upright,auto
Hv,Hv11,29,062y.067,062,393,410,31,50,6,18,0.515,upright,auto
Hv,Hv11,30,022bf,022,407,426,31,51,0,22,0.425,upright,auto
Hv,Hv11,31,022bf,022,425,432,31,50,3,7,0.409,upright,auto
Hv,Hv11,32,607o,607,434,440,31,50,3,7,0.684,upright,auto
Hv,Hv11,33,607,607,436,464,31,51,18,31,0.567,upright,auto
Hv,Hv11,34,001,001,458,482,33,53,11,27,0.481,upright,auto
Hv,Hv11,35,605as,605,479,485,33,53,0,7,0.413,upright,auto
Hv,Hv11,36,605as,605,482,509,35,55,15,29,0.295,upright,auto
Hv,Hv11,37,073.064a,073,500,524,35,54,15,27,0.441,upright,auto
Hv,Hv11,38,048f:042,048,519,537,35,54,9,20,0.505,upright,auto
Hv,Hv11,39,011b;042,011,533,545,36,55,6,13,0.554,upright,auto
Hv,Hv11,40,041.074bf,041,546,557,35,55,6,13,0.578,upright,auto
Hv,Hv11,41,040.062,040,555,573,34,54,10,20,0.409,upright,auto
Hv,Hv11,42,040,040,569,585,34,55,9,18,0.409,upright,auto
Hv,Hv11,43,700.009,700,583,590,33,54,1,8,0.428,upright,auto
Hv,Hv11,44,602,602,579,635,34,54,33,60,0.377,upright,auto
Hv,Hv11,45,074y,074,624,632,33,53,5,10,0.46,upright,auto
Hv,Hv11,46,774,774,628,646,39,59,7,20,0.257,upright,auto
Hv,Hv11,47,004.090ft,004,643,662,41,61,15,22,0.208,upright,auto
Hv,Hv11,48,430d,430,660,677,42,61,11,19,0.388,upright,auto
Hv,Hv11,49,260.036,260,673,711,43,64,19,39,0.227,upright,auto
Hv,Hv11,50,204.074af,204,698,737,43,64,12,41,0.192,upright,auto
Hv,Hv11,51,470;050bt,470,734,762,43,63,17,30,0.24,upright,auto
Hv,Hv11,52,050.061,050,757,775,43,63,13,20,0.18,upright,auto
Hv,Hv11,53,003x!,003,780,782,43,52,0,4,0.325,upright,auto
Hv,Hv12,0,004.064a,004,774,792,8,28,0,19,0.0,flipped,auto
Hv,Hv12,1,050,050,768,776,16,28,0,9,0.091,flipped,auto
Hv,Hv12,2,700,700,760,767,13,28,0,9,0.004,flipped,auto
Hv,Hv12,3,064.074f,064,746,769,14,33,17,23,0.203,flipped,auto
Hv,Hv12,4,004.064a,004,733,750,13,33,17,17,0.183,flipped,auto
Hv,Hv12,5,005j,005,716,729,15,34,13,13,0.316,flipped,auto
Hv,Hv12,6,670,670,695,724,20,34,12,28,0.338,flipped,auto
Hv,Hv12,7,004.064a,004,683,700,9,24,17,17,0.293,flipped,auto
Hv,Hv12,8,670,670,663,695,10,20,32,30,0.266,flipped,auto
Hv,Hv12,9,004.064a,004,652,669,11,23,17,18,0.304,flipped,auto
Hv,Hv12,10,578.028,578,605,655,12,25,50,49,0.354,flipped,auto
Hv,Hv12,11,760!,760,585,617,12,26,32,31,0.399,flipped,auto
Hv,Hv12,12,002,002,582,589,13,26,7,8,0.335,flipped,auto
Hv,Hv12,13,760,760,559,588,19,26,9,29,0.287,flipped,auto
Hv,Hv12,14,005j,005,550,563,12,32,13,14,0.138,flipped,auto
Hv,Hv12,15,020,020,540,551,12,32,11,10,0.199,flipped,auto
Hv,Hv12,16,003a!,003,536,538,14,24,0,3,0.297,flipped,auto
Hv,Hv12,17,020!,020,525,536,14,25,11,10,0.301,flipped,auto
Hv,Hv12,18,003a!,003,526,529,7,23,3,4,0.303,flipped,auto
Hv,Hv12,19,017,017,516,524,6,25,8,9,0.331,flipped,auto
Hv,Hv12,20,073.064a,073,500,518,13,25,18,19,0.247,flipped,auto
Hv,Hv12,21,017.009,017,477,501,13,25,24,24,0.415,flipped,auto
Hv,Hv12,22,670,670,461,489,12,25,28,27,0.245,flipped,auto
Hv,Hv12,23,053ay,053,456,467,12,25,11,11,0.333,flipped,auto
Hv,Hv12,24,208.001,208,429,462,12,22,33,32,0.276,flipped,auto
Hv,Hv12,25,001.003a,001,414,430,11,31,16,15,0.307,flipped,auto
Hv,Hv12,26,007,007,405,418,11,31,13,14,0.375,flipped,auto
Hv,Hv12,27,067,067,396,408,10,29,12,12,0.345,flipped,auto
Hv,Hv12,28,022bfy,022,388,396,7,23,8,8,0.293,flipped,auto
Hv,Hv12,29,004!,004,380,386,12,25,6,6,0.237,flipped,auto
Hv,Hv12,30,254.071d,254,337,386,7,19,49,47,0.202,flipped,auto
Hv,Hv12,31,027,027,331,344,6,16,13,15,0.328,flipped,auto
Hv,Hv12,32,077,077,324,332,6,19,8,9,0.325,flipped,auto
Hv,Hv12,33,034!,034,310,321,6,17,11,10,0.341,flipped,auto
Hv,Hv12,34,004,004,301,314,6,17,13,13,0.421,flipped,auto
Hv,Hv12,35,522y,522,295,301,13,22,5,6,0.451,flipped,auto
Hv,Hv12,36,700,700,279,297,6,22,18,18,0.44,flipped,auto
Hv,Hv12,37,600,600,273,280,6,23,7,8,0.454,flipped,auto
Hv,Hv12,38,059f,059,252,275,6,19,23,23,0.395,flipped,auto
Hv,Hv12,39,220.004.064a,220,237,255,6,21,18,18,0.445,flipped,auto
Hv,Hv12,40,220.132,220,190,240,6,17,50,48,0.341,flipped,auto
Hv,Hv12,41,144f,144,172,210,6,14,38,36,0.311,flipped,auto
Hv,Hv12,42,004,004,163,182,7,19,19,21,0.324,flipped,auto
Hv,Hv12,43,095dfj,095,156,163,7,26,7,8,0.351,flipped,auto
Hv,Hv12,44,450,450,137,156,8,27,19,21,0.299,flipped,auto
Hv,Hv12,45,033dx,033,129,141,9,24,12,12,0.352,flipped,auto
Hv,Hv12,46,204s,204,122,130,10,26,8,9,0.397,flipped,auto
Hv,Hv12,47,064.090j,064,93,126,12,27,24,32,0.345,flipped,auto
Hv,Hv12,48,002a!,002,71,95,7,25,24,24,0.327,flipped,auto
Hv,Hv12,49,022bfy,022,67,74,11,25,7,8,0.556,flipped,auto
Hv,Hv12,50,068!,068,57,64,6,25,7,8,0.421,flipped,auto
Hv,Hv12,51,022bfy!,022,45,57,16,28,12,12,0.343,flipped,auto
Hv,Hv12,52,2)!,2),20,49,9,28,16,29,0.163,flipped,auto
Kr,Kr02,0,022,022,742,766,246,308,18,8,0.352,flipped,auto
Kr,Kr02,1,062.001,062,694,748,246,308,54,16,0.402,flipped,auto
Kr,Kr02,2,099,099,637,714,250,314,63,24,0.289,flipped,auto
Kr,Kr02,3,146,146,610,644,252,314,31,11,0.354,flipped,auto
Kr,Kr02,4,079,079,576,614,248,314,33,12,0.255,flipped,auto
Kr,Kr02,5,431,431,513,578,252,314,65,20,0.319,flipped,auto
Kr,Kr02,6,001,001,494,516,252,312,16,7,0.442,flipped,auto
Kr,Kr02,7,001.010,001,455,500,252,314,45,14,0.525,flipped,auto
Kr,Kr02,8,200,200,409,490,252,316,67,25,0.539,flipped,auto
Kr,Kr02,9,007,007,370,425,250,312,51,17,0.441,flipped,auto
Kr,Kr02,10,203,203,280,400,248,312,75,37,0.534,flipped,auto
Kr,Kr02,11,013.006,013,229,310,246,310,59,25,0.494,flipped,auto
Kr,Kr02,12,666,666,174,260,242,304,73,26,0.412,flipped,auto
Kr,Kr02,13,073.006,073,140,211,236,299,53,22,0.337,flipped,auto
Kr,Kr02,14,206s,206,65,173,236,297,76,33,0.291,flipped,auto
Kr,Kr02,15,073.006,073,7,103,236,291,67,29,0.109,flipped,auto
Kr,Kr02,16,200,200,0,35,236,275,2,26,-1.0,flipped,auto
Kr,Kr02,17,073.006,073,0,-26,236,299,0,21,-1.0,flipped,auto
Kr,Kr02,18,222,222,0,-67,248,310,0,30,0.458,flipped,auto
Kr,Kr02,19,073V.006,073,0,-144,256,312,0,15,0.43,flipped,auto
Kr,Kr02,20,451,451,0,-185,248,312,0,16,0.484,flipped,auto
Kr,Kr02,21,073.006,073,0,-223,258,320,0,13,0.576,flipped,auto
Kr,Kr03,0,700,700,9,111,208,272,68,32,0.289,upright,auto
Kr,Kr03,1,720,720,90,114,199,230,24,8,0.239,upright,auto
Kr,Kr03,2,376,376,83,169,179,245,76,27,0.251,upright,auto
Kr,Kr03,3,073.006,073,144,216,170,232,58,23,0.457,upright,auto
Kr,Kr03,4,700x,700,197,241,170,231,25,14,0.523,upright,auto
Kr,Kr03,5,400.004,400,221,329,169,235,72,34,0.489,upright,auto
Kr,Kr03,6,405s,405,300,392,174,239,61,29,0.347,upright,auto
Kr,Kr03,7,004,004,375,397,183,243,21,7,0.351,upright,auto
Kr,Kr03,8,522,522,405,469,183,246,45,20,0.34,upright,auto
Kr,Kr03,9,700.400,700,424,527,184,247,60,33,0.477,upright,auto
Kr,Kr03,10,059,059,500,554,185,247,47,17,0.542,upright,auto
Kr,Kr03,11,004.064,004,532,608,182,244,44,24,0.467,upright,auto
Kr,Kr03,12,132,132,598,630,181,243,22,10,0.531,upright,auto
Kr,Kr03,13,056,056,622,666,181,242,34,14,0.441,upright,auto
Kr,Kr03,14,007,007,661,709,170,231,36,15,0.461,upright,auto
Kr,Kr03,15,067.010f,067,699,769,169,228,51,22,0.428,upright,auto
Kr,Kr03,16,400,400,752,828,186,248,76,24,0.215,upright,auto
Kr,Kr03,17,470,470,796,873,200,260,77,25,0.223,upright,auto
Kr,Kr03,18,001t,001,837,891,195,259,43,17,0.222,upright,auto
Kr,Kr03,19,430,430,886,924,174,235,31,12,0.246,upright,auto
Kr,Kr03,20,580c,580,932,948,206,225,16,5,0.282,upright,auto
Kr,Kr03,21,380.001.003,380,932,1008,162,226,57,32,0.122,upright,auto
Kr,Kr04,0,402,402,923,1008,113,175,52,27,0.315,flipped,auto
Kr,Kr04,1,009,009,876,925,102,160,28,15,0.371,flipped,auto
Kr,Kr04,2,380.001,380,809,890,98,164,61,25,0.195,flipped,auto
Kr,Kr04,3,595.005,595,707,851,102,166,96,44,0.377,flipped,auto
Kr,Kr04,4,122,122,679,749,100,160,60,22,0.453,flipped,auto
Kr,Kr04,5,280,280,629,706,104,166,67,24,0.38,flipped,auto
Kr,Kr04,6,380.001,380,559,646,110,172,41,27,0.315,flipped,auto
Kr,Kr04,7,002,002,536,571,108,172,35,11,0.366,flipped,auto
Kr,Kr04,8,409,409,441,560,104,170,78,37,0.368,flipped,auto
Kr,Kr04,9,380.001.003,380,352,455,100,164,69,32,0.312,flipped,auto
Kr,Kr04,10,597,597,297,378,79,141,81,25,0.325,flipped,auto
Kr,Kr04,11,380.001.003,380,262,343,81,145,74,25,0.342,flipped,auto
Kr,Kr04,12,059f,059,225,291,102,161,44,21,0.403,flipped,auto
Kr,Kr04,13,720,720,167,244,102,163,49,24,0.258,flipped,auto
Kr,Kr04,14,380.022,380,94,191,102,163,78,30,0.098,flipped,auto
Kr,Kr04,15,090f,090,50,111,104,163,51,19,0.398,flipped,auto
Kv,Kv02,0,280,280,865,989,328,423,73,24,0.373,upright,auto
Kv,Kv02,1,001,001,959,999,328,433,35,8,0.443,upright,auto
Kv,Kv02,2,528,528,927,1381,328,433,314,87,0.166,upright,auto
Kv,Kv02,3,280,280,1294,1321,328,390,24,5,0.376,upright,auto
Kv,Kv02,4,380.001.003,380,1289,1466,289,390,105,34,0.384,upright,auto
Kv,Kv02,5,062.001,062,1429,1522,292,397,76,18,0.345,upright,auto
Kv,Kv02,6,001.003,001,1551,1622,298,400,50,14,0.27,upright,auto
Kv,Kv02,7,522,522,1602,1711,298,400,74,21,0.519,upright,auto
Kv,Kv02,8,380.001,380,1665,1789,295,397,86,24,0.548,upright,auto
Kv,Kv02,9,733,733,1756,1824,295,400,0,27,-1.0,upright,auto
Kv,Kv04,0,003.003.004,003,0,-52,501,603,0,14,0.53,upright,auto
Kv,Kv04,1,215,215,0,-27,511,593,0,7,-1.0,upright,auto
Kv,Kv04,2,380.001.003,380,0,116,501,603,0,32,-1.0,upright,auto
Kv,Kv04,3,079,079,68,245,501,603,139,34,0.162,upright,auto
Kv,Kv04,4,450,450,219,290,504,603,71,14,0.125,upright,auto
Kv,Kv04,5,019,019,276,358,471,554,82,16,0.201,upright,auto
Kv,Kv04,6,069,069,345,406,471,554,61,12,0.519,upright,auto
Kv,Kv04,7,380.001.003,380,361,422,475,557,61,12,0.479,upright,auto
Kv,Kv04,8,162,162,422,593,471,567,171,33,0.423,upright,auto
Kv,Kv04,9,522,522,560,658,475,570,98,19,0.369,upright,auto
Kv,Kv04,10,050,050,602,700,475,570,98,19,0.379,upright,auto
Kv,Kv04,11,002.450,002,673,721,475,573,48,9,0.337,upright,auto
Kv,Kv04,12,380.001.003,380,708,849,475,577,141,27,0.239,upright,auto
Kv,Kv04,13,090,090,817,968,484,583,151,29,0.414,upright,auto
Kv,Kv04,14,773,773,908,1148,491,586,240,46,0.315,upright,auto
Kv,Kv04,15,260.011,260,1109,1254,504,586,145,28,0.505,upright,auto
Kv,Kv04,16,020,020,1228,1279,511,586,51,10,0.61,upright,auto
Kv,Kv04,17,306.700,306,1248,1491,511,586,243,47,0.579,upright,auto
Na,Na01,0,034,034,320,557,186,246,152,100,0.172,upright,auto
Na,Na01,1,200,200,505,612,115,177,63,45,0.223,upright,auto
Na,Na01,2,004.064,004,596,624,82,140,20,12,0.224,upright,auto
Na,Na01,3,034.006,034,608,647,62,115,27,17,0.324,upright,auto
Na,Na01,4,004.064,004,625,706,47,105,54,34,0.138,upright,auto
Na,Na01,5,034.009,034,690,733,29,88,29,18,0.382,upright,auto
Na,Na01,6,004.064,004,720,743,24,80,19,10,0.333,upright,auto
Na,Na01,7,034.006,034,728,787,39,73,34,25,0.301,upright,auto
Na,Na01,8,004.064,004,777,868,39,77,64,38,0.261,upright,auto
Na,Na01,9,022f,022,821,886,39,79,35,28,0.322,upright,auto
Na,Na01,10,205,205,858,906,17,80,28,20,0.309,upright,auto
Na,Na01,11,381.009,381,896,957,22,80,41,26,0.346,upright,auto
Na,Na01,12,381.010,381,960,971,61,82,10,5,0.505,upright,auto
Na,Na01,13,004.064,004,969,987,21,82,18,8,0.302,upright,auto
Na,Na01,14,670,670,983,995,81,101,9,5,0.299,upright,auto
Na,Na01,15,022f,022,988,1039,42,102,36,22,0.359,upright,auto
Na,Na01,16,205,205,1004,1068,40,103,63,27,0.424,upright,auto
Na,Na01,17,301.009,301,1059,1108,43,103,49,21,0.415,upright,auto
Na,Na01,18,200?,200,1065,1200,54,120,98,58,0.277,upright,auto
Na,Na02,0,300,300,801,994,74,132,124,62,0.096,flipped,auto
Na,Na02,1,025?,025,781,842,76,132,42,20,0.083,flipped,auto
Na,Na02,2,001.072,001,764,791,76,130,16,9,0.197,flipped,auto
Na,Na02,3,077,077,741,765,66,121,15,8,0.3,flipped,auto
Na,Na02,4,027.711,027,618,768,66,123,94,48,0.179,flipped,auto
Na,Na02,5,091?,091,525,666,54,113,90,46,0.206,flipped,auto
Na,Na02,6,211,211,473,566,54,117,56,30,0.166,flipped,auto
Na,Na02,7,501,501,439,478,58,115,26,13,0.279,flipped,auto
Na,Na02,8,047,047,406,473,56,115,45,22,0.324,flipped,auto
Na,Na02,9,200,200,342,429,74,130,58,28,0.34,flipped,auto
Na,Na02,10,201.001,201,256,364,74,132,70,35,0.355,flipped,auto
Na,Na02,11,380.001.052,380,185,266,86,142,58,26,0.237,flipped,auto
Na,Na02,12,401,401,185,218,88,144,29,11,0.43,flipped,auto
Na,Na02,13,067,067,153,218,95,150,65,21,0.416,flipped,auto
Na,Na02,14,600,600,84,167,97,150,51,27,0.349,flipped,auto
Na,Na02,15,600.004,600,31,119,93,150,72,29,0.387,flipped,auto
Na,Na02,16,606,606,4,59,93,150,42,18,0.352,flipped,auto
Na,Na02,17,380.001.052,380,0,19,93,146,0,12,-1.0,flipped,auto
Na,Na02,18,356,356,0,-2,89,150,0,29,-1.0,flipped,auto
Na,Na04,2,053,053,1186,1200,190,245,0,19,-1.0,flipped,auto
Na,Na04,3,001.711,001,1161,1200,192,239,0,11,0.047,flipped,auto
Na,Na04,4,200.022,200,1004,1175,185,241,98,45,0.37,flipped,auto
Na,Na04,5,057,057,985,1034,198,247,40,13,0.462,flipped,auto
Na,Na04,6,380.001.052,380,938,1009,196,249,58,19,0.479,flipped,auto
Na,Na04,7,207,207,913,962,204,251,42,13,0.494,flipped,auto
Na,Na04,8,053,053,852,954,203,255,68,27,0.454,flipped,auto
Na,Na04,9,205s,205,842,880,207,257,31,10,0.489,flipped,auto
Na,Na04,10,001,001,749,847,202,257,64,26,0.472,flipped,auto
Na,Na04,11,290.001,290,725,752,208,258,27,7,0.502,flipped,auto
Na,Na04,12,584,584,639,751,207,261,72,29,0.401,flipped,auto
Na,Na04,13,380.001.052,380,600,676,207,261,64,20,0.349,flipped,auto
Na,Na04,14,607,607,557,628,208,261,39,19,0.32,flipped,auto
Na,Na04,15,009.006,009,529,580,210,261,45,14,0.353,flipped,auto
Na,Na04,16,607,607,376,571,207,261,123,52,0.424,flipped,auto
Na,Na04,17,009.006,009,304,413,193,247,78,29,0.446,flipped,auto
Na,Na04,18,380.001.052,380,266,352,190,245,76,23,0.472,flipped,auto
Na,Na04,19,300.070,300,187,301,192,245,91,30,0.4,flipped,auto
Na,Na04,20,006.074,006,104,227,197,245,100,32,0.359,flipped,auto
Na,Na04,21,206?,206,16,147,173,212,0,35,0.209,flipped,auto
Nb,Nb01,0,125,125,797,944,24,84,93,46,0.089,flipped,auto
Nb,Nb01,1,600,600,762,826,24,84,38,20,0.103,flipped,auto
Nb,Nb01,2,125,125,709,779,30,84,46,22,0.193,flipped,auto
Nb,Nb01,3,600,600,670,736,30,84,44,21,0.323,flipped,auto
Nb,Nb01,4,125,125,607,687,30,82,49,25,0.29,flipped,auto
Nb,Nb01,5,739?.060,739,564,650,36,96,48,27,0.317,flipped,auto
Nb,Nb01,6,224,224,474,572,30,88,67,31,0.273,flipped,auto
Nb,Nb01,7,222,222,424,510,34,92,57,27,0.288,flipped,auto
Nb,Nb01,8,125,125,377,449,40,92,48,23,0.356,flipped,auto
Nb,Nb01,9,034,034,310,376,48,106,43,21,0.261,flipped,auto
Nb,Nb01,10,200,200,171,349,46,106,115,56,0.147,flipped,auto
Nb,Nb01,11,255,255,132,196,50,102,35,20,0.266,flipped,auto
Nb,Nb01,12,034,034,70,134,52,106,49,20,0.382,flipped,auto
Nb,Nb01,13,010.020f,010,0,90,72,108,26,31,0.126,flipped,auto
Nb,Nb01,14,062.064.009,062,0,10,50,108,0,18,-1.0,flipped,auto
Nb,Nb01,15,010?.022f?,010,0,7,50,110,0,75,-1.0,flipped,auto
Nb,Nb03,0,004.064,004,920,960,163,223,39,13,0.564,flipped,auto
Nb,Nb03,1,324,324,873,937,162,220,64,20,0.512,flipped,auto
Nb,Nb03,2,006:700,006,802,899,158,216,44,30,0.491,flipped,auto
Nb,Nb03,3,003,003,760,794,160,220,28,11,0.655,flipped,auto
Nb,Nb03,4,003,003,744,756,166,214,9,4,0.694,flipped,auto
Nb,Nb03,5,001?,001,711,727,187,237,16,5,0.486,flipped,auto
Nb,Nb03,6,003,003,684,706,184,238,14,7,0.543,flipped,auto
Nb,Nb03,7,280.700x,280,674,686,186,236,12,4,0.496,flipped,auto
Nb,Nb03,8,006.500,006,589,701,170,230,73,35,0.205,flipped,auto
Nb,Nb03,9,224,224,513,627,182,242,72,36,0.213,flipped,auto
Nb,Nb03,10,208.070,208,439,543,195,250,70,33,0.457,flipped,auto
Nb,Nb03,11,068.010,068,338,466,181,234,74,40,0.374,flipped,auto
Nb,Nb03,12,068,068,299,371,179,232,49,23,0.413,flipped,auto
Nb,Nb03,13,244.052x,244,131,331,182,222,127,63,0.171,flipped,auto
Nb,Nb03,14,068,068,126,170,187,222,31,14,0.127,flipped,auto
Nb,Nb03,15,300,300,39,143,187,228,71,33,0.074,flipped,auto
Nb,Nb03,16,073?.006?,073,0,108,192,256,0,88,-1.0,flipped,auto
Pr,Pr01,2,050.010,050,1743,1744,36,68,0,18,-1.0,flipped,auto
Pr,Pr01,3,005.037x,005,1715,1744,36,69,0,22,-1.0,flipped,auto
Pr,Pr01,4,001,001,1709,1716,36,69,0,5,0.0,flipped,auto
Pr,Pr01,5,577,577,1653,1718,36,69,0,36,0.0,flipped,auto
Pr,Pr01,6,700,700,1646,1664,36,70,0,10,0.0,flipped,auto
Pr,Pr01,7,280,280,1613,1651,36,70,0,21,0.0,flipped,auto
Pr,Pr01,8,001,001,1608,1616,36,70,0,5,0.0,flipped,auto
Pr,Pr01,9,007,007,1585,1609,34,70,0,14,0.0,flipped,auto
Pr,Pr01,10,260.001c,260,1545,1593,36,70,0,27,0.0,flipped,auto
Pr,Pr01,11,280,280,1520,1558,36,69,0,21,0.0,flipped,auto
Pr,Pr01,12,025ay,025,1514,1525,36,69,0,6,0.0,flipped,auto
Pr,Pr01,13,065b,065,1484,1513,34,69,0,17,0.0,flipped,auto
Pr,Pr01,14,001,001,1474,1485,37,69,0,6,0.0,flipped,auto
Pr,Pr01,15,356a.003a,356,1409,1481,34,69,0,41,0.0,flipped,auto
Pr,Pr01,16,077!,077,1401,1423,38,68,0,13,0.0,flipped,auto
Pr,Pr01,17,003a!,003,1355,1410,36,70,0,31,0.0,flipped,auto
Pr,Pr01,18,306.003a,306,1340,1364,38,70,0,14,0.0,flipped,auto
Pr,Pr01,19,056,056,1327,1339,38,70,0,7,0.0,flipped,auto
Pr,Pr01,20,004,004,1295,1334,37,70,0,22,0.0,flipped,auto
Pr,Pr01,21,280,280,1252,1308,38,70,0,31,0.0,flipped,auto
Pr,Pr01,22,200.048,200,1205,1271,33,69,0,37,0.0,flipped,auto
Pr,Pr01,23,256a,256,1180,1219,33,69,0,22,0.0,flipped,auto
Pr,Pr01,24,755b.003a,755,1147,1191,38,67,0,24,0.0,flipped,auto
Pr,Pr01,25,734a!.003a!,734,1102,1162,33,68,0,33,0.0,flipped,auto
Pr,Pr01,26,306.003a,306,1074,1113,33,69,0,22,0.0,flipped,auto
Pr,Pr01,27,001.009:005,001,1049,1082,48,57,0,18,0.192,flipped,auto
Pr,Pr01,28,006.074f,006,991,1057,44,74,25,37,0.281,flipped,auto
Pr,Pr01,29,254!,254,988,1016,44,77,25,16,0.226,flipped,auto
Pr,Pr01,30,004!.064a!,004,781,1043,42,78,169,144,0.133,flipped,auto
Pr,Pr01,31,9)!,9),816,838,46,81,19,13,0.374,flipped,auto
Pr,Pr01,32,005j,005,754,831,45,79,54,43,0.275,flipped,auto
Pr,Pr01,33,246.009,246,710,765,37,71,35,30,0.278,flipped,auto
Pr,Pr01,34,244,244,697,720,39,73,19,13,0.3,flipped,auto
Pr,Pr01,35,009a:244,009,663,719,38,73,35,32,0.253,flipped,auto
Pr,Pr01,36,059x,059,640,667,40,73,16,15,0.264,flipped,auto
Pr,Pr01,37,204!.074f,204,598,652,38,74,35,30,0.105,flipped,auto
Pr,Pr01,38,079b,079,561,594,28,63,32,19,0.282,flipped,auto
Pr,Pr01,39,700,700,550,566,30,58,16,9,0.5,flipped,auto
Pr,Pr01,40,123,123,538,556,30,58,18,11,0.365,flipped,auto
Pr,Pr01,41,001,001,527,539,31,58,11,7,0.291,flipped,auto
Pr,Pr01,42,005j.052,005,489,527,34,70,34,21,0.383,flipped,auto
Pr,Pr01,43,600a,600,458,493,37,66,29,20,0.475,flipped,auto
Pr,Pr01,44,123,123,456,475,38,66,19,12,0.454,flipped,auto
Pr,Pr01,45,004,004,442,455,39,74,13,8,0.471,flipped,auto
Pr,Pr01,46,123,123,424,446,40,71,22,12,0.466,flipped,auto
Pr,Pr01,47,630!,630,400,427,41,69,27,15,0.42,flipped,auto
Pr,Pr02,0,066,066,0,-267,72,107,0,10,0.566,upright,auto
Pr,Pr02,1,004,004,0,-258,72,104,0,7,0.611,upright,auto
Pr,Pr02,2,074c,074,0,-244,71,103,0,7,0.588,upright,auto
Pr,Pr02,3,006.004,006,0,-213,72,107,0,18,0.556,upright,auto
Pr,Pr02,4,066,066,0,-202,72,106,0,10,0.494,upright,auto
Pr,Pr02,5,022cf.344,022,0,-190,71,103,0,7,0.509,upright,auto
Pr,Pr02,6,021e,021,0,-146,62,96,0,30,0.445,upright,auto
Pr,Pr02,7,001.063,001,0,-140,71,104,0,9,0.522,upright,auto
Pr,Pr02,8,070a,070,0,-110,62,96,0,19,0.543,upright,auto
Pr,Pr02,9,202s,202,0,-91,62,96,0,15,0.527,upright,auto
Pr,Pr02,10,382y,382,0,-56,73,107,0,26,0.499,upright,auto
Pr,Pr02,11,382,382,0,-32,71,106,0,21,0.491,upright,auto
Pr,Pr02,12,002Vaxy,002,0,-5,71,104,0,19,-1.0,upright,auto
Pr,Pr02,13,070,070,0,5,71,103,0,10,-1.0,upright,auto
Pr,Pr02,14,202a,202,3,26,71,106,0,13,0.0,upright,auto
Pr,Pr02,15,202,202,11,99,71,107,0,49,0.0,upright,auto
Pr,Pr02,16,050.050,050,82,110,72,107,0,16,0.0,upright,auto
Pr,Pr02,17,002e,002,109,125,74,108,0,9,0.009,upright,auto
Pr,Pr02,18,431,431,121,155,73,108,0,19,0.054,upright,auto
Pr,Pr02,19,065,065,146,163,74,108,0,10,0.032,upright,auto
Pr,Pr02,20,001,001,163,174,90,118,11,6,0.222,upright,auto
Pr,Pr02,21,431,431,160,189,88,122,29,17,0.284,upright,auto
Pr,Pr02,22,065,065,186,203,78,109,17,10,0.284,upright,auto
Pr,Pr02,23,001,001,207,215,74,110,8,5,0.298,upright,auto
Pr,Pr02,24,431,431,214,247,69,99,33,19,0.229,upright,auto
Pr,Pr02,25,076y.244,076,221,286,66,100,65,36,0.429,upright,auto
Pr,Pr02,26,430.430y!,430,269,313,63,98,44,25,0.461,upright,auto
Pr,Pr02,27,002e!,002,304,316,65,98,12,7,0.524,upright,auto
Pr,Pr02,28,431,431,318,346,64,98,24,16,0.373,upright,auto
Pr,Pr02,29,099,099,341,370,63,96,23,17,0.289,upright,auto
Pr,Pr02,30,721c,721,359,404,63,96,29,26,0.251,upright,auto
Pr,Pr02,31,022,022,396,407,63,95,6,6,0.173,upright,auto
Pr,Pr02,32,001.062,001,415,439,69,102,20,14,0.217,upright,auto
Pr,Pr02,33,349,349,425,479,70,103,36,30,0.228,upright,auto
Pr,Pr02,34,592,592,454,499,78,111,30,25,0.302,upright,auto
Pr,Pr02,35,078!,078,482,516,73,106,25,19,0.314,upright,auto
Pr,Pr02,36,006.074f,006,511,565,63,96,37,30,0.342,upright,auto
Pr,Pr02,37,304.078,304,554,562,72,98,8,5,0.44,upright,auto
Pr,Pr02,38,030cx,030,561,573,67,96,11,7,0.398,upright,auto
Pr,Pr02,39,001a,001,566,579,77,108,12,8,0.317,upright,auto
Pr,Pr02,40,078x,078,581,592,65,96,10,6,0.377,upright,auto
Pr,Pr02,41,306s,306,595,644,74,108,38,27,0.481,upright,auto
Pr,Pr02,42,300.052h,300,631,675,74,109,26,25,0.448,upright,auto
Pr,Pr02,43,300s.052h,300,658,706,72,107,34,26,0.4,upright,auto
Pr,Pr02,44,077a,077,696,708,73,104,12,7,0.502,upright,auto
Pr,Pr02,45,460,460,703,743,72,106,23,23,0.388,upright,auto
Pr,Pr02,46,065,065,743,759,64,95,15,9,0.365,upright,auto
Pr,Pr02,47,204s,204,754,808,62,95,39,30,0.261,upright,auto
Pr,Pr02,48,675c:600.700,675,790,838,62,95,40,26,0.272,upright,auto
Pr,Pr02,49,670e,670,823,878,62,94,48,31,0.295,upright,auto
Pr,Pr02,50,020,020,866,909,73,106,32,24,0.348,upright,auto
Pr,Pr02,51,056a!,056,903,919,70,103,16,9,0.4,upright,auto
Pr,Pr02,52,003a,003,914,948,72,103,28,20,0.331,upright,auto
Pr,Pr02,53,204i,204,935,1027,67,104,65,51,0.129,upright,auto
Pr,Pr02,54,260a.001,260,1009,1041,80,116,31,17,0.349,upright,auto
Pr,Pr02,55,062y.001.003a,062,1034,1046,71,106,9,7,0.383,upright,auto
Pr,Pr02,56,070,070,1043,1070,70,106,17,15,0.456,upright,auto
Pr,Pr02,57,060a,060,1068,1079,71,106,0,6,0.5,upright,auto
Pr,Pr02,58,226,226,1070,1130,71,106,0,33,0.066,upright,auto
Pr,Pr02,59,005j.244,005,1109,1185,70,106,0,42,0.0,upright,auto
Pr,Pr02,60,711t,711,1173,1186,83,106,0,8,0.0,upright,auto
Pr,Pr03,27,060a.003a,060,1723,1744,107,141,0,14,-1.0,flipped,auto
Pr,Pr03,28,095d.003,095,1693,1733,107,141,0,22,0.0,flipped,auto
Pr,Pr03,29,247.095.003a,247,1637,1709,107,142,0,40,0.0,flipped,auto
Pr,Pr03,30,003a.205y,003,1605,1655,107,143,0,28,0.0,flipped,auto
Pr,Pr03,31,117d,117,1585,1617,108,141,0,17,0.109,flipped,auto
Pr,Pr03,32,450.010,450,1552,1585,118,151,33,18,0.276,flipped,auto
Pr,Pr03,33,551b.003a,551,1504,1558,133,152,33,30,0.293,flipped,auto
Pr,Pr03,34,600a,600,1481,1531,132,149,36,28,0.303,flipped,auto
Pr,Pr03,35,003a.420ay,003,1466,1494,132,148,16,16,0.234,flipped,auto
Pr,Pr03,36,381,381,1441,1474,133,148,22,19,0.353,flipped,auto
Pr,Pr03,37,117d,117,1419,1448,132,148,16,17,0.367,flipped,auto
Pr,Pr03,38,450.052,450,1379,1417,113,148,27,21,0.32,flipped,auto
Pr,Pr03,39,551.003a,551,1339,1387,113,147,41,27,0.266,flipped,auto
Pr,Pr03,40,606a.003a,606,1300,1361,131,145,51,34,0.226,flipped,auto
Pr,Pr03,41,386ay,386,1276,1310,111,147,23,20,0.286,flipped,auto
Pr,Pr03,42,480a.004.003a,480,1232,1287,111,144,27,31,0.268,flipped,auto
Pr,Pr03,43,099,099,1216,1243,111,144,16,15,0.183,flipped,auto
Pr,Pr03,44,007,007,1188,1210,112,148,10,13,0.254,flipped,auto
Pr,Pr03,45,605bs,605,1151,1195,115,150,21,25,0.302,flipped,auto
Pr,Pr03,46,752,752,1131,1158,129,145,13,15,0.173,flipped,auto
Pr,Pr03,47,006.074f,006,1106,1135,120,145,5,17,0.345,flipped,auto
Pr,Pr03,48,752,752,1095,1124,107,141,19,17,0.265,flipped,auto
Pr,Pr03,49,360.001.260,360,1040,1121,107,143,43,45,0.272,flipped,auto
Pr,Pr03,50,009b,009,1026,1044,118,153,14,11,0.209,flipped,auto
Pr,Pr03,51,005j,005,1010,1032,120,153,16,12,0.315,flipped,auto
Pr,Pr03,52,001,001,1003,1014,106,142,11,6,0.233,flipped,auto
Pr,Pr03,53,752,752,977,1005,104,140,17,16,0.239,flipped,auto
Pr,Pr03,54,456f.003a,456,933,982,97,134,31,27,0.262,flipped,auto
Pr,Pr03,55,455f.008h,455,899,947,97,132,48,26,0.238,flipped,auto
Pr,Pr03,56,455f.003a.030ex,455,854,910,107,144,45,32,0.226,flipped,auto
Pr,Pr03,57,048.117a.071,048,813,873,106,144,42,33,0.39,flipped,auto
Pr,Pr03,58,010y.020y,010,789,828,104,140,28,22,0.477,flipped,auto
Pr,Pr03,59,062bfx,062,778,794,104,140,9,9,0.56,flipped,auto
Pr,Pr03,60,063bf,063,759,781,107,144,18,13,0.467,flipped,auto
Pr,Pr03,61,002a,002,747,764,105,139,15,10,0.439,flipped,auto
Pr,Pr03,62,044f,044,732,749,105,141,13,9,0.657,flipped,auto
Pr,Pr03,63,020y,020,717,733,107,140,12,8,0.663,flipped,auto
Pr,Pr04,0,204,204,972,1020,146,180,37,30,0.376,upright,auto
Pr,Pr04,1,109,109,1004,1037,146,180,22,21,0.206,upright,auto
Pr,Pr04,2,073.006,073,1033,1041,151,174,8,6,0.287,upright,auto
Pr,Pr04,3,109,109,1038,1066,144,177,25,17,0.156,upright,auto
Pr,Pr04,4,037,037,1058,1091,143,178,20,21,0.186,upright,auto
Pr,Pr04,5,005.037,005,1084,1102,145,177,15,12,0.178,upright,auto
Pr,Pr04,6,052x.009x,052,1097,1130,140,175,25,20,0.214,upright,auto
Pr,Pr04,7,043;008,043,1124,1143,143,175,16,13,0.184,upright,auto
Pr,Pr04,8,600V,600,1138,1166,143,175,14,18,0.094,upright,auto
Pr,Pr04,9,021.043x,021,1157,1189,143,173,22,19,0.225,upright,auto
Pr,Pr04,10,043,043,1186,1213,152,184,24,17,0.273,upright,auto
Pr,Pr04,11,600b,600,1214,1222,160,178,8,6,0.378,upright,auto
Pr,Pr04,12,600a,600,1224,1241,146,179,17,11,0.431,upright,auto
Pr,Pr04,13,400b,400,1241,1291,152,186,48,31,0.461,upright,auto
Pr,Pr04,14,710t,710,1282,1294,165,199,12,8,0.318,upright,auto
Pr,Pr04,15,020fy,020,1293,1304,180,199,11,7,0.369,upright,auto
Pr,Pr04,16,244,244,1305,1339,166,199,20,22,0.268,upright,auto
Pr,Pr04,17,050,050,1327,1366,166,199,27,25,0.407,upright,auto
Pr,Pr04,18,710t,710,1357,1401,166,200,34,28,0.339,upright,auto
Pr,Pr04,19,606a,606,1387,1399,169,200,12,8,0.458,upright,auto
Pr,Pr04,20,001t.006,001,1398,1420,154,188,22,13,0.388,upright,auto
Pr,Pr04,21,001.006.109a,001,1415,1444,156,190,23,19,0.455,upright,auto
Pr,Pr04,22,050,050,1431,1474,158,193,34,27,0.436,upright,auto
Pr,Pr04,23,755a,755,1464,1497,155,189,25,21,0.341,upright,auto
Pr,Pr04,24,001.063,001,1493,1537,154,189,31,28,0.261,upright,auto
Pr,Pr04,25,013b.006,013,1527,1540,161,193,13,9,0.529,upright,auto
Pr,Pr04,26,065.006,065,1542,1569,161,195,27,17,0.471,upright,auto
Pr,Pr04,27,721d,721,1549,1588,165,202,33,25,0.417,upright,auto
Pr,Pr04,28,065,065,1569,1623,166,199,49,34,0.3,upright,auto
Pr,Pr04,29,026,026,1604,1631,166,201,27,17,0.212,upright,auto
Pr,Pr04,30,700e.006,700,1629,1642,166,201,13,9,0.278,upright,auto
Pr,Pr04,31,200.070a,200,1637,1670,167,201,21,21,0.175,upright,auto
Pr,Pr04,32,057a,057,1656,1715,167,202,47,36,0.317,upright,auto
Pr,Pr04,33,040a,040,1703,1736,177,202,0,21,0.103,upright,auto
Pr,Pr04,34,600a,600,1725,1744,168,204,0,30,-1.0,upright,auto
Pr,Pr05,6,002a,002,1717,1744,205,240,0,35,-1.0,flipped,auto
Pr,Pr05,7,041,041,1683,1733,203,238,26,35,0.196,flipped,auto
Pr,Pr05,8,220.009,220,1667,1680,202,235,13,10,0.219,flipped,auto
Pr,Pr05,9,220.009,220,1656,1668,200,233,12,9,0.323,flipped,auto
Pr,Pr05,10,440,440,1653,1666,189,225,10,10,0.283,flipped,auto
Pr,Pr05,11,440,440,1634,1652,190,224,18,13,0.37,flipped,auto
Pr,Pr05,12,440a,440,1605,1639,186,221,30,24,0.175,flipped,auto
Pr,Pr05,13,440a,440,1589,1623,184,219,27,24,0.207,flipped,auto
Pr,Pr05,14,020V,020,1582,1600,186,217,16,12,0.326,flipped,auto
Pr,Pr05,15,205,205,1560,1578,184,216,18,13,0.224,flipped,auto
Pr,Pr05,16,205,205,1548,1565,196,227,17,12,0.372,flipped,auto
Pr,Pr05,17,004.003ax,004,1535,1547,195,229,12,8,0.444,flipped,auto
Pr,Pr05,18,004.003ax,004,1509,1531,195,228,22,15,0.286,flipped,auto
Pr,Pr05,19,066c,066,1479,1512,205,240,22,22,0.403,flipped,auto
Pr,Pr05,20,065,065,1471,1484,192,228,10,10,0.429,flipped,auto
Pr,Pr05,21,065.003ax,065,1460,1468,199,229,8,6,0.365,flipped,auto
Pr,Pr05,22,066a.095aj,066,1431,1463,196,232,20,21,0.246,flipped,auto
Pr,Pr05,23,066a.003ax,066,1423,1435,194,229,12,9,0.309,flipped,auto
Pr,Pr05,24,066a.049f.066a,066,1425,1431,183,217,6,5,0.256,flipped,auto
Pr,Pr05,25,001,001,1402,1418,180,216,14,10,0.268,flipped,auto
Pr,Pr05,26,066a,066,1402,1410,179,214,8,6,0.264,flipped,auto
Pr,Pr05,27,022,022,1392,1398,179,215,6,5,0.369,flipped,auto
Pr,Pr05,28,022,022,1371,1403,180,215,23,21,0.297,flipped,auto
Pr,Pr05,29,066.009,066,1356,1383,178,213,20,19,0.331,flipped,auto
Pr,Pr05,30,066.006,066,1330,1359,179,213,23,21,0.41,flipped,auto
Pr,Pr05,31,554,554,1326,1337,177,212,11,8,0.349,flipped,auto
Pr,Pr05,32,015a,015,1317,1324,179,212,7,6,0.442,flipped,auto
Pr,Pr05,33,022f,022,1296,1320,175,212,24,17,0.404,flipped,auto
Pr,Pr05,34,386:008,386,1284,1297,175,212,13,10,0.366,flipped,auto
Pr,Pr05,35,110,110,1267,1278,186,222,11,7,0.232,flipped,auto
Pr,Pr05,36,015,015,1263,1274,193,226,11,8,0.266,flipped,auto
Pr,Pr05,37,022f,022,1237,1266,188,224,18,21,0.324,flipped,auto
Pr,Pr05,38,081.061,081,1222,1240,197,232,18,13,0.206,flipped,auto
Pr,Pr05,39,027,027,1214,1222,195,231,8,7,0.256,flipped,auto
Pr,Pr05,40,015,015,1194,1205,185,219,9,7,0.277,flipped,auto
Pr,Pr05,41,022cf,022,1176,1208,173,208,24,21,0.294,flipped,auto
Pr,Pr05,42,081.061,081,1166,1182,172,208,16,10,0.305,flipped,auto
Pr,Pr05,43,013,013,1154,1166,173,207,12,8,0.361,flipped,auto
Pr,Pr05,44,015,015,1132,1144,172,206,12,9,0.326,flipped,auto
Pr,Pr05,45,022cf,022,1088,1127,173,207,30,27,0.344,flipped,auto
Pr,Pr05,46,008.061,008,1077,1109,172,207,32,21,0.267,flipped,auto
Pr,Pr05,47,200,200,1078,1090,173,207,12,8,0.326,flipped,auto
Pr,Pr05,48,015,015,1067,1079,171,206,12,8,0.383,flipped,auto
Pr,Pr05,49,022cf,022,1045,1069,175,208,24,17,0.27,flipped,auto
Pr,Pr05,50,008,008,1019,1037,178,213,16,13,0.243,flipped,auto
Pr,Pr05,51,451,451,1018,1029,176,210,11,8,0.275,flipped,auto
Pr,Pr05,52,015a,015,1006,1017,177,211,11,8,0.349,flipped,auto
Pr,Pr05,53,022cf,022,987,1010,175,211,23,16,0.274,flipped,auto
Pr,Pr05,54,005:008d,005,977,989,183,218,12,8,0.223,flipped,auto
Pr,Pr05,55,015a,015,961,972,192,227,11,8,0.224,flipped,auto
Pr,Pr05,56,022cf,022,907,961,183,218,39,36,0.243,flipped,auto
Pr,Pr05,57,008.006;015t,008,907,919,180,215,11,8,0.258,flipped,auto
Pr,Pr05,58,022cf,022,884,908,171,207,22,18,0.342,flipped,auto
Pr,Pr05,59,008,008,859,886,173,209,25,18,0.451,flipped,auto
Pr,Pr05,60,004.064a,004,855,863,171,205,8,7,0.307,flipped,auto
Pr,Pr05,61,015a,015,846,858,174,209,12,8,0.312,flipped,auto
Pr,Pr05,62,022cf,022,783,844,170,206,53,42,0.301,flipped,auto
Pr,Pr05,63,553,553,790,802,182,218,11,8,0.287,flipped,auto
Pr,Pr05,64,015a,015,781,797,183,218,9,11,0.327,flipped,auto
Pr,Pr05,65,022cf,022,774,782,186,222,4,6,0.279,flipped,auto
Pr,Pr05,66,067,067,750,779,180,214,26,20,0.316,flipped,auto
Pr,Pr05,67,015a.034c,015,716,760,183,218,40,30,0.434,flipped,auto
Pr,Pr05,68,200a.044ax,200,688,723,181,217,25,25,0.475,flipped,auto
Pr,Pr05,69,090,090,637,688,185,221,28,35,0.437,flipped,auto
Pr,Pr05,70,060a.036.200,060,625,660,185,221,25,24,0.434,flipped,auto
Pr,Pr05,71,004.004.007,004,605,627,186,221,21,15,0.359,flipped,auto
Pr,Pr05,72,002a,002,591,604,186,221,10,9,0.227,flipped,auto
Pr,Pr05,73,060a,060,578,586,185,218,8,7,0.303,flipped,auto
Pr,Pr05,74,093,093,550,579,184,221,23,21,0.348,flipped,auto
Pr,Pr05,75,070a,070,536,555,174,210,11,14,0.289,flipped,auto
Pr,Pr05,76,520,520,509,538,186,222,21,21,0.293,flipped,auto
Pr,Pr05,77,451!,451,496,513,181,213,6,12,0.271,flipped,auto
Pr,Pr06,0,008,008,0,-617,258,293,0,18,0.639,upright,auto
Pr,Pr06,1,001.082c,001,0,-579,250,286,0,23,0.438,upright,auto
Pr,Pr06,2,744,744,0,-560,261,297,0,14,0.543,upright,auto
Pr,Pr06,3,073.306,073,0,-494,262,297,0,41,0.445,upright,auto
Pr,Pr06,4,431d,431,0,-475,257,292,0,17,0.543,upright,auto
Pr,Pr06,5,200a,200,0,-443,264,299,0,20,0.475,upright,auto
Pr,Pr06,6,276i,276,0,-395,262,298,0,31,0.513,upright,auto
Pr,Pr06,7,001,001,0,-395,259,293,0,5,0.576,upright,auto
Pr,Pr06,8,382a,382,0,-358,259,294,0,20,0.51,upright,auto
Pr,Pr06,9,090af,090,0,-327,261,296,0,19,0.492,upright,auto
Pr,Pr06,10,382a,382,0,-296,259,294,0,20,0.539,upright,auto
Pr,Pr06,11,024a,024,0,-272,260,294,0,16,0.526,upright,auto
Pr,Pr06,12,381,381,0,-240,260,295,0,20,0.539,upright,auto
Pr,Pr06,13,300,300,0,-213,258,294,0,19,0.505,upright,auto
Pr,Pr06,14,330a.027.003a,330,0,-144,257,291,0,44,0.373,upright,auto
Pr,Pr06,15,326.076t,326,0,-105,255,291,0,30,0.427,upright,auto
Pr,Pr06,16,700g,700,0,-92,254,289,0,12,0.457,upright,auto
Pr,Pr06,17,386f,386,0,-44,254,289,0,27,0.495,upright,auto
Pr,Pr06,18,270j,270,0,-19,254,289,0,20,0.594,upright,auto
Pr,Pr06,19,067,067,0,-2,253,288,0,13,-1.0,upright,auto
Pr,Pr06,20,470a,470,0,32,259,287,0,21,-1.0,upright,auto
Pr,Pr06,21,010.064a,010,9,52,252,286,7,21,0.333,upright,auto
Pr,Pr06,22,088,088,55,73,242,276,12,9,0.252,upright,auto
Pr,Pr06,23,430y,430,69,93,238,271,20,12,0.355,upright,auto
Pr,Pr06,24,214,214,80,155,238,272,50,37,0.294,upright,auto
Pr,Pr06,25,002,002,128,144,239,272,12,8,0.381,upright,auto
Pr,Pr06,26,203,203,141,205,234,269,47,31,0.394,upright,auto
Pr,Pr06,27,027b,027,181,220,234,269,36,20,0.41,upright,auto
Pr,Pr06,28,090,090,221,245,232,267,19,12,0.309,upright,auto
Pr,Pr06,29,545,545,237,271,235,270,26,17,0.413,upright,auto
Pr,Pr06,30,074,074,266,285,235,269,15,10,0.491,upright,auto
Pr,Pr06,31,376b,376,270,330,232,269,41,30,0.454,upright,auto
Pr,Pr06,32,500,500,307,347,233,267,23,20,0.409,upright,auto
Pr,Pr06,33,440,440,340,363,231,264,17,12,0.483,upright,auto
Pr,Pr06,34,290,290,352,391,230,264,24,19,0.414,upright,auto
Pr,Pr06,35,002a,002,384,401,228,262,16,9,0.389,upright,auto
Pr,Pr06,36,040,040,397,413,227,260,14,8,0.335,upright,auto
Pr,Pr06,37,050,050,419,438,230,262,15,10,0.398,upright,auto
Pr,Pr06,38,214,214,421,497,229,263,43,38,0.331,upright,auto
Pr,Pr06,39,001a,001,486,505,220,253,15,10,0.342,upright,auto
Pr,Pr06,40,366.076t,366,503,562,227,262,41,29,0.291,upright,auto
Pr,Pr06,41,200.200,200,545,628,223,258,53,41,0.254,upright,auto
Pr,Pr06,42,091,091,608,642,224,259,25,17,0.412,upright,auto
Pr,Pr06,43,326,326,623,682,221,255,44,29,0.491,upright,auto
Pr,Pr06,44,214k,214,658,719,220,255,45,31,0.536,upright,auto
Pr,Pr06,45,773e,773,721,744,218,253,16,12,0.247,upright,auto
Pr,Pr06,46,446s,446,737,787,217,252,42,25,0.198,upright,auto
Pr,Pr06,47,103,103,774,791,212,247,17,9,0.222,upright,auto
Pr,Pr06,48,206.711,206,789,861,222,258,44,36,0.247,upright,auto
Pr,Pr06,49,684c,684,829,920,209,245,64,45,0.236,upright,auto
Pr,Pr06,50,520.009i,520,904,968,202,238,45,31,0.222,upright,auto
Pr,Pr06,51,520.063h,520,939,999,201,237,39,30,0.262,upright,auto
Pr,Pr06,52,045ft,045,985,1002,223,242,9,8,0.339,upright,auto
Pr,Pr06,53,530,530,992,1036,211,247,31,22,0.477,upright,auto
Pr,Pr06,54,040.522b.069,040,1030,1105,208,244,48,37,0.28,upright,auto
Pr,Pr06,55,202y,202,1091,1139,196,233,33,24,0.319,upright,auto
Pr,Pr06,56,083.530.071h,083,1124,1199,195,230,56,37,0.199,upright,auto
Pr,Pr06,57,560a,560,1180,1225,193,229,36,23,0.166,upright,auto
Pr,Pr06,58,004f.008ah,004,1213,1263,204,240,39,25,0.253,upright,auto
Pr,Pr06,59,010.200,010,1248,1303,191,228,47,28,0.2,upright,auto
Pr,Pr06,60,744,744,1292,1325,191,227,29,16,0.193,upright,auto
Pr,Pr06,61,005j:548,005,1312,1356,190,227,35,22,0.133,upright,auto
Pr,Pr06,62,381.010fh,381,1348,1387,200,236,34,20,0.286,upright,auto
Pr,Pr07,11,600a,600,1717,1744,250,286,0,23,-1.0,flipped,auto
Pr,Pr07,12,522b,522,1719,1731,261,297,4,8,0.445,flipped,auto
Pr,Pr07,13,606os,606,1696,1723,262,297,8,17,0.442,flipped,auto
Pr,Pr07,14,609a.063,609,1660,1710,262,298,33,32,0.046,flipped,auto
Pr,Pr07,15,600.001,600,1615,1680,262,298,61,41,0.255,flipped,auto
Pr,Pr07,16,001.095j.003a,001,1587,1632,263,298,44,29,0.335,flipped,auto
Pr,Pr07,17,600as.009,600,1566,1600,262,298,25,22,0.281,flipped,auto
Pr,Pr07,18,600a.022bfy,600,1523,1578,257,293,42,35,0.315,flipped,auto
Pr,Pr07,19,002a,002,1493,1543,258,293,42,32,0.358,flipped,auto
Pr,Pr07,20,144f,144,1488,1500,260,293,12,8,0.291,flipped,auto
Pr,Pr07,21,002a,002,1467,1491,261,296,19,16,0.358,flipped,auto
Pr,Pr07,22,662,662,1459,1471,263,297,12,8,0.403,flipped,auto
Pr,Pr07,23,680,680,1413,1467,262,296,42,34,0.288,flipped,auto
Pr,Pr07,24,005k.010,005,1374,1430,263,297,50,36,0.156,flipped,auto
Pr,Pr07,25,005k.052,005,1361,1379,265,299,18,12,0.284,flipped,auto
Pr,Pr07,26,022.243,022,1339,1363,265,299,23,16,0.367,flipped,auto
Pr,Pr07,27,001t,001,1313,1345,264,299,25,20,0.166,flipped,auto
Pr,Pr07,28,004.010x,004,1293,1328,264,299,23,23,0.264,flipped,auto
Pr,Pr07,29,381,381,1275,1297,266,298,22,14,0.267,flipped,auto
Pr,Pr07,30,022bf.346,022,1252,1280,265,299,28,18,0.285,flipped,auto
Pr,Pr07,31,600a.132a,600,1201,1266,265,300,39,41,0.154,flipped,auto
Pr,Pr07,32,077cy,077,1174,1224,261,294,41,32,0.231,flipped,auto
Pr,Pr07,33,206bky.090,206,1166,1174,263,297,8,6,0.452,flipped,auto
Pr,Pr07,34,016a,016,1118,1182,265,300,49,40,0.203,flipped,auto
Pr,Pr07,35,070,070,1117,1124,265,299,6,5,0.318,flipped,auto
Pr,Pr07,36,407,407,1099,1118,266,300,18,13,0.298,flipped,auto
Pr,Pr07,37,021h,021,1056,1104,267,301,45,30,0.36,flipped,auto
Pr,Pr07,38,095g,095,1037,1060,256,288,23,15,0.313,flipped,auto
Pr,Pr07,39,407,407,1002,1046,261,294,33,28,0.24,flipped,auto
Pr,Pr07,40,109h,109,979,1012,254,289,20,21,0.32,flipped,auto
Pr,Pr07,41,522b,522,974,998,261,296,18,16,0.336,flipped,auto
Pr,Pr07,42,630b,630,964,982,259,293,17,12,0.379,flipped,auto
Pr,Pr07,43,020et.010,020,940,962,259,294,20,14,0.333,flipped,auto
Pr,Pr07,44,007,007,897,951,253,287,45,34,0.404,flipped,auto
Pr,Pr07,45,246.074f,246,882,909,251,287,22,17,0.226,flipped,auto
Pr,Pr07,46,445y,445,863,887,248,283,23,16,0.321,flipped,auto
Pr,Pr07,47,050.010,050,845,864,259,294,19,13,0.367,flipped,auto
Pr,Pr07,48,009b,009,830,843,258,294,13,9,0.322,flipped,auto
Pr,Pr07,49,021g,021,794,848,256,293,47,34,0.221,flipped,auto
Pr,Pr07,50,760,760,785,797,259,294,11,8,0.318,flipped,auto
Pr,Pr07,51,050,050,784,796,259,294,10,8,0.297,flipped,auto
Pr,Pr07,52,002a.760.052x,002,736,796,258,294,43,38,0.149,flipped,auto
Pr,Pr07,53,050,050,722,735,251,287,13,9,0.306,flipped,auto
Pr,Pr07,54,005j.010,005,696,728,255,292,32,20,0.364,flipped,auto
Pr,Pr07,55,004a.064.003a,004,672,716,257,294,38,28,0.474,flipped,auto
Pr,Pr07,56,009d,009,652,671,257,293,19,13,0.481,flipped,auto
Pr,Pr07,57,005j.064,005,619,658,260,295,25,25,0.28,flipped,auto
Pr,Pr07,58,007,007,611,634,258,295,22,15,0.335,flipped,auto
Pr,Pr07,59,095j,095,603,621,262,296,16,12,0.378,flipped,auto
Pr,Pr07,60,002c,002,588,601,263,288,11,9,0.339,flipped,auto
Pr,Pr08,0,050.010,050,305,333,305,340,21,16,0.388,upright,auto
Pr,Pr08,1,008a,008,326,359,311,346,27,18,0.331,upright,auto
Pr,Pr08,2,600,600,348,386,311,344,32,21,0.312,upright,auto
Pr,Pr08,3,281.001.095j.003a,281,367,453,301,336,58,47,0.237,upright,auto
Pr,Pr08,4,011,011,441,453,290,325,12,7,0.485,upright,auto
Pr,Pr08,5,445sy.711,445,447,498,301,336,44,29,0.401,upright,auto
Pr,Pr08,6,300,300,498,532,300,333,26,19,0.625,upright,auto
Pr,Pr08,7,005,005,519,551,297,332,14,17,0.569,upright,auto
Pr,Pr08,8,009,009,546,569,309,343,20,13,0.316,upright,auto
Pr,Pr08,9,004,004,568,579,308,341,10,6,0.51,upright,auto
Pr,Pr08,10,002a,002,578,594,307,341,14,9,0.459,upright,auto
Pr,Pr08,11,400a,400,601,636,311,344,21,20,0.245,upright,auto
Pr,Pr08,12,652ay,652,624,675,299,333,44,29,0.299,upright,auto
Pr,Pr08,13,606b,606,658,712,296,330,38,30,0.466,upright,auto
Pr,Pr08,14,403a,403,687,795,295,330,70,59,0.197,upright,auto
Pr,Pr08,15,246k,246,769,812,288,323,43,24,0.288,upright,auto
Pr,Pr08,16,308,308,797,858,288,322,39,34,0.189,upright,auto
Pr,Pr08,17,400c.007,400,841,897,296,331,56,31,0.227,upright,auto
Pr,Pr08,18,406s,406,885,908,308,343,23,13,0.435,upright,auto
Pr,Pr08,19,001.010,001,892,915,297,332,23,13,0.351,upright,auto
Pr,Pr08,20,001.064,001,907,929,293,327,20,12,0.375,upright,auto
Pr,Pr08,21,007,007,924,952,294,328,26,16,0.356,upright,auto
Pr,Pr08,22,034,034,941,991,292,328,32,28,0.154,upright,auto
Pr,Pr08,23,064.670,064,985,1044,293,328,46,32,0.326,upright,auto
Pr,Pr08,24,200.074,200,1029,1063,293,328,31,19,0.177,upright,auto
Pr,Pr08,25,522b,522,1060,1068,286,321,6,5,0.222,upright,auto
Pr,Pr08,26,001,001,1068,1085,286,321,17,9,0.46,upright,auto
Pr,Pr08,27,040a,040,1074,1133,286,322,58,32,0.2,upright,auto
Pr,Pr08,28,372ay,372,1119,1153,287,320,31,19,0.159,upright,auto
Pr,Pr08,29,380.061,380,1138,1197,285,321,42,32,0.198,upright,auto
Pr,Pr08,30,232b,232,1181,1210,286,321,23,16,0.33,upright,auto
Pr,Pr08,31,081a,081,1193,1220,288,321,21,15,0.272,upright,auto
Pr,Pr08,32,739,739,1210,1239,289,322,28,16,0.268,upright,auto
Pr,Pr08,33,070a,070,1247,1259,290,322,8,7,0.243,upright,auto
Pr,Pr08,34,001a,001,1257,1276,293,328,16,11,0.292,upright,auto
Pr,Pr08,35,154.246.242ai,154,1254,1357,304,339,92,56,0.215,upright,auto
Pr,Pr08,36,606a,606,1322,1424,300,336,86,55,0.263,upright,auto
Pr,Pr08,37,004.600ay,004,1396,1466,298,334,64,38,0.303,upright,auto
Pr,Pr08,38,040.220iy.048af,040,1432,1496,295,332,56,35,0.277,upright,auto
Pr,Pr08,39,430e,430,1490,1501,293,327,10,6,0.419,upright,auto
Pr,Pr08,40,433,433,1497,1531,293,327,32,19,0.412,upright,auto
Pr,Pr08,41,004,004,1523,1546,294,330,18,13,0.46,upright,auto
Pr,Pr08,42,534c,534,1536,1576,294,331,33,22,0.416,upright,auto
Pr,Pr08,43,593d,593,1558,1576,295,330,15,10,0.376,upright,auto
Pr,Pr08,44,375ay,375,1587,1603,296,330,16,9,0.371,upright,auto
Pr,Pr08,45,050c,050,1586,1656,295,332,63,38,0.182,upright,auto
Pr,Pr08,46,024a,024,1640,1657,295,332,16,9,0.093,upright,auto
Pr,Pr08,47,076y.276,076,1639,1721,294,331,56,45,0.065,upright,auto
Pr,Pr08,48,076y.276,076,1706,1735,295,332,13,16,0.206,upright,auto
Pr,Pr08,49,666y.010.064a.671a,666,1726,1744,296,331,0,20,-1.0,upright,auto
Pr,Pr09,22,200.022,200,1743,1744,320,345,0,14,-1.0,flipped,auto
Pr,Pr09,23,010.001,010,1731,1744,321,346,0,8,-1.0,flipped,auto
Pr,Pr09,24,200,200,1697,1720,333,368,4,13,0.286,flipped,auto
Pr,Pr09,25,041,041,1687,1699,334,369,10,7,0.39,flipped,auto
Pr,Pr09,26,001,001,1675,1687,335,370,11,7,0.356,flipped,auto
Pr,Pr09,27,099,099,1662,1674,324,359,11,7,0.275,flipped,auto
Pr,Pr09,28,010.001,010,1663,1670,321,358,7,5,0.354,flipped,auto
Pr,Pr09,29,050,050,1611,1671,321,357,41,33,0.548,flipped,auto
Pr,Pr09,30,001.010,001,1589,1628,324,360,19,21,0.514,flipped,auto
Pr,Pr09,31,022,022,1588,1599,331,365,11,6,0.514,flipped,auto
Pr,Pr09,32,048a,048,1580,1596,331,366,16,8,0.526,flipped,auto
Pr,Pr09,33,002a,002,1569,1585,333,367,16,9,0.578,flipped,auto
Pr,Pr09,34,001,001,1557,1568,329,363,11,6,0.562,flipped,auto
Pr,Pr09,35,491a,491,1507,1551,333,369,41,24,0.494,flipped,auto
Pr,Pr09,36,522?,522,1494,1522,334,370,27,16,0.496,flipped,auto
Pr,Pr09,37,3)!,3),1489,1505,336,356,9,9,0.343,flipped,auto
Pr,Pr10,0,780!,780,346,391,369,404,38,22,0.37,upright,auto
Pr,Pr10,1,600a.032a,600,370,436,369,406,51,32,0.331,upright,auto
Pr,Pr10,2,053a,053,427,450,370,404,23,11,0.432,upright,auto
Pr,Pr10,3,004.600a,004,435,494,369,404,37,28,0.391,upright,auto
Pr,Pr10,4,290.007,290,473,548,369,406,49,36,0.288,upright,auto
Pr,Pr10,5,400.032a,400,529,579,366,405,30,25,0.615,upright,auto
Pr,Pr10,6,067,067,570,594,366,401,24,12,0.477,upright,auto
Pr,Pr10,7,600a,600,596,640,369,406,39,22,0.378,upright,auto
Pr,Pr10,8,600a,600,637,680,370,406,26,20,0.411,upright,auto
Pr,Pr10,9,600a.004,600,668,727,369,407,51,28,0.471,upright,auto
Pr,Pr10,10,430,430,712,745,369,406,33,16,0.461,upright,auto
Pr,Pr10,11,300.700f,300,731,792,367,405,50,30,0.329,upright,auto
Pr,Pr10,12,004,004,778,789,358,395,11,5,0.243,upright,auto
Pr,Pr10,13,700f,700,790,812,355,390,18,11,0.295,upright,auto
Pr,Pr10,14,600a,600,795,840,355,392,36,22,0.321,upright,auto
Pr,Pr10,15,365,365,836,885,362,400,37,24,0.418,upright,auto
Pr,Pr10,16,406a,406,868,928,366,402,39,29,0.367,upright,auto
Pr,Pr10,17,365,365,906,954,365,404,30,23,0.31,upright,auto
Pr,Pr10,18,400,400,947,997,366,401,41,25,0.456,upright,auto
Pr,Pr10,19,021h,021,979,1018,366,403,39,19,0.525,upright,auto
Pr,Pr10,20,600.001.600a,600,998,1063,365,402,51,32,0.469,upright,auto
Pr,Pr10,21,198,198,1035,1068,362,398,22,16,0.24,upright,auto
Pr,Pr10,22,047,047,1060,1082,361,394,22,11,0.248,upright,auto
Pr,Pr10,23,067,067,1081,1104,367,401,23,11,0.609,upright,auto
Pr,Pr10,24,700f,700,1102,1121,364,397,19,10,0.581,upright,auto
Pr,Pr10,25,700f,700,1130,1148,363,397,18,9,0.554,upright,auto
Pr,Pr10,26,020Va,020,1138,1156,366,399,18,9,0.415,upright,auto
Pr,Pr10,27,710f,710,1161,1184,356,388,15,11,0.36,upright,auto
Pr,Pr10,28,020cy,020,1182,1200,354,386,18,9,0.483,upright,auto
Pr,Pr10,29,700f,700,1198,1217,357,391,15,10,0.357,upright,auto
Pr,Pr10,30,001c,001,1225,1237,354,386,12,6,0.334,upright,auto
Pr,Pr10,31,710f,710,1236,1258,365,396,13,11,0.494,upright,auto
Pr,Pr10,32,700cx,700,1251,1270,367,396,18,10,0.622,upright,auto
Pr,Pr10,33,700f,700,1262,1284,366,396,22,11,0.468,upright,auto
Pr,Pr10,34,020Va,020,1277,1295,365,396,18,9,0.512,upright,auto
Pr,Pr10,35,710f,710,1289,1307,364,396,12,9,0.447,upright,auto
Pr,Pr10,36,402!,402,1316,1335,358,385,17,10,0.472,upright,auto
Pr,Pr10,37,2)!,2),1333,1362,358,384,23,14,0.55,upright,auto
Pr,Pr11,14,067.022!,067,1742,1744,393,428,0,22,-1.0,flipped,auto
Pr,Pr11,15,300,300,1718,1744,393,429,0,19,-1.0,flipped,auto
Pr,Pr11,16,067,067,1707,1725,394,428,0,11,0.0,flipped,auto
Pr,Pr11,17,014a,014,1682,1711,394,429,0,17,0.0,flipped,auto
Pr,Pr11,18,315s!,315,1644,1694,394,429,0,28,0.0,flipped,auto
Pr,Pr11,19,001,001,1639,1650,393,429,0,6,0.0,flipped,auto
Pr,Pr11,20,710h:042.003a,710,1610,1644,393,428,0,19,0.0,flipped,auto
Pr,Pr11,21,400,400,1587,1620,393,429,0,18,0.0,flipped,auto
Pr,Pr11,22,306s!,306,1558,1598,393,428,0,23,0.0,flipped,auto
Pr,Pr11,23,773d!,773,1535,1564,393,428,0,17,0.0,flipped,auto
Pr,Pr11,24,009c?,009,1520,1542,393,428,0,12,0.0,flipped,auto
Pr,Pr11,25,009c!,009,1488,1510,392,414,12,12,0.232,flipped,auto
Pr,Pr11,26,599,599,1466,1493,394,416,27,15,0.305,flipped,auto
Pr,Pr11,27,067f!,067,1461,1483,392,416,22,12,0.351,flipped,auto
Pr,Pr11,28,451.064x,451,1434,1472,393,416,38,21,0.532,flipped,auto
Pr,Pr11,29,109t,109,1432,1449,396,414,17,9,0.74,flipped,auto
Pv,Pv01,0,4)!,4),1040,1192,103,140,94,81,0.251,flipped,auto
Pv,Pv01,1,200,200,1041,1076,108,144,27,19,0.466,flipped,auto
Pv,Pv01,2,600,600,996,1040,104,141,27,23,0.363,flipped,auto
Pv,Pv01,3,007,007,987,1011,104,140,18,13,0.419,flipped,auto
Pv,Pv01,4,001,001,942,993,106,141,30,28,0.311,flipped,auto
Pv,Pv01,5,091,091,938,946,96,133,8,5,0.412,flipped,auto
Pv,Pv01,6,005k,005,910,939,105,141,16,16,0.495,flipped,auto
Pv,Pv01,7,005j.010,005,900,913,106,141,12,8,0.572,flipped,auto
Pv,Pv01,8,144f,144,878,913,108,143,27,19,0.302,flipped,auto
Pv,Pv01,9,005.010,005,855,884,105,140,24,16,0.311,flipped,auto
Pv,Pv01,10,200,200,822,865,103,138,35,22,0.386,flipped,auto
Pv,Pv01,11,200,200,785,824,105,143,27,21,0.37,flipped,auto
Pv,Pv01,12,710,710,753,798,104,140,34,24,0.296,flipped,auto
Pv,Pv01,13,090,090,730,746,98,134,11,9,0.353,flipped,auto
Pv,Pv01,14,540y,540,664,745,98,134,46,43,0.137,flipped,auto
Pv,Pv01,15,450.540,450,623,683,111,147,57,32,0.24,flipped,auto
Pv,Pv01,16,002c:042,002,610,632,114,147,22,12,0.268,flipped,auto
Pv,Pv01,17,755,755,590,619,124,149,29,16,0.271,flipped,auto
Pv,Pv01,18,009,009,575,597,125,149,22,12,0.241,flipped,auto
Pv,Pv01,19,061y.009.061,061,535,584,125,149,49,26,0.251,flipped,auto
Pv,Pv01,20,734d.003a,734,500,549,124,149,49,26,0.434,flipped,auto
Pv,Pv01,21,734.003a,734,467,527,124,149,60,32,0.453,flipped,auto
Pv,Pv01,22,684b,684,415,486,125,149,71,38,0.446,flipped,auto
Pv,Pv02,0,382,382,0,-260,22,60,0,21,0.387,upright,auto
Pv,Pv02,1,048f,048,0,-252,17,52,0,8,0.442,upright,auto
Pv,Pv02,2,684d,684,0,-201,24,62,0,32,0.304,upright,auto
Pv,Pv02,3,007,007,0,-185,35,72,0,16,0.433,upright,auto
Pv,Pv02,4,600o,600,0,-150,51,88,0,25,0.486,upright,auto
Pv,Pv02,5,326,326,0,-110,55,92,0,30,0.419,upright,auto
Pv,Pv02,6,300.009,300,0,-76,51,88,0,29,0.374,upright,auto
Pv,Pv02,7,308,308,0,-43,51,89,0,27,0.432,upright,auto
Pv,Pv02,8,081a,081,0,-23,68,104,0,17,0.512,upright,auto
Pv,Pv02,9,301,301,0,-1,71,110,0,17,-1.0,upright,auto
Pv,Pv02,10,205b,205,0,47,77,116,0,34,-1.0,upright,auto
Pv,Pv02,11,592,592,31,59,84,120,0,15,0.0,upright,auto
Pv,Pv02,12,301,301,50,98,87,126,0,25,0.0,upright,auto
Pv,Pv02,13,009:066a,009,87,110,92,129,0,12,0.0,upright,auto
Pv,Pv02,14,208,208,105,156,99,134,0,27,0.0,upright,auto
Pv,Pv02,15,020b,020,150,161,102,137,0,6,0.0,upright,auto
Pv,Pv02,16,020by,020,158,169,103,138,0,6,0.136,upright,auto
Pv,Pv02,17,004,004,169,185,116,152,16,8,0.247,upright,auto
Pv,Pv02,18,021e,021,175,193,131,156,18,10,0.296,upright,auto
Pv,Pv02,19,020bf,020,193,209,130,156,16,8,0.331,upright,auto
Pv,Pv02,20,280,280,202,242,129,155,40,22,0.371,upright,auto
Pv,Pv02,21,021d,021,244,262,129,152,18,10,0.371,upright,auto
Pv,Pv02,22,027,027,258,291,129,152,33,17,0.411,upright,auto
Pv,Pv02,23,600,600,281,325,129,152,44,23,0.373,upright,auto
Pv,Pv02,24,209aj,209,312,362,127,152,50,27,0.39,upright,auto
Pv,Pv02,25,600,600,344,387,127,151,43,22,0.408,upright,auto
Pv,Pv02,26,048,048,375,391,127,151,16,9,0.412,upright,auto
Pv,Pv02,27,021d.048,021,386,424,125,150,38,20,0.396,upright,auto
Pv,Pv02,28,739,739,417,445,125,149,28,15,0.516,upright,auto
Pv,Pv02,29,020,020,443,461,125,149,18,10,0.506,upright,auto
Pv,Pv02,30,053ay,053,459,477,124,149,18,10,0.461,upright,auto
Pv,Pv02,31,360.041,360,457,512,124,149,55,29,0.479,upright,auto
Pv,Pv02,32,360.041,360,493,548,124,149,55,29,0.484,upright,auto
Pv,Pv02,33,430d,430,534,567,125,149,33,18,0.371,upright,auto
Pv,Pv02,34,047,047,559,582,125,149,23,13,0.303,upright,auto
Pv,Pv02,35,575,575,572,620,123,149,48,25,0.479,upright,auto
Pv,Pv03,0,575,575,566,606,161,197,23,22,0.378,flipped,auto
Pv,Pv03,1,004,004,562,573,162,196,10,6,0.412,flipped,auto
Pv,Pv03,2,578,578,542,580,164,199,25,20,0.284,flipped,auto
Pv,Pv03,3,070a,070,520,548,166,201,25,15,0.397,flipped,auto
Pv,Pv03,4,007,007,501,528,165,200,22,14,0.399,flipped,auto
Pv,Pv03,5,021d,021,489,502,165,200,10,8,0.31,flipped,auto
Pv,Pv03,6,095df,095,466,498,160,195,18,17,0.244,flipped,auto
Pv,Pv03,7,381,381,440,474,161,196,22,19,0.346,flipped,auto
Pv,Pv03,8,045,045,433,446,161,195,13,8,0.427,flipped,auto
Pv,Pv03,9,522,522,408,437,160,195,15,16,0.47,flipped,auto
Pv,Pv03,10,060a,060,389,402,162,196,6,8,0.478,flipped,auto
Pv,Pv03,11,301,301,352,395,164,200,30,23,0.392,flipped,auto
Pv,Pv03,12,060a,060,338,351,171,205,13,8,0.479,flipped,auto
Pv,Pv03,13,040a.003a,040,315,343,172,206,25,15,0.56,flipped,auto
Pv,Pv03,14,025b.300.009ch,025,279,323,171,207,31,23,0.536,flipped,auto
Pv,Pv03,15,002,002,253,298,171,207,28,24,0.489,flipped,auto
Pv,Pv03,16,474,474,241,257,161,196,16,8,0.381,flipped,auto
Pv,Pv03,17,445y,445,198,237,165,200,32,21,0.334,flipped,auto
Pv,Pv03,18,001,001,167,201,158,191,23,19,0.297,flipped,auto
Pv,Pv03,19,030c,030,162,174,158,191,11,6,0.268,flipped,auto
Pv,Pv03,20,030c,030,130,164,170,205,20,19,0.282,flipped,auto
Pv,Pv03,21,002Vd,002,100,139,171,205,22,21,0.07,flipped,auto
Pv,Pv03,22,431e,431,58,112,159,195,54,29,0.243,flipped,auto
Pv,Pv03,23,030dx,030,36,74,160,194,26,20,0.077,flipped,auto
Pv,Pv03,24,044y,044,30,41,161,194,0,6,-0.03,flipped,auto
Pv,Pv03,25,048.081a,048,0,34,171,196,0,22,-1.0,flipped,auto
Pv,Pv03,26,206cs,206,0,9,161,195,0,22,-1.0,flipped,auto
Pv,Pv03,27,430b,430,0,-15,161,195,0,25,-1.0,flipped,auto
Pv,Pv03,28,600,600,0,-27,164,200,0,19,0.511,flipped,auto
Pv,Pv03,29,027,027,0,-56,164,201,0,15,0.48,flipped,auto
Pv,Pv03,30,700c,700,0,-79,162,200,0,11,0.488,flipped,auto
Pv,Pv03,31,011,011,0,-98,168,207,0,6,0.612,flipped,auto
Pv,Pv03,32,078y.308,078,0,-100,180,219,0,36,0.422,flipped,auto
Pv,Pv03,33,034d,034,0,-151,181,219,0,18,0.46,flipped,auto
Pv,Pv03,34,021d,021,0,-185,170,206,0,9,0.576,flipped,auto
Pv,Pv03,35,021d,021,0,-198,165,201,0,10,0.563,flipped,auto
Pv,Pv03,36,380.020by,380,0,-210,170,208,0,24,0.555,flipped,auto
Pv,Pv03,37,385y,385,0,-243,158,196,0,23,0.576,flipped,auto
Pv,Pv03,38,205y.001,205,0,-272,167,206,0,34,0.514,flipped,auto
Pv,Pv03,39,381,381,0,-323,170,207,0,20,0.569,flipped,auto
Pv,Pv04,0,065,065,105,123,214,249,18,10,0.265,upright,auto
Pv,Pv04,1,554b!,554,112,155,212,244,43,22,0.389,upright,auto
Pv,Pv04,2,311y!.048.210.600,311,125,275,212,249,96,79,0.049,upright,auto
Pv,Pv04,3,600,600,246,285,198,236,31,21,0.286,upright,auto
Pv,Pv04,4,027,027,277,305,211,246,28,15,0.265,upright,auto
Pv,Pv04,5,700c,700,297,313,211,247,16,8,0.483,upright,auto
Pv,Pv04,6,001,001,313,324,210,247,11,6,0.469,upright,auto
Pv,Pv04,7,078y.308,078,314,380,211,247,48,35,0.197,upright,auto
Pv,Pv04,8,034c,034,363,396,211,247,28,17,0.249,upright,auto
Pv,Pv04,9,607.006h.078,607,386,462,205,241,58,40,0.23,upright,auto
Pv,Pv04,10,057,057,444,461,210,243,15,9,0.267,upright,auto
Pv,Pv04,11,034d,034,456,489,202,238,26,17,0.218,upright,auto
Pv,Pv04,12,600a,600,481,519,199,234,21,20,0.27,upright,auto
Pv,Pv04,13,290,290,509,547,199,236,25,20,0.188,upright,auto
Pv,Pv04,14,600a,600,536,575,199,236,27,21,0.19,upright,auto
Pv,Pv04,15,045f,045,569,591,206,241,19,12,0.272,upright,auto
Pv,Pv04,16,256b,256,581,640,204,240,39,31,0.269,upright,auto
Pv,Pv04,17,006,006,630,648,195,228,17,10,0.31,upright,auto
Pv,Pv04,18,308,308,638,686,196,232,34,25,0.204,upright,auto
Pv,Pv04,19,034c,034,676,704,208,243,25,15,0.253,upright,auto
Pv,Pv04,20,216s,216,705,770,201,234,44,34,0.262,upright,auto
Pv,Pv04,21,099c,099,753,785,205,240,18,17,0.314,upright,auto
Pv,Pv04,22,446f,446,765,867,205,241,70,54,0.159,upright,auto
Pv,Pv04,23,606s,606,843,876,206,240,24,17,0.145,upright,auto
Pv,Pv04,24,034d,034,863,927,206,243,51,34,0.161,upright,auto
Pv,Pv04,25,202y.065,202,904,965,214,250,42,33,0.406,upright,auto
Pv,Pv04,26,222aj,222,962,975,214,249,11,8,0.343,upright,auto
Pv,Pv04,27,044,044,971,1009,212,250,25,20,0.188,upright,auto
Pv,Pv04,28,069.055a,069,1000,1040,212,250,27,22,0.191,upright,auto
Pv,Pv04,29,382,382,1040,1080,210,246,30,22,0.201,upright,auto
Pv,Pv04,30,421a,421,1063,1101,203,238,27,20,0.467,upright,auto
Pv,Pv04,31,095:549,095,1088,1127,202,238,38,21,0.6,upright,auto
Pv,Pv04,32,088.062,088,1112,1183,201,237,44,38,0.422,upright,auto
Pv,Pv04,33,200.700h.061h,200,1164,1188,203,238,11,14,0.328,upright,auto
Pv,Pv04,34,739,739,1186,1198,201,237,10,7,0.394,upright,auto
Pv,Pv04,35,040,040,1194,1221,202,238,20,15,0.251,upright,auto
Pv,Pv04,36,140,140,1208,1273,201,238,39,34,0.19,upright,auto
Pv,Pv04,37,356,356,1264,1304,189,224,24,22,0.284,upright,auto
Pv,Pv04,38,301,301,1302,1337,202,237,22,19,0.243,upright,auto
Pv,Pv04,39,004.064,004,1331,1364,201,237,21,18,0.19,upright,auto
Pv,Pv04,40,004.064,004,1354,1402,199,234,27,25,0.196,upright,auto
Pv,Pv04,41,209b,209,1392,1424,201,236,25,17,0.165,upright,auto
Pv,Pv04,42,081a,081,1417,1434,211,246,12,9,0.201,upright,auto
Pv,Pv04,43,050,050,1418,1521,214,250,67,55,0.142,upright,auto
Pv,Pv04,44,450.052.240.069h,450,1515,1527,210,245,7,7,0.353,upright,auto
Pv,Pv04,45,045af,045,1518,1590,212,250,53,39,0.357,upright,auto
Pv,Pv04,46,027.290,027,1575,1610,212,249,23,19,0.328,upright,auto
Pv,Pv04,47,081a,081,1597,1614,214,247,15,9,0.267,upright,auto
Pv,Pv04,48,050,050,1619,1638,212,249,15,11,0.313,upright,auto
Pv,Pv04,49,450,450,1641,1658,212,246,15,9,0.294,upright,auto
Pv,Pv04,50,060a,060,1644,1730,210,246,32,46,0.069,upright,auto
Pv,Pv04,51,200.736,200,1696,1760,210,247,0,69,-1.0,upright,auto
Pv,Pv06,0,600.209b,600,185,252,308,343,49,43,0.253,upright,auto
Pv,Pv06,1,600,600,239,271,309,341,21,20,0.134,upright,auto
Pv,Pv06,2,200.600.069h,200,253,336,305,340,58,53,0.136,upright,auto
Pv,Pv06,3,200j.560.001,200,319,394,295,332,50,47,0.321,upright,auto
Pv,Pv06,4,200.560a.070a,200,379,465,294,329,53,54,0.35,upright,auto
Pv,Pv06,5,200,200,440,521,301,336,56,50,0.219,upright,auto
Pv,Pv06,6,600.070a,600,500,545,300,335,16,29,0.368,upright,auto
Pv,Pv06,7,214a,214,536,591,299,334,45,35,0.469,upright,auto
Pv,Pv06,8,316,316,578,607,289,324,22,19,0.303,upright,auto
Pv,Pv06,9,008a,008,598,641,289,324,30,27,0.255,upright,auto
Pv,Pv06,10,421c,421,633,657,287,322,16,16,0.197,upright,auto
Pv,Pv06,11,021e.010,021,655,678,288,324,10,15,0.254,upright,auto
Pv,Pv06,12,021e.010,021,672,695,296,329,17,15,0.25,upright,auto
Pv,Pv06,13,144f,144,692,715,293,327,20,15,0.442,upright,auto
Pv,Pv06,14,599g,599,699,715,293,326,16,10,0.377,upright,auto
Pv,Pv06,15,117afx,117,728,740,295,327,12,8,0.31,upright,auto
Pv,Pv06,16,702x,702,736,759,293,327,19,15,0.264,upright,auto
Pv,Pv06,17,081,081,755,789,294,330,22,22,0.232,upright,auto
Pv,Pv06,18,589!,589,784,807,296,329,18,15,0.125,upright,auto
Pv,Pv06,19,137a,137,802,825,281,317,20,15,0.332,upright,auto
Pv,Pv06,20,069d,069,814,846,278,314,20,19,0.262,upright,auto
Pv,Pv06,21,451b,451,820,869,280,315,43,31,0.425,upright,auto
Pv,Pv06,22,206b,206,860,883,279,314,20,15,0.55,upright,auto
Pv,Pv06,23,730b,730,876,921,276,312,35,29,0.455,upright,auto
Pv,Pv06,24,209e,209,907,971,275,311,42,39,0.295,upright,auto
Pv,Pv06,25,200.451c,200,958,980,280,314,15,14,0.27,upright,auto
Pv,Pv06,26,056a,056,962,989,279,315,23,16,0.22,upright,auto
Pv,Pv06,27,034c,034,983,999,278,314,12,10,0.385,upright,auto
Pv,Pv06,28,700c,700,993,1033,276,313,33,26,0.32,upright,auto
Pv,Pv06,29,204sy,204,1026,1050,279,314,18,15,0.294,upright,auto
Pv,Pv06,30,755ay,755,1049,1082,284,320,25,21,0.377,upright,auto
Pv,Pv06,31,381,381,1077,1099,284,320,17,14,0.282,upright,auto
Pv,Pv06,32,755a,755,1092,1127,284,321,25,23,0.288,upright,auto
Pv,Pv06,33,381ay,381,1121,1140,282,317,17,13,0.394,upright,auto
Pv,Pv06,34,006y,006,1136,1160,279,316,20,16,0.317,upright,auto
Pv,Pv06,35,755a,755,1155,1184,280,313,18,19,0.221,upright,auto
Pv,Pv06,36,132.074f,132,1185,1229,267,303,26,28,0.236,upright,auto
Pv,Pv06,37,205y,205,1221,1276,257,293,30,35,0.323,upright,auto
Pv,Pv06,38,316s,316,1263,1281,256,290,14,11,0.536,upright,auto
Pv,Pv06,39,008a,008,1286,1298,256,290,8,8,0.478,upright,auto
Pv,Pv06,40,021e.010,021,1299,1323,255,293,18,16,0.403,upright,auto
Pv,Pv06,41,021e.010,021,1320,1344,256,292,18,16,0.417,upright,auto
Pv,Pv06,42,144f,144,1340,1367,255,292,17,17,0.338,upright,auto
Pv,Pv06,43,026x,026,1361,1390,263,301,19,19,0.4,upright,auto
Pv,Pv06,44,006,006,1383,1400,268,304,13,11,0.388,upright,auto
Pv,Pv06,45,700cx,700,1385,1403,266,302,13,11,0.578,upright,auto
Pv,Pv06,46,081a,081,1399,1431,256,293,23,20,0.548,upright,auto
Pv,Pv06,47,461a,461,1419,1458,266,303,20,25,0.323,upright,auto
Pv,Pv06,48,589a,589,1446,1489,268,304,25,26,0.415,upright,auto
Pv,Pv06,49,049f,049,1481,1503,254,290,13,14,0.445,upright,auto
Pv,Pv06,50,137,137,1488,1507,270,303,11,13,0.421,upright,auto
Pv,Pv06,51,069b,069,1506,1519,265,301,13,9,0.524,upright,auto
Pv,Pv06,52,440y,440,1521,1537,264,300,13,10,0.561,upright,auto
Pv,Pv06,53,200.736,200,1524,1604,257,294,41,50,0.308,upright,auto
Pv,Pv06,54,206,206,1591,1639,255,291,32,30,0.212,upright,auto
Pv,Pv06,55,385,385,1620,1652,255,291,21,20,0.303,upright,auto
Pv,Pv06,56,600.755,600,1637,1703,256,293,38,42,0.09,upright,auto
Pv,Pv06,57,001,001,1689,1697,245,281,7,6,0.406,upright,auto
Pv,Pv06,58,608o,608,1688,1753,243,280,32,41,0.097,upright,auto
Pv,Pv06,59,600,600,1740,1760,243,280,0,19,-0.002,upright,auto
Pv,Pv07,7,200.049f.010,200,1750,1760,301,338,0,43,-1.0,flipped,auto
Pv,Pv07,8,200.049f.400y,200,1701,1760,299,339,13,47,-1.0,flipped,auto
Pv,Pv07,9,200.021e.003a.003a,200,1674,1722,293,331,24,31,0.302,flipped,auto
Pv,Pv07,10,200.710ax,200,1678,1694,291,321,13,10,0.253,flipped,auto
Pv,Pv07,11,045,045,1639,1688,290,327,27,33,0.135,flipped,auto
Pv,Pv07,12,004,004,1635,1646,289,325,9,7,0.277,flipped,auto
Pv,Pv07,13,045,045,1619,1630,301,338,7,7,0.307,flipped,auto
Pv,Pv07,14,004.052,004,1607,1618,302,338,8,7,0.543,flipped,auto
Pv,Pv07,15,045,045,1581,1608,299,336,20,17,0.611,flipped,auto
Pv,Pv07,16,004,004,1583,1595,299,337,11,8,0.628,flipped,auto
Pv,Pv07,17,200.050d,200,1572,1583,298,336,7,7,0.512,flipped,auto
Pv,Pv07,18,001,001,1527,1575,301,339,33,32,0.347,flipped,auto
Pv,Pv07,19,200.050d,200,1516,1523,302,339,6,5,0.422,flipped,auto
Pv,Pv07,20,001.200.050d,001,1476,1521,304,342,23,30,0.206,flipped,auto
Pv,Pv07,21,022bfy,022,1427,1493,304,342,41,43,0.229,flipped,auto
Pv,Pv07,22,200.050d,200,1425,1437,308,344,11,8,0.429,flipped,auto
Pv,Pv07,23,022bfy.242a,022,1392,1435,305,343,28,28,0.334,flipped,auto
Pv,Pv07,24,004,004,1347,1402,302,339,16,36,0.25,flipped,auto
Pv,Pv07,25,045,045,1347,1358,303,339,10,7,0.544,flipped,auto
Pv,Pv07,26,711Va,711,1336,1347,304,340,8,7,0.466,flipped,auto
Pv,Pv07,27,043h:246ak.045.711Va,043,1329,1352,309,340,10,15,0.296,flipped,auto
Pv,Pv07,28,381y,381,1282,1330,298,336,33,31,0.314,flipped,auto
Pv,Pv07,29,205sy,205,1262,1297,296,333,21,24,0.349,flipped,auto
Pv,Pv07,30,081a,081,1238,1265,308,344,20,18,0.35,flipped,auto
Pv,Pv07,31,482a,482,1209,1247,313,350,30,25,0.277,flipped,auto
Pv,Pv07,32,021e.010,021,1201,1224,313,349,20,16,0.228,flipped,auto
Pv,Pv07,33,021e.010,021,1172,1207,313,348,23,24,0.2,flipped,auto
Pv,Pv07,34,144f,144,1157,1184,304,339,16,17,0.339,flipped,auto
Pv,Pv07,35,599g,599,1133,1157,313,350,18,16,0.32,flipped,auto
Pv,Pv07,36,045f,045,1112,1135,314,349,20,16,0.248,flipped,auto
Pv,Pv07,37,700x,700,1103,1130,302,339,18,17,0.305,flipped,auto
Pv,Pv07,38,081a,081,1094,1105,303,338,8,8,0.404,flipped,auto
Pv,Pv07,39,421a,421,1086,1102,299,337,12,10,0.277,flipped,auto
Pv,Pv07,40,049f,049,1068,1092,301,337,20,16,0.2,flipped,auto
Pv,Pv07,41,565.380y,565,1046,1075,301,338,23,20,0.194,flipped,auto
Pv,Pv07,42,200.440,200,1032,1049,304,340,14,11,0.365,flipped,auto
Pv,Pv07,43,280a,280,991,1035,316,353,28,29,0.325,flipped,auto
Pv,Pv07,44,209g,209,962,1013,317,353,32,34,0.281,flipped,auto
Pv,Pv07,45,280a,280,937,969,318,353,23,21,0.438,flipped,auto
Pv,Pv07,46,027af,027,916,950,316,352,25,23,0.379,flipped,auto
Pv,Pv07,47,203s.021et,203,893,922,315,352,18,20,0.388,flipped,auto
Pv,Pv07,48,009,009,874,898,315,350,20,17,0.313,flipped,auto
Pv,Pv07,49,710x,710,832,887,311,350,45,37,0.35,flipped,auto
Pv,Pv07,50,009c.074af,009,823,841,314,350,15,13,0.302,flipped,auto
Pv,Pv07,51,206,206,809,825,311,350,14,10,0.245,flipped,auto
Pv,Pv07,52,001f,001,784,813,311,351,25,20,0.247,flipped,auto
Pv,Pv07,53,206,206,749,793,311,350,26,29,0.158,flipped,auto
Pv,Pv07,54,001f,001,745,758,311,350,13,9,0.149,flipped,auto
Pv,Pv07,55,077b,077,705,753,302,340,41,31,0.436,flipped,auto
Pv,Pv07,56,464ay,464,698,711,301,340,13,9,0.487,flipped,auto
Pv,Pv07,57,078,078,679,692,302,342,13,10,0.449,flipped,auto
Pv,Pv07,58,078y,078,643,675,301,340,22,21,0.332,flipped,auto
Pv,Pv07,59,386.078,386,641,653,302,339,11,8,0.263,flipped,auto
Pv,Pv07,60,078y,078,625,636,289,327,10,8,0.31,flipped,auto
Pv,Pv07,61,386V.078,386,593,637,288,326,25,29,0.293,flipped,auto
Pv,Pv07,62,078,078,589,605,290,325,15,10,0.375,flipped,auto
Pv,Pv07,63,010y.001,010,563,581,301,338,12,13,0.347,flipped,auto
Pv,Pv07,64,700.061,700,537,564,311,348,23,17,0.455,flipped,auto
Pv,Pv08,0,700b.010,700,92,115,287,325,21,15,0.425,upright,auto
Pv,Pv08,1,081a,081,107,136,290,326,24,18,0.358,upright,auto
Pv,Pv08,2,022.052,022,144,172,291,328,18,18,0.314,upright,auto
Pv,Pv08,3,002a.010,002,168,192,293,330,18,16,0.288,upright,auto
Pv,Pv08,4,002a.010,002,188,212,296,332,20,16,0.231,upright,auto
Pv,Pv08,5,144f,144,201,229,307,341,18,18,0.298,upright,auto
Pv,Pv08,6,700x,700,229,242,304,337,12,9,0.402,upright,auto
Pv,Pv08,7,669a,669,241,274,304,341,26,21,0.104,upright,auto
Pv,Pv08,8,081a,081,267,294,307,343,20,17,0.156,upright,auto
Pv,Pv08,9,020y.052,020,293,322,304,340,23,18,0.265,upright,auto
Pv,Pv08,10,675b,675,301,340,304,342,27,25,0.386,upright,auto
Pv,Pv08,11,004.064a,004,331,359,305,342,19,18,0.379,upright,auto
Pv,Pv08,12,004.064a,004,354,383,307,345,23,19,0.215,upright,auto
Pv,Pv08,13,010.006,010,378,406,308,347,28,18,0.154,upright,auto
Pv,Pv08,14,431g,431,405,439,310,347,25,22,0.211,upright,auto
Pv,Pv08,15,053ay,053,434,447,312,348,13,9,0.435,upright,auto
Pv,Pv08,16,381b,381,445,473,312,350,24,18,0.352,upright,auto
Pv,Pv08,17,053a,053,467,483,316,351,15,10,0.279,upright,auto
Pv,Pv08,18,381c,381,476,500,314,353,12,16,0.401,upright,auto
Pv,Pv08,19,053y,053,496,513,317,352,11,11,0.307,upright,auto
Pv,Pv08,20,016,016,510,521,316,353,11,7,0.285,upright,auto
Pv,Pv08,21,260.060a,260,513,562,318,355,37,31,0.301,upright,auto
Pv,Pv08,22,450,450,554,571,320,356,14,11,0.357,upright,auto
Pv,Pv08,23,209V,209,557,595,322,359,19,24,0.245,upright,auto
Pv,Pv08,24,030cx,030,590,617,337,371,18,17,0.271,upright,auto
Pv,Pv08,25,290,290,603,635,328,364,20,20,0.356,upright,auto
Pv,Pv08,26,256b,256,625,676,334,370,34,33,0.259,upright,auto
Pv,Pv08,27,046,046,670,687,339,374,13,11,0.452,upright,auto
Pv,Pv08,28,710b,710,690,703,344,380,11,9,0.517,upright,auto
Pv,Pv08,29,005j,005,705,722,344,378,16,11,0.585,upright,auto
Pv,Pv08,30,004.064a,004,721,748,355,390,24,17,0.478,upright,auto
Pv,Pv08,31,737a.052x,737,722,777,353,389,44,35,0.246,upright,auto
Pv,Pv08,32,464b,464,767,799,355,391,20,20,0.319,upright,auto
Pv,Pv08,33,381,381,795,823,353,389,25,17,0.447,upright,auto
Pv,Pv08,34,252ak,252,815,860,353,389,34,29,0.451,upright,auto
Pv,Pv08,35,002a,002,858,871,356,391,8,8,0.326,upright,auto
Pv,Pv08,36,599g,599,858,877,356,391,11,13,0.311,upright,auto
Pv,Pv08,37,077cy,077,876,887,357,393,8,7,0.073,upright,auto
Pv,Pv08,38,570,570,887,910,357,393,9,15,0.171,upright,auto
Pv,Pv08,39,055,055,912,929,370,405,8,11,0.348,upright,auto
Pv,Pv08,40,045,045,929,940,366,401,10,7,0.264,upright,auto
Pv,Pv08,41,280e,280,943,978,368,404,25,23,0.344,upright,auto
Pv,Pv08,42,606a.711,606,963,1028,370,406,25,40,0.196,upright,auto
Pv,Pv08,43,280,280,1003,1036,364,400,30,21,0.424,upright,auto
Pv,Pv08,44,606a.711,606,1034,1094,375,410,42,38,0.306,upright,auto
Pv,Pv08,45,280,280,1080,1108,375,411,24,18,0.312,upright,auto
Pv,Pv08,46,405.009j,405,1096,1156,370,406,48,37,0.319,upright,auto
Pv,Pv08,47,669,669,1139,1177,385,420,8,24,0.235,upright,auto
Pv,Pv08,48,048,048,1171,1183,390,424,9,8,0.244,upright,auto
Pv,Pv08,49,669y,669,1182,1211,376,416,18,19,0.261,upright,auto
Pv,Pv08,50,099b,099,1203,1230,368,408,13,17,0.271,upright,auto
Pv,Pv08,51,048a,048,1214,1227,369,408,9,9,0.474,upright,auto
Pv,Pv08,52,045b.277,045,1206,1266,370,410,45,38,0.298,upright,auto
Pv,Pv08,53,045b,045,1264,1277,372,412,12,9,0.226,upright,auto
Pv,Pv08,54,050,050,1281,1297,375,411,11,10,0.291,upright,auto
Pv,Pv08,55,504!.003a,504,1275,1330,375,413,36,34,0.312,upright,auto
Pv,Pv08,56,144f,144,1321,1350,380,415,18,19,0.392,upright,auto
Pv,Pv08,57,020.003a,020,1338,1365,379,418,23,17,0.253,upright,auto
Pv,Pv08,58,200,200,1362,1396,381,420,16,22,0.242,upright,auto
Pv,Pv08,59,006x.003a,006,1387,1415,382,422,14,18,0.358,upright,auto
Pv,Pv08,60,180f,180,1402,1462,384,424,35,38,0.315,upright,auto
Pv,Pv08,61,464c,464,1451,1489,387,426,23,24,0.401,upright,auto
Pv,Pv08,62,006.003a,006,1486,1518,389,426,24,20,0.345,upright,auto
Pv,Pv08,63,360.050,360,1507,1556,392,428,23,31,0.187,upright,auto
Pv,Pv08,64,360.244.711,360,1528,1619,394,433,51,57,0.262,upright,auto
Pv,Pv09,16,001.246,001,1727,1760,331,369,0,41,-1.0,flipped,auto
Pv,Pv09,17,004.381by,004,1693,1748,334,372,32,26,0.08,flipped,auto
Pv,Pv09,18,074y,074,1676,1694,324,360,13,9,0.25,flipped,auto
Pv,Pv09,19,431g,431,1639,1690,333,371,37,24,0.37,flipped,auto
Pv,Pv09,20,280j,280,1609,1652,336,374,20,20,0.175,flipped,auto
Pv,Pv09,21,079,079,1593,1616,346,381,4,11,0.265,flipped,auto
Pv,Pv09,22,001.600a,001,1546,1610,357,394,38,29,0.313,flipped,auto
Pv,Pv09,23,002a.010.245,002,1462,1560,352,390,51,45,0.228,flipped,auto
Pv,Pv09,24,079,079,1462,1486,355,393,16,12,0.354,flipped,auto
Pv,Pv09,25,001.600a,001,1408,1467,346,383,33,27,0.341,flipped,auto
Pv,Pv09,26,133,133,1391,1430,346,378,13,18,0.453,flipped,auto
Pv,Pv09,27,002a.010.244.013hy,002,1293,1401,347,384,62,50,0.218,flipped,auto
Pv,Pv09,28,004,004,1292,1308,350,387,11,7,0.516,flipped,auto
Pv,Pv09,29,004,004,1278,1294,352,388,13,7,0.427,flipped,auto
Pv,Pv09,30,079,079,1255,1278,352,389,13,11,0.177,flipped,auto
Pv,Pv09,31,001.600a,001,1199,1260,352,391,41,29,0.26,flipped,auto
Pv,Pv09,32,381ay.002a.010,381,1136,1227,355,394,54,42,0.216,flipped,auto
Pv,Pv09,33,106,106,1133,1155,373,406,18,10,0.417,flipped,auto
Pv,Pv09,34,450,450,1119,1143,371,406,9,12,0.414,flipped,auto
Pv,Pv09,35,280,280,1068,1116,368,405,32,22,0.277,flipped,auto
Pv,Pv09,36,450,450,1047,1075,365,401,23,13,0.298,flipped,auto
Pv,Pv09,37,010.002a,010,1015,1053,374,411,32,17,0.384,flipped,auto
Pv,Pv09,38,326a,326,970,1040,368,405,54,32,0.311,flipped,auto
Pv,Pv09,39,067,067,956,978,384,419,18,10,0.21,flipped,auto
Pv,Pv09,40,710bf,710,941,959,387,423,13,9,0.443,flipped,auto
Pv,Pv09,41,710bf,710,924,941,387,424,15,8,0.454,flipped,auto
Pv,Pv09,42,084,084,897,931,386,423,29,16,0.478,flipped,auto
Pv,Pv09,43,001,001,891,903,383,421,8,6,0.507,flipped,auto
Pv,Pv09,44,084,084,860,903,381,418,28,20,0.509,flipped,auto
Pv,Pv09,45,326a,326,817,882,385,421,49,30,0.425,flipped,auto
Pv,Pv09,46,734a.074,734,766,838,380,417,41,34,0.229,flipped,auto
Pv,Pv09,47,254c,254,714,789,384,421,41,34,0.134,flipped,auto
Pv,Pv09,48,604s,604,662,732,404,431,70,32,0.316,flipped,auto
Pv,Pv09,49,290,290,622,673,404,427,51,24,0.425,flipped,auto
Pv,Pv09,50,048.064a,048,607,642,409,429,35,17,0.532,flipped,auto
Pv,Pv10,28,011.010,011,740,768,465,472,0,16,-1.0,upright,auto
Pv,Pv10,29,070a,070,760,799,456,472,0,22,-1.0,upright,auto
Pv,Pv10,30,670b,670,791,819,449,472,0,16,-1.0,upright,auto
Pv,Pv10,31,011.010,011,816,845,443,472,0,17,-0.316,upright,auto
Pv,Pv10,32,730,730,842,854,439,472,0,7,-0.169,upright,auto
Pv,Pv10,33,001,001,847,879,435,472,0,18,0.193,upright,auto
Pv,Pv10,34,730y,730,878,890,423,443,12,7,0.323,upright,auto
Pv,Pv10,35,001,001,890,907,423,443,17,10,0.341,upright,auto
Pv,Pv10,36,040c,040,897,910,425,444,13,8,0.267,upright,auto
Pv,Pv10,37,098,098,905,933,426,444,28,16,0.284,upright,auto
Pv,Pv10,38,011.010,011,931,944,425,444,13,8,0.324,upright,auto
Pv,Pv10,39,022bfy,022,958,971,407,443,13,8,0.258,upright,auto
Pv,Pv10,40,022bfy,022,974,997,427,445,23,14,0.243,upright,auto
Pv,Pv10,41,011.010,011,993,1058,404,444,65,36,0.253,upright,auto
Pv,Pv10,42,356c.076,356,1034,1053,421,446,19,11,0.456,upright,auto
Pv,Pv10,43,017,017,1050,1067,422,446,17,10,0.368,upright,auto
Pv,Pv10,44,019a,019,1060,1089,413,446,29,16,0.257,upright,auto
Pv,Pv10,45,001.010,001,1084,1132,413,445,48,27,0.476,upright,auto
Pv,Pv10,46,309,309,1125,1147,421,445,22,12,0.522,upright,auto
Pv,Pv10,47,054!,054,1127,1161,406,443,34,19,0.411,upright,auto
Pv,Pv10,48,380y!,380,1155,1163,423,449,8,5,0.452,upright,auto
Pv,Pv10,49,054!,054,1160,1173,429,449,13,8,0.483,upright,auto
Pv,Pv10,50,401y!,401,1178,1223,415,451,33,26,0.477,upright,auto
Pv,Pv10,51,011.010,011,1226,1253,414,451,27,15,0.43,upright,auto
Pv,Pv10,52,048,048,1249,1265,414,450,16,9,0.379,upright,auto
Pv,Pv10,53,017,017,1265,1281,412,451,13,9,0.429,upright,auto
Pv,Pv10,54,011.010,011,1268,1296,413,438,7,16,0.357,upright,auto
Pv,Pv10,55,230iy!,230,1297,1335,422,454,38,21,0.344,upright,auto
Qv,Qv01,0,600.032a,600,0,65,85,130,0,29,0.0,upright,auto
Qv,Qv01,1,067,067,56,90,85,130,0,14,0.0,upright,auto
Qv,Qv01,2,600,600,80,144,85,129,0,25,0.0,upright,auto
Qv,Qv01,3,600,600,125,185,85,130,0,24,0.0,upright,auto
Qv,Qv01,4,004.600,004,166,238,85,129,0,29,0.0,upright,auto
Qv,Qv01,5,260b!,260,222,257,93,130,0,14,0.0,upright,auto
Qv,Qv01,6,001,001,260,273,85,130,0,6,0.0,upright,auto
Qv,Qv01,7,710,710,272,294,85,129,0,9,0.0,upright,auto
Qv,Qv01,8,300!.710,300,281,358,85,130,0,31,0.0,upright,auto
Qv,Qv01,9,600,600,340,391,85,132,0,21,0.0,upright,auto
Qv,Qv01,10,360!,360,381,429,85,132,0,19,0.0,upright,auto
Qv,Qv01,11,602s!,602,413,494,87,130,0,32,0.0,upright,auto
Qv,Qv01,12,360!,360,471,530,95,129,0,23,0.0,upright,auto
Qv,Qv01,13,600!,600,512,573,98,129,0,24,0.0,upright,auto
Qv,Qv01,14,600!.001!,600,556,620,101,130,0,25,0.0,upright,auto
Qv,Qv01,15,600!,600,602,656,100,130,0,21,0.0,upright,auto
Qv,Qv01,16,097!,097,644,687,104,129,0,17,0.0,upright,auto
Qv,Qv01,17,067,067,678,710,88,129,0,13,0.0,upright,auto
Qv,Qv01,18,710f,710,704,732,90,129,0,11,0.0,upright,auto
Qv,Qv01,19,710f,710,725,752,90,129,0,11,0.0,upright,auto
Qv,Qv01,20,739c,739,743,781,88,129,0,15,0.0,upright,auto
Qv,Qv01,21,710f,710,775,799,88,127,0,10,0.0,upright,auto
Qv,Qv01,22,020Va,020,799,821,90,129,0,9,0.0,upright,auto
Qv,Qv01,23,710f,710,818,842,92,132,0,10,0.0,upright,auto
Qv,Qv01,24,020y,020,838,861,93,132,0,9,0.0,upright,auto
Qv,Qv01,25,710f,710,858,887,87,132,0,12,0.0,upright,auto
Qv,Qv01,26,001,001,888,901,85,132,0,6,0.0,upright,auto
Qv,Qv01,27,710f,710,897,929,85,130,0,13,0.0,upright,auto
Qv,Qv01,28,090fj,090,920,955,87,130,0,14,0.0,upright,auto
Qv,Qv01,29,710f,710,944,973,87,132,0,12,0.0,upright,auto
Qv,Qv01,30,020ay,020,966,993,85,130,0,11,0.0,upright,auto
Qv,Qv01,31,710,710,991,1015,87,132,0,10,0.0,upright,auto
Qv,Qv01,32,710.062,710,1005,1060,87,132,0,22,0.0,upright,auto
Qv,Qv01,33,710f,710,1048,1077,85,132,0,12,0.0,upright,auto
Qv,Qv01,34,755a,755,1071,1114,85,132,0,17,0.0,upright,auto
Qv,Qv01,35,050b,050,1106,1130,85,130,0,10,0.0,upright,auto
Qv,Qv01,36,050b,050,1129,1151,85,130,0,9,0.0,upright,auto
Qv,Qv01,37,280b,280,1145,1200,85,132,0,22,0.0,upright,auto
Qv,Qv01,38,607,607,1180,1260,85,130,0,32,0.0,upright,auto
Qv,Qv01,39,067!,067,1242,1277,88,132,0,14,0.0,upright,auto
Qv,Qv01,40,011,011,1276,1293,87,132,0,7,0.0,upright,auto
Qv,Qv01,41,200!,200,1278,1386,90,132,0,43,0.0,upright,auto
Qv,Qv01,42,141!.245,141,1357,1491,111,123,0,53,0.277,upright,auto
Qv,Qv01,43,001,001,1472,1488,92,137,16,6,0.398,upright,auto
Qv,Qv01,44,045.010,045,1471,1511,87,132,40,16,0.36,upright,auto
Qv,Qv01,45,664,664,1495,1562,82,129,60,27,0.441,upright,auto
Qv,Qv01,46,693?.064ax?,693,1530,1627,71,115,67,38,0.469,upright,auto
Qv,Qv02,26,600.004,600,1811,1824,133,176,0,21,-1.0,flipped,auto
Qv,Qv02,27,007.003a,007,1758,1824,133,180,46,30,0.169,flipped,auto
Qv,Qv02,28,034!,034,1705,1761,117,164,46,23,0.376,flipped,auto
Qv,Qv02,29,320.011,320,1668,1722,133,176,54,21,0.347,flipped,auto
Qv,Qv02,30,091,091,1625,1702,131,178,64,31,0.555,flipped,auto
Qv,Qv02,31,005j,005,1596,1640,134,181,38,18,0.424,flipped,auto
Qv,Qv02,32,005j.062,005,1571,1605,144,189,27,14,0.428,flipped,auto
Qv,Qv02,33,144b,144,1521,1581,142,189,39,24,0.189,flipped,auto
Qv,Qv02,34,005j,005,1510,1553,138,176,7,17,0.218,flipped,auto
Qv,Qv02,35,200j,200,1488,1521,128,172,24,13,0.261,flipped,auto
Qv,Qv02,36,200,200,1425,1490,123,170,61,26,0.292,flipped,auto
Qv,Qv02,37,710b,710,1386,1441,139,186,55,22,0.309,flipped,auto
Qv,Qv02,38,755,755,1381,1405,144,189,24,10,0.318,flipped,auto
Qv,Qv02,39,090,090,1355,1399,147,196,44,18,0.245,flipped,auto
Qv,Qv02,40,540y.450,540,1329,1367,153,196,38,15,0.402,flipped,auto
Qv,Qv02,41,021V:042t,021,1268,1348,149,196,0,31,0.232,flipped,auto
Qv,Qv02,42,069,069,1234,1294,150,194,0,24,0.003,flipped,auto
Qv,Qv02,43,062y.009.061!,062,1182,1254,150,196,0,29,0.0,flipped,auto
Qv,Qv02,44,009c.061,009,1151,1202,149,196,0,21,0.0,flipped,auto
Qv,Qv02,45,710b,710,1139,1166,152,196,0,11,0.0,flipped,auto
Qv,Qv02,46,739c.064.003a,739,1083,1155,150,196,0,29,0.0,flipped,auto
Qv,Qv03,0,009!,009,0,-75,19,60,0,13,0.484,upright,auto
Qv,Qv03,1,208!,208,0,-32,39,85,0,26,0.408,upright,auto
Qv,Qv03,2,020!,020,0,-12,64,108,0,16,-1.0,upright,auto
Qv,Qv03,3,004!,004,0,2,79,124,0,8,-1.0,upright,auto
Qv,Qv03,4,021Va,021,3,20,92,137,0,9,0.0,upright,auto
Qv,Qv03,5,020b?,020,18,34,103,143,0,8,0.0,upright,auto
Qv,Qv03,6,280?,280,27,70,116,161,0,22,0.0,upright,auto
Qv,Qv03,7,021e,021,63,80,130,172,0,9,0.0,upright,auto
Qv,Qv03,8,027,027,67,139,146,191,0,38,0.0,upright,auto
Qv,Qv03,9,600,600,119,169,165,210,0,27,0.0,upright,auto
Qv,Qv03,10,209d,209,145,236,182,227,0,47,0.0,upright,auto
Qv,Qv03,11,600,600,217,234,194,239,10,9,0.003,upright,auto
Qv,Qv03,12,209b,209,223,239,230,259,16,8,0.351,upright,auto
Qv,Qv03,13,048a,048,223,241,231,275,18,10,0.539,upright,auto
Qv,Qv03,14,021e,021,242,274,231,275,31,16,0.601,upright,auto
Qv,Qv03,15,048a,048,259,277,230,273,16,10,0.544,upright,auto
Qv,Qv03,16,739c,739,279,295,230,272,16,8,0.471,upright,auto
Qv,Qv03,17,020,020,302,315,230,269,13,7,0.521,upright,auto
Qv,Qv03,18,048a,048,329,347,230,270,18,10,0.563,upright,auto
Qv,Qv03,19,001,001,345,364,235,270,19,10,0.627,upright,auto
Qv,Qv03,20,053a,053,347,380,231,272,33,18,0.673,upright,auto
Qv,Qv03,21,360!.040,360,360,420,231,271,60,31,0.636,upright,auto
Qv,Qv03,22,360.040,360,387,421,231,274,34,18,0.479,upright,auto
Qv,Qv03,23,430d,430,408,436,232,277,28,15,0.465,upright,auto
Qv,Qv03,24,097,097,421,482,234,270,51,32,0.379,upright,auto
Qv,Qv03,25,300.117h.003a,300,458,535,212,257,42,40,0.198,upright,auto
Qv,Qv03,26,028x.095j,028,525,536,197,246,0,6,0.0,upright,auto
Qv,Qv03,27,073f,073,528,576,188,235,0,24,0.0,upright,auto
Qv,Qv03,28,001,001,568,581,174,224,0,7,0.0,upright,auto
Qv,Qv03,29,057c,057,577,601,167,217,0,13,0.0,upright,auto
Qv,Qv03,30,001,001,579,697,139,189,0,61,0.0,upright,auto
Qv,Qv03,31,069b!,069,661,758,89,137,0,50,0.0,upright,auto
Qv,Qv03,32,2)!,2),741,754,59,106,0,8,0.0,upright,auto
Qv,Qv03,33,607.074f,607,751,778,44,93,0,14,0.0,upright,auto
Qv,Qv03,34,069.010.578a,069,773,801,26,73,0,15,0.0,upright,auto
Qv,Qv03,35,004,004,795,822,6,54,0,14,0.0,upright,auto
Qv,Qv03,36,069b,069,820,836,0,35,0,9,-1.0,upright,auto
Qv,Qv03,37,070,070,835,867,0,11,0,17,-1.0,upright,auto
Qv,Qv03,38,007,007,860,900,0,-20,40,21,-1.0,upright,auto
Qv,Qv03,39,021e,021,910,927,0,-48,17,9,0.508,upright,auto
Qv,Qv03,40,093j,093,918,962,0,-73,44,23,0.423,upright,auto
Qv,Qv03,41,381d,381,950,969,0,-99,19,10,0.464,upright,auto
Qv,Qv03,42,045!,045,960,1005,0,-128,38,24,0.506,upright,auto
Qv,Qv03,43,685a!,685,991,1008,0,-161,17,9,0.55,upright,auto
Qv,Qv03,44,060a,060,1011,1056,0,-198,45,24,0.518,upright,auto
Qv,Qv03,45,301,301,1060,1072,0,-235,12,7,0.539,upright,auto
Qv,Qv03,46,060a,060,1054,1071,0,-250,17,9,0.508,upright,auto
Qv,Qv03,47,040c.003a,040,1065,1105,0,-282,0,22,0.0,upright,auto
Qv,Qv03,48,025,025,1105,1111,0,-341,0,4,0.0,upright,auto
Qv,Qv03,49,300!,300,1115,1118,0,-361,0,2,0.0,upright,auto
Qv,Qv04,0,002d,002,834,857,263,307,21,10,0.098,flipped,auto
Qv,Qv04,1,670d,670,798,857,282,324,47,23,0.308,flipped,auto
Qv,Qv04,2,445y,445,766,809,277,322,33,17,0.47,flipped,auto
Qv,Qv04,3,011,011,755,772,277,321,17,7,0.5,flipped,auto
Qv,Qv04,4,030c,030,720,765,274,316,32,18,0.345,flipped,auto
Qv,Qv04,5,030c,030,674,717,269,308,43,17,0.368,flipped,auto
Qv,Qv04,6,002Vd,002,626,665,263,308,39,16,0.41,flipped,auto
Qv,Qv04,7,430y!,430,606,649,261,307,37,17,0.464,flipped,auto
Qv,Qv04,8,030dx,030,571,627,260,302,52,23,0.424,flipped,auto
Qv,Qv04,9,044ay,044,566,588,268,313,21,9,0.344,flipped,auto
Qv,Qv04,10,048a.008,048,488,559,266,311,51,28,0.336,flipped,auto
Qv,Qv04,11,206,206,397,521,261,307,78,49,0.273,flipped,auto
Qv,Qv04,12,430c,430,378,428,261,307,34,20,0.056,flipped,auto
Qv,Qv04,13,600,600,348,386,265,308,32,15,0.224,flipped,auto
Qv,Qv04,14,027,027,331,355,265,308,21,10,0.384,flipped,auto
Qv,Qv04,15,700,700,317,330,261,308,13,6,0.291,flipped,auto
Qv,Qv04,16,011,011,226,351,260,307,82,50,0.352,flipped,auto
Qv,Qv04,17,078y.308.034!,078,227,246,263,307,19,8,0.423,flipped,auto
Qv,Qv04,18,021e!,021,208,227,261,305,19,8,0.249,flipped,auto
Qv,Qv04,19,021e!,021,117,220,261,308,90,41,0.182,flipped,auto
Qv,Qv04,20,380.020b.385y,380,53,136,250,295,83,33,0.339,flipped,auto
Qv,Qv04,21,205y!.001,205,28,73,258,303,35,18,0.392,flipped,auto
Qv,Qv04,22,381.065,381,17,39,263,307,22,9,0.425,flipped,auto
Qv,Qv04,23,021t,021,16,33,276,295,16,7,0.496,flipped,auto
Qv,Qv04,24,094ak,094,0,26,274,315,0,16,-1.0,flipped,auto
Qv,Qv04,25,301sx!.048a.008,301,0,16,274,319,0,56,-1.0,flipped,auto
Qv,Qv04,26,200!,200,0,-72,279,324,0,21,0.563,flipped,auto
Qv,Qv04,27,600!,600,0,-111,279,324,0,14,0.479,flipped,auto
Qv,Qv04,28,610a!,610,0,-133,280,326,0,18,0.582,flipped,auto
Qv,Qv04,29,027,027,0,-170,271,316,0,14,0.604,flipped,auto
Qv,Qv04,30,700,700,0,-199,277,322,0,9,0.522,flipped,auto
Qv,Qv04,31,011,011,0,-225,277,324,0,6,0.573,flipped,auto
Qv,Qv04,32,044a,044,0,-240,279,324,0,7,0.561,flipped,auto
Qv,Qv04,33,308,308,0,-246,277,324,0,28,0.484,flipped,auto
Qv,Qv04,34,034d,034,0,-299,274,319,0,21,0.58,flipped,auto
Qv,Qv04,35,306.003a,306,0,-331,277,324,0,35,0.527,flipped,auto
Qv,Qv04,36,028x.095j,028,0,-394,261,307,0,31,0.457,flipped,auto
Qv,Qv04,37,073af,073,0,-458,260,305,0,12,0.48,flipped,auto
Qv,Qv04,38,001,001,0,-487,245,294,0,6,0.49,flipped,auto
Qv,Qv04,39,380.001,380,0,-494,245,292,0,25,0.572,flipped,auto
Qv,Qv04,40,8)!,8),0,-496,245,294,0,114,0.355,flipped,auto
Qv,Qv05,0,5)!,5),97,276,330,380,118,71,0.169,upright,auto
Qv,Qv05,1,421d,421,236,291,325,372,38,22,0.437,upright,auto
Qv,Qv05,2,095d,095,280,329,333,376,49,20,0.324,upright,auto
Qv,Qv05,3,087.062,087,322,382,333,381,55,24,0.35,upright,auto
Qv,Qv05,4,200.700.061,200,359,466,347,394,71,42,0.34,upright,auto
Qv,Qv05,5,739d,739,445,480,347,394,26,15,0.381,upright,auto
Qv,Qv05,6,040,040,460,479,347,392,18,8,0.394,upright,auto
Qv,Qv05,7,140,140,456,488,347,395,29,13,0.327,upright,auto
Qv,Qv05,8,316bs,316,479,623,347,394,97,57,0.251,upright,auto
Qv,Qv05,9,301,301,587,637,344,389,42,20,0.293,upright,auto
Qv,Qv05,10,004.064a,004,624,672,349,394,38,19,0.356,upright,auto
Qv,Qv05,11,004.064a,004,646,707,349,394,42,25,0.306,upright,auto
Qv,Qv05,12,209b,209,702,751,339,384,36,20,0.214,upright,auto
Qv,Qv05,13,081,081,735,758,341,376,13,9,0.22,upright,auto
Qv,Qv05,14,050,050,729,884,339,376,99,61,0.154,upright,auto
Qv,Qv05,15,450.052!.240!.069h!,450,863,913,347,391,32,20,0.295,upright,auto
Qv,Qv05,16,034d!,034,921,950,345,391,22,12,0.276,upright,auto
Qv,Qv05,17,027!.290!,027,924,979,342,387,37,22,0.282,upright,auto
Qv,Qv05,18,081a!,081,971,1014,341,376,17,17,0.268,upright,auto
Qv,Qv05,19,050!,050,1003,1027,334,376,22,10,0.278,upright,auto
Qv,Qv05,20,450!,450,1023,1052,333,378,25,12,0.326,upright,auto
Qv,Qv05,21,060a,060,1049,1073,331,376,24,10,0.142,upright,auto
Qv,Qv05,22,300.736!,300,1033,1140,345,391,83,42,0.273,upright,auto
Qv,Qv05,23,209ak,209,1127,1182,345,391,46,22,0.414,upright,auto
Qv,Qv05,24,736s,736,1157,1218,345,391,56,25,0.271,upright,auto
Qv,Qv05,25,067.010,067,1200,1255,345,391,43,22,0.176,upright,auto
Qv,Qv05,26,260,260,1244,1288,345,391,33,18,0.436,upright,auto
Qv,Qv05,27,067.010,067,1263,1313,347,389,39,20,0.33,upright,auto
Qv,Qv05,28,067.010.062,067,1310,1380,345,391,38,28,0.359,upright,auto
Qv,Qv05,29,008,008,1355,1399,349,392,38,18,0.396,upright,auto
Qv,Qv05,30,360,360,1374,1422,345,389,48,19,0.281,upright,auto
Qv,Qv05,31,330,330,1407,1462,349,392,21,22,0.169,upright,auto
Qv,Qv05,32,260,260,1458,1501,347,392,29,17,0.223,upright,auto
Qv,Qv05,33,280,280,1492,1547,331,376,43,22,0.498,upright,auto
Qv,Qv05,34,260,260,1531,1579,325,368,31,19,0.536,upright,auto
Qv,Qv05,35,466!,466,1545,1604,322,365,14,23,0.298,upright,auto
Qv,Qv05,36,2)!,2),1574,1665,318,365,0,36,0.101,upright,auto
Qv,Qv05,37,260,260,1642,1691,318,364,0,19,0.0,upright,auto
Qv,Qv05,38,067,067,1682,1715,318,364,0,13,0.0,upright,auto
Qv,Qv05,39,260,260,1704,1752,318,364,0,19,0.0,upright,auto
Qv,Qv06,0,8)!,8),1463,1690,393,443,0,90,0.054,flipped,auto
Qv,Qv06,1,670,670,1446,1497,395,435,8,21,0.293,flipped,auto
Qv,Qv06,2,081,081,1412,1461,403,445,39,19,0.342,flipped,auto
Qv,Qv06,3,083.069b,083,1384,1419,410,457,35,15,0.376,flipped,auto
Qv,Qv06,4,344d,344,1356,1411,412,456,51,22,0.332,flipped,auto
Qv,Qv06,5,048f.062,048,1332,1371,412,457,39,16,0.297,flipped,auto
Qv,Qv06,6,044ax,044,1285,1344,410,457,35,23,0.19,flipped,auto
Qv,Qv06,7,451,451,1206,1299,409,456,49,37,0.286,flipped,auto
Qv,Qv06,8,021h,021,1196,1241,410,456,38,18,0.305,flipped,auto
Qv,Qv06,9,304.346a,304,1165,1183,406,453,18,8,0.315,flipped,auto
Qv,Qv06,10,734as,734,1002,1200,406,454,144,78,0.21,flipped,auto
Qv,Qv06,11,093,093,981,1048,396,441,53,27,0.297,flipped,auto
Qv,Qv06,12,254d,254,905,1030,396,441,79,50,0.351,flipped,auto
Qv,Qv06,13,200.222!,200,839,951,398,445,71,44,0.292,flipped,auto
Qv,Qv06,14,254ck!,254,821,860,393,437,29,16,0.4,flipped,auto
Qv,Qv06,15,301,301,761,833,395,438,49,29,0.372,flipped,auto
Qv,Qv06,16,600,600,719,780,398,435,39,25,0.445,flipped,auto
Qv,Qv06,17,015a,015,693,749,385,432,45,23,0.346,flipped,auto
Qv,Qv06,18,301,301,661,685,391,437,24,10,0.363,flipped,auto
Qv,Qv06,19,600,600,559,683,390,440,99,49,0.15,flipped,auto
Qv,Qv06,20,200.001,200,522,599,393,441,51,31,0.206,flipped,auto
Qv,Qv06,21,600,600,487,541,393,441,45,22,0.164,flipped,auto
Qv,Qv06,22,200.063,200,360,523,401,443,111,65,0.186,flipped,auto
Qv,Qv06,23,346c,346,325,381,409,456,56,23,0.272,flipped,auto
Qv,Qv06,24,305a,305,292,336,406,454,44,18,0.338,flipped,auto
Qv,Qv06,25,001.052,001,264,302,398,445,38,15,0.331,flipped,auto
Qv,Qv06,26,430y,430,244,283,398,446,39,16,0.204,flipped,auto
Qv,Qv06,27,020b.010,020,205,249,385,430,33,18,0.351,flipped,auto
Qv,Qv06,28,002a.010,002,165,215,383,430,50,20,0.109,flipped,auto
Qv,Qv06,29,144f,144,166,174,388,405,8,4,0.334,flipped,auto
Qv,Qv07,0,020.010,020,0,-158,389,441,0,48,0.435,upright,auto
Qv,Qv07,1,002a.010,002,0,-136,395,442,0,20,0.625,upright,auto
Qv,Qv07,2,144f,144,0,-102,411,458,0,19,0.538,upright,auto
Qv,Qv07,3,591,591,0,-72,411,459,0,19,0.483,upright,auto
Qv,Qv07,4,117afx,117,0,-42,413,461,0,16,0.621,upright,auto
Qv,Qv07,5,700cx,700,0,-23,415,462,0,11,-1.0,upright,auto
Qv,Qv07,6,081,081,0,-4,417,463,0,10,-1.0,upright,auto
Qv,Qv07,7,589,589,0,33,418,466,0,19,-1.0,upright,auto
Qv,Qv07,8,031d,031,10,119,420,469,0,52,-0.097,upright,auto
Qv,Qv07,9,571c,571,98,142,425,471,29,21,0.144,upright,auto
Qv,Qv07,10,380a.126b,380,115,251,428,460,105,64,0.112,upright,auto
Qv,Qv07,11,300.730,300,218,273,413,462,43,26,0.291,upright,auto
Qv,Qv07,12,209ak,209,254,337,405,453,83,40,0.435,upright,auto
Qv,Qv07,13,300.730?,300,319,352,408,457,33,16,0.419,upright,auto
Qv,Qv07,14,084,084,342,382,419,464,40,20,0.597,upright,auto
Qv,Qv07,15,034d,034,378,397,422,470,19,10,0.491,upright,auto
Qv,Qv07,16,710,710,378,480,421,469,97,48,0.414,upright,auto
Qv,Qv07,17,204i!,204,460,494,431,457,16,16,0.464,upright,auto
Qv,Qv07,18,755b,755,491,519,445,471,28,14,0.487,upright,auto
Qv,Qv07,19,755b,755,513,552,437,474,33,19,0.61,upright,auto
Qv,Qv07,20,006.074af,006,546,580,427,476,29,17,0.568,upright,auto
Qv,Qv07,21,205i,205,573,616,432,481,35,20,0.607,upright,auto
Qv,Qv07,22,375a!,375,592,648,432,481,53,27,0.509,upright,auto
Qv,Qv07,23,008,008,606,720,435,482,60,54,0.391,upright,auto
Qv,Qv07,24,430,430,689,724,438,486,34,17,0.539,upright,auto
Qv,Qv07,25,002c.010,002,721,766,441,489,45,22,0.511,upright,auto
Qv,Qv07,26,002d.010,002,768,812,444,491,42,21,0.45,upright,auto
Qv,Qv07,27,144f,144,790,829,462,509,33,19,0.288,upright,auto
Qv,Qv07,28,026x,026,819,858,463,510,39,19,0.328,upright,auto
Qv,Qv07,29,006,006,851,879,465,511,28,13,0.31,upright,auto
Qv,Qv07,30,700x,700,878,900,466,511,22,11,0.373,upright,auto
Qv,Qv07,31,008,008,898,938,469,514,29,19,0.423,upright,auto
Qv,Qv07,32,670!,670,941,990,472,515,45,23,0.384,upright,auto
Qv,Qv07,33,10)!,10),940,1186,472,522,186,115,0.096,upright,auto
Qv,Qv08,0,3)!,3),1221,1266,485,516,42,18,0.379,flipped,auto
Qv,Qv08,1,400!,400,1184,1235,491,532,36,21,0.486,flipped,auto
Qv,Qv08,2,072a,072,1166,1193,493,535,27,11,0.43,flipped,auto
Qv,Qv08,3,002d,002,1153,1166,499,529,13,6,0.372,flipped,auto
Qv,Qv08,4,003a,003,1118,1161,495,538,43,17,0.32,flipped,auto
Qv,Qv08,5,072a,072,1102,1131,495,537,29,12,0.314,flipped,auto
Qv,Qv08,6,002d,002,1063,1107,495,540,44,18,0.189,flipped,auto
Qv,Qv08,7,430,430,1014,1064,483,530,31,20,0.26,flipped,auto
Qv,Qv08,8,072a,072,1007,1035,499,545,28,11,0.288,flipped,auto
Qv,Qv08,9,002d,002,937,1002,482,530,55,26,0.303,flipped,auto
Qv,Qv08,10,200,200,930,954,482,529,24,10,0.437,flipped,auto
Qv,Qv08,11,045,045,908,926,483,525,18,8,0.421,flipped,auto
Qv,Qv08,12,004,004,886,908,482,525,22,9,0.336,flipped,auto
Qv,Qv08,13,045,045,847,902,482,522,55,22,0.238,flipped,auto
Qv,Qv08,14,001.052,001,834,857,482,527,21,10,0.321,flipped,auto
Qv,Qv08,15,045,045,816,833,482,516,17,7,0.402,flipped,auto
Qv,Qv08,16,004,004,731,827,480,530,64,38,0.241,flipped,auto
Qv,Qv08,17,200.132,200,727,744,493,540,13,7,0.397,flipped,auto
Qv,Qv08,18,001,001,633,726,496,540,91,37,0.418,flipped,auto
Qv,Qv08,19,200.132a,200,572,680,495,530,108,43,0.553,flipped,auto
Qv,Qv08,20,001.240.132a,001,593,609,493,527,16,6,0.473,flipped,auto
Qv,Qv08,21,022bf,022,570,593,488,525,23,9,0.404,flipped,auto
Qv,Qv08,22,200.132a,200,482,570,480,529,88,35,0.343,flipped,auto
Qv,Qv08,23,022bfy,022,473,490,482,527,17,7,0.412,flipped,auto
Qv,Qv08,24,255!,255,405,485,480,524,80,31,0.394,flipped,auto
Qv,Qv08,25,004,004,414,433,485,525,19,8,0.299,flipped,auto
Qv,Qv08,26,045,045,393,415,483,522,22,9,0.347,flipped,auto
Qv,Qv08,27,711V,711,363,406,483,516,18,17,0.43,flipped,auto
Qv,Qv08,28,540V,540,316,383,480,513,34,27,0.319,flipped,auto
Qv,Qv08,29,045,045,305,322,482,527,4,7,0.073,flipped,auto
Qv,Qv08,30,711V,711,270,313,480,519,0,17,0.195,flipped,auto
Qv,Qv08,31,381y!.042,381,234,285,480,527,0,21,0.157,flipped,auto
Qv,Qv08,32,205,205,189,253,480,527,0,25,0.137,flipped,auto
Qv,Qv08,33,008!,008,158,209,482,527,0,21,0.102,flipped,auto
Qv,Qv08,34,6)!,6),124,167,480,503,0,17,0.249,flipped,auto
Ra,Ra01,0,002,002,0,321,674,757,154,83,-1.0,upright,auto
Ra,Ra01,1,306.003,306,197,240,688,770,43,8,0.46,upright,auto
Ra,Ra01,2,060,060,221,356,688,764,129,25,0.474,upright,auto
Ra,Ra01,3,280,280,334,377,688,767,43,8,0.438,upright,auto
Ra,Ra01,4,301,301,395,476,678,757,81,15,0.616,upright,auto
Ra,Ra01,5,020,020,456,521,681,757,65,12,0.601,upright,auto
Ra,Ra01,6,020V,020,538,565,674,719,27,5,0.556,upright,auto
Ra,Ra01,7,048,048,528,572,667,743,44,8,0.445,upright,auto
Ra,Ra01,8,049f,049,599,634,661,740,35,7,0.526,upright,auto
Ra,Ra01,9,200.200.200.200,200,634,677,661,733,43,8,0.512,upright,auto
Ra,Ra01,10,002,002,669,728,667,740,59,11,0.381,upright,auto
Ra,Ra01,11,207,207,674,904,654,736,230,42,0.292,upright,auto
Ra,Ra01,12,005,005,867,905,654,716,38,7,0.391,upright,auto
Ra,Ra01,13,004,004,842,1053,654,712,211,39,0.42,upright,auto
Ra,Ra01,14,008,008,1012,1099,654,709,87,16,0.495,upright,auto
Ra,Ra01,15,048,048,1106,1144,647,709,38,7,0.578,upright,auto
Ra,Ra01,16,008,008,1131,1202,657,709,71,13,0.42,upright,auto
Ra,Ra01,17,493?,493,1173,1314,650,706,141,26,0.431,upright,auto
Ra,Ra01,18,025,025,1287,1325,654,702,38,7,0.606,upright,auto
Ra,Ra01,19,226,226,1316,1348,650,702,32,6,0.566,upright,auto
Ra,Ra01,20,008,008,1275,1542,650,699,214,49,0.416,upright,auto
Ra,Ra01,21,001?,001,1469,1594,657,695,102,23,0.596,upright,auto
Ra,Ra02,16,200.047,200,1868,1931,606,675,0,27,-1.0,flipped,auto
Ra,Ra02,17,069,069,1777,1918,606,688,36,26,0.199,flipped,auto
Ra,Ra02,18,207,207,1738,1776,609,685,38,7,0.569,flipped,auto
Ra,Ra02,19,022h,022,1652,1766,603,685,88,21,0.489,flipped,auto
Ra,Ra02,20,207,207,1576,1679,633,692,103,19,0.403,flipped,auto
Ra,Ra02,21,022h,022,1478,1613,613,688,111,25,0.44,flipped,auto
Ra,Ra02,22,226,226,1440,1559,616,692,93,22,0.525,flipped,auto
Ra,Ra02,23,232,232,1409,1453,616,695,44,8,0.659,flipped,auto
Ra,Ra02,24,302s,302,1357,1427,616,699,70,13,0.597,flipped,auto
Ra,Ra02,25,600,600,1350,1399,613,695,49,9,0.49,flipped,auto
Ra,Ra02,26,200?,200,1252,1409,613,695,157,29,0.47,flipped,auto
Ra,Ra03,0,044.430,044,166,247,495,574,65,15,0.404,upright,auto
Ra,Ra03,1,044.430y,044,211,325,483,569,114,21,0.357,upright,auto
Ra,Ra03,2,036,036,254,357,497,583,103,19,0.387,upright,auto
Ra,Ra03,3,004,004,318,410,494,577,75,17,0.414,upright,auto
Ra,Ra03,4,410,410,363,525,491,577,104,30,0.46,upright,auto
Ra,Ra03,5,004.064,004,470,551,457,539,63,15,0.361,upright,auto
Ra,Ra03,6,153.077,153,535,670,454,543,91,25,0.481,upright,auto
Ra,Ra03,7,011,011,646,679,462,541,31,6,0.585,upright,auto
Ra,Ra03,8,721,721,662,759,463,546,68,18,0.512,upright,auto
Ra,Ra03,9,040,040,768,806,458,534,25,7,0.457,upright,auto
Ra,Ra03,10,002,002,775,813,456,532,25,7,0.46,upright,auto
Ra,Ra03,11,306,306,789,919,440,523,80,24,0.448,upright,auto
Ra,Ra03,12,001,001,885,918,438,517,22,6,0.516,upright,auto
Ra,Ra03,13,778,778,903,989,443,526,60,16,0.572,upright,auto
Ra,Ra03,14,778,778,969,1050,444,527,61,15,0.433,upright,auto
Ra,Ra03,15,002,002,1037,1080,449,531,32,8,0.325,upright,auto
Ra,Ra03,16,778,778,1060,1146,447,533,58,16,0.339,upright,auto
Ra,Ra03,17,254.003,254,1104,1245,441,530,105,26,0.344,upright,auto
Ra,Ra03,18,007,007,1189,1222,438,528,33,6,0.321,upright,auto
Ra,Ra03,19,206.075,206,1192,1284,443,529,58,17,0.207,upright,auto
Ra,Ra03,20,004,004,1238,1395,461,531,121,29,0.244,upright,auto
Ra,Ra03,21,205s,205,1399,1426,465,535,27,5,0.342,upright,auto
Ra,Ra03,22,020,020,1431,1561,463,542,84,24,0.462,upright,auto
Ra,Ra03,23,080,080,1533,1609,463,542,58,14,0.498,upright,auto
Ra,Ra03,24,004,004,1592,1625,461,541,23,6,0.527,upright,auto
Ra,Ra03,25,004,004,1621,1648,464,540,19,5,0.244,upright,auto
Ra,Ra03,26,040,040,1644,1679,459,538,29,7,0.295,upright,auto
Ra,Ra03,27,460,460,1663,1718,458,541,46,10,0.255,upright,auto
Ra,Ra03,28,070t,070,1655,1753,456,539,81,18,0.329,upright,auto
Ra,Ra03,29,600,600,1701,1793,454,536,72,17,0.232,upright,auto
Ra,Ra04,0,600.075,600,1751,1903,394,477,90,28,0.325,flipped,auto
Ra,Ra04,1,005,005,1613,1813,387,473,133,37,0.344,flipped,auto
Ra,Ra04,2,001.607,001,1471,1682,387,470,144,39,0.405,flipped,auto
Ra,Ra04,3,001.008,001,1511,1538,398,470,22,5,0.281,flipped,auto
Ra,Ra04,4,670,670,1474,1518,398,473,34,8,0.305,flipped,auto
Ra,Ra04,5,004,004,1410,1448,384,466,28,7,0.318,flipped,auto
Ra,Ra04,6,053,053,1381,1413,391,463,18,6,0.543,flipped,auto
Ra,Ra04,7,001f,001,1264,1410,374,460,86,27,0.545,flipped,auto
Ra,Ra04,8,006,006,1260,1298,367,446,34,7,0.551,flipped,auto
Ra,Ra04,9,306.109b,306,1180,1283,360,449,60,19,0.449,flipped,auto
Ra,Ra04,10,002,002,1125,1211,360,443,73,16,0.431,flipped,auto
Ra,Ra04,11,631,631,1052,1144,357,439,77,17,0.415,flipped,auto
Ra,Ra04,12,004.090f,004,988,1075,357,436,58,16,0.294,flipped,auto
Ra,Ra04,13,004.090f,004,954,1041,384,463,61,16,0.292,flipped,auto
Ra,Ra04,14,020f.003,020,813,997,363,446,115,34,0.29,flipped,auto
Ra,Ra04,15,004.090f,004,823,861,367,443,34,7,0.478,flipped,auto
Ra,Ra04,16,002,002,722,846,363,449,107,23,0.484,flipped,auto
Ra,Ra04,17,206.074f,206,671,753,370,446,55,15,0.335,flipped,auto
Ra,Ra04,18,050,050,646,679,367,446,18,6,0.161,flipped,auto
Ra,Ra04,19,301?.003,301,560,673,367,446,87,21,0.091,flipped,auto
Ra,Ra04,20,200,200,470,606,394,473,106,25,0.218,flipped,auto
Ra,Ra04,21,004.064.254.004.064,004,454,492,398,473,38,7,0.269,flipped,auto
Ra,Ra04,22,050,050,384,470,398,477,47,16,0.072,flipped,auto
Ra,Ra04,23,073.006,073,348,407,398,473,57,11,0.127,flipped,auto
Ra,Ra04,24,070,070,306,371,398,473,53,12,0.173,flipped,auto
Ra,Ra05,0,040,040,599,648,182,268,39,9,0.274,upright,auto
Ra,Ra05,1,760,760,643,675,186,268,31,6,0.208,upright,auto
Ra,Ra05,2,600,600,618,912,200,282,178,54,0.215,upright,auto
Ra,Ra05,3,599,599,816,892,196,279,74,14,0.394,upright,auto
Ra,Ra05,4,007,007,816,1240,193,282,265,78,0.282,upright,auto
Ra,Ra05,5,027?,027,1136,1201,203,279,48,12,0.406,upright,auto
Ra,Ra05,6,077?,077,1212,1250,203,279,29,7,0.448,upright,auto
Ra,Ra05,7,034,034,1210,1318,203,282,88,20,0.432,upright,auto
Ra,Ra05,8,004,004,1301,1339,210,289,38,7,0.488,upright,auto
Ra,Ra05,9,522,522,1320,1423,220,299,79,19,0.326,upright,auto
Ra,Ra05,10,700,700,1397,1489,230,306,64,17,0.448,upright,auto
Ra,Ra05,11,600,600,1429,1515,227,309,72,16,0.58,upright,auto
Ra,Ra05,12,059f,059,1491,1535,237,313,44,8,0.511,upright,auto
Ra,Ra05,13,004.064,004,1519,1595,237,303,62,14,0.4,upright,auto
Ra,Ra05,14,006:700,006,1607,1672,240,316,42,12,0.315,upright,auto
Ra,Ra05,15,030a,030,1647,1772,240,320,89,23,0.271,upright,auto
Ra,Ra05,16,450.003,450,1749,1782,244,316,33,6,0.246,upright,auto
Ra,Ra05,17,044.607,044,1788,1815,244,316,27,5,0.32,upright,auto
Ra,Ra05,18,055b,055,1809,1852,244,316,21,8,0.098,upright,auto
Ra,Ra05,19,022f,022,1845,1915,244,316,0,13,0.019,upright,auto
Ra,Ra05,20,055b,055,1890,1931,240,316,0,12,-1.0,upright,auto
Ra,Ra06,0,002?,002,1806,1903,155,238,0,18,0.097,flipped,auto
Ra,Ra06,1,001?,001,1753,1840,182,238,0,16,0.181,flipped,auto
Ra,Ra06,2,561,561,1682,1747,189,268,65,12,0.219,flipped,auto
Ra,Ra06,3,700,700,1688,1737,159,241,49,9,0.472,flipped,auto
Ra,Ra06,4,280,280,1609,1717,165,251,108,20,0.517,flipped,auto
Ra,Ra06,5,616,616,1507,1632,145,234,125,23,0.483,flipped,auto
Ra,Ra06,6,001,001,1498,1525,138,217,27,5,0.59,flipped,auto
Ra,Ra06,7,007,007,1408,1516,124,207,108,20,0.33,flipped,auto
Ra,Ra06,8,600,600,1362,1459,118,204,97,18,0.415,flipped,auto
Ra,Ra06,9,300,300,1282,1385,118,200,97,19,0.401,flipped,auto
Ra,Ra06,10,001,001,1252,1350,114,197,59,18,0.405,flipped,auto
Ra,Ra06,11,007,007,1194,1292,114,197,69,18,0.274,flipped,auto
Ra,Ra06,12,067.022f,067,1120,1212,114,193,82,17,0.166,flipped,auto
Ra,Ra06,13,067.022f,067,1016,1156,111,197,117,26,0.055,flipped,auto
Ra,Ra06,14,460,460,950,1058,114,200,46,20,0.006,flipped,auto
Ra,Ra06,15,001t,001,923,972,114,193,29,9,0.119,flipped,auto
Ra,Ra06,16,630.069,630,827,952,114,204,112,23,0.084,flipped,auto
Ra,Ra06,17,700,700,784,865,118,190,64,15,0.115,flipped,auto
Ra,Ra06,18,595,595,703,817,114,197,86,21,0.051,flipped,auto
Ra,Ra06,19,005t,005,674,706,121,204,19,6,0.213,flipped,auto
Ra,Ra06,20,062.064,062,613,678,131,207,50,12,0.243,flipped,auto
Ra,Ra06,21,280,280,594,632,128,197,32,7,0.221,flipped,auto
Ra,Ra06,22,067,067,569,613,128,190,44,8,0.414,flipped,auto
Ra,Ra06,23,569?,569,532,575,138,207,38,8,0.15,flipped,auto
Ra,Ra06,24,001.009:005,001,456,500,114,193,39,8,0.203,flipped,auto
Ra,Ra06,25,040,040,391,456,114,193,65,12,0.532,flipped,auto
Ra,Ra06,26,040,040,404,436,107,190,32,6,0.575,flipped,auto
Ra,Ra06,27,600?,600,373,427,107,190,54,10,0.365,flipped,auto
Ra,Ra06,28,002,002,346,395,169,227,42,9,0.331,flipped,auto
Ra,Ra06,29,020,020,320,363,141,221,43,8,0.499,flipped,auto
Ra,Ra06,30,080?,080,271,336,138,214,65,12,0.545,flipped,auto
Rb,Rb01,0,206?,206,0,820,692,787,176,237,-1.0,upright,auto
Rb,Rb01,1,007,007,564,743,692,761,161,35,0.185,upright,auto
Rb,Rb01,2,306.003,306,695,845,692,777,124,29,0.178,upright,auto
Rb,Rb01,3,028.095f,028,778,1042,699,777,169,51,0.348,upright,auto
Rb,Rb01,4,642,642,1019,1070,705,774,50,10,0.458,upright,auto
Rb,Rb01,5,043:001?,043,1032,1067,702,774,35,7,0.382,upright,auto
Rb,Rb01,6,065V,065,1026,1229,689,771,137,39,0.419,upright,auto
Rb,Rb01,7,001,001,1193,1217,689,725,23,5,0.535,upright,auto
Rb,Rb01,8,506.022?,506,1189,1218,695,722,27,6,0.616,upright,auto
Rb,Rb02,0,410?,410,1407,1847,640,696,136,85,0.244,flipped,auto
Rb,Rb02,1,400?,400,1442,1523,634,719,57,16,0.528,flipped,auto
Rb,Rb02,2,001.010,001,1352,1460,634,722,93,21,0.577,flipped,auto
Rb,Rb02,3,007,007,1294,1386,640,729,78,18,0.493,flipped,auto
Rb,Rb02,4,700.003,700,1243,1310,657,745,58,13,0.443,flipped,auto
Rb,Rb02,5,093f,093,1217,1252,660,745,32,7,0.573,flipped,auto
Rb,Rb02,6,040,040,1185,1219,663,748,34,7,0.527,flipped,auto
Rb,Rb02,7,040,040,896,1254,670,761,256,69,0.304,flipped,auto
Rb,Rb02,8,062.522f,062,842,955,670,758,99,22,0.348,flipped,auto
Rb,Rb02,9,309.055,309,726,870,647,738,91,28,0.353,flipped,auto
Rb,Rb02,10,007,007,660,774,644,735,105,22,0.347,flipped,auto
Rb,Rb02,11,206s,206,594,697,631,719,103,20,0.367,flipped,auto
Rb,Rb02,12,522f,522,526,629,634,722,103,20,0.405,flipped,auto
Rb,Rb02,13,099,099,511,556,640,729,45,9,0.317,flipped,auto
Rb,Rb02,14,073.006,073,500,532,660,732,32,6,0.286,flipped,auto
Rb,Rb02,15,700,700,460,500,634,722,40,8,0.342,flipped,auto
Rb,Rb02,16,001,001,434,510,634,725,76,15,0.358,flipped,auto
Rb,Rb02,17,040,040,301,477,634,722,109,34,0.188,flipped,auto
Rb,Rb02,18,005,005,274,319,614,683,45,9,0.386,flipped,auto
Rb,Rb02,19,680,680,252,276,657,683,10,5,0.253,flipped,auto
Rb,Rb02,20,050,050,138,283,611,661,92,28,0.182,flipped,auto
Rb,Rb03,0,680,680,0,-347,546,638,0,40,0.367,upright,auto
Rb,Rb03,1,771,771,0,-238,562,654,0,35,0.508,upright,auto
Rb,Rb03,2,220.005,220,0,-150,559,648,0,29,0.429,upright,auto
Rb,Rb03,3,680,680,0,118,559,651,0,71,-1.0,upright,auto
Rb,Rb03,4,280,280,26,129,546,638,0,20,0.286,upright,auto
Rb,Rb03,5,001.077,001,101,172,553,609,69,14,0.352,upright,auto
Rb,Rb03,6,680,680,139,318,605,654,95,35,0.403,upright,auto
Rb,Rb03,7,254,254,243,422,559,651,173,35,0.319,upright,auto
Rb,Rb03,8,680,680,373,552,540,628,149,35,0.293,upright,auto
Rb,Rb03,9,002,002,515,555,533,618,40,8,0.335,upright,auto
Rb,Rb03,10,680,680,519,691,537,622,111,33,0.373,upright,auto
Rb,Rb03,11,002,002,655,695,540,625,32,8,0.331,upright,auto
Rb,Rb03,12,680,680,635,812,546,638,111,34,0.322,upright,auto
Rb,Rb03,13,020.010,020,774,851,549,641,57,15,0.486,upright,auto
Rb,Rb03,14,007,007,829,942,556,648,75,22,0.421,upright,auto
Rb,Rb03,15,304?,304,858,1195,556,648,244,65,0.213,upright,auto
Rb,Rb04,0,060,060,357,412,468,557,45,11,0.343,flipped,auto
Rb,Rb04,1,280,280,240,432,465,560,139,37,0.326,flipped,auto
Rb,Rb04,2,003,003,229,274,465,553,40,9,0.366,flipped,auto
Rb,Rb04,3,700f,700,171,211,465,550,40,8,0.525,flipped,auto
Rb,Rb04,4,700f,700,165,205,465,550,40,8,0.548,flipped,auto
Rb,Rb04,5,700f,700,128,173,462,547,45,9,0.58,flipped,auto
Rb,Rb04,6,700f,700,0,234,455,550,0,107,-1.0,flipped,auto
Rb,Rb04,7,244.001,244,0,-144,452,541,0,49,0.394,flipped,auto
Rb,Rb04,8,682,682,0,-330,459,547,0,31,0.507,flipped,auto
Rb,Rb04,9,205s.003,205,0,-465,468,547,0,13,0.452,flipped,auto
Rb,Rb04,10,004.003,004,0,-484,465,553,0,44,0.38,flipped,auto
Rb,Rb04,11,256.075,256,0,-652,462,553,0,27,0.458,flipped,auto
Rb,Rb04,12,007.010,007,0,-739,455,544,0,31,0.375,flipped,auto
Rb,Rb04,13,600.058,600,0,-861,449,537,0,13,0.433,flipped,auto
Rb,Rb04,14,722,722,0,-902,455,547,0,24,0.544,flipped,auto
Rb,Rb04,15,170.003,170,0,-1006,462,544,0,9,0.435,flipped,auto
Rb,Rb04,16,020,020,0,-997,462,550,0,56,0.482,flipped,auto
Rb,Rb05,0,049.049,049,0,-564,332,424,0,38,0.428,upright,auto
Rb,Rb05,1,049.048,049,0,-399,329,417,0,46,0.373,upright,auto
Rb,Rb05,2,605s,605,0,-371,329,414,0,16,0.495,upright,auto
Rb,Rb05,3,200,200,0,-281,329,414,0,25,0.483,upright,auto
Rb,Rb05,4,605s,605,0,-193,335,420,0,25,0.409,upright,auto
Rb,Rb05,5,205s,205,0,-173,332,414,0,10,0.501,upright,auto
Rb,Rb05,6,087,087,0,-88,332,417,0,20,0.442,upright,auto
Rb,Rb05,7,200,200,0,-12,335,420,0,21,-1.0,upright,auto
Rb,Rb05,8,522f,522,0,63,335,417,0,22,-1.0,upright,auto
Rb,Rb05,9,600,600,24,158,335,420,0,26,0.13,upright,auto
Rb,Rb05,10,605,605,127,178,381,411,0,10,0.323,upright,auto
Rb,Rb05,11,002,002,135,351,352,440,156,42,0.029,upright,auto
Rb,Rb05,12,254.077,254,288,396,365,443,108,21,0.268,upright,auto
Rb,Rb05,13,003.065?.003,003,352,550,384,472,139,38,0.213,upright,auto
Rb,Rb05,14,047?,047,486,630,365,453,102,28,0.319,upright,auto
Rb,Rb05,15,070,070,565,632,365,443,56,13,0.325,upright,auto
Rb,Rb05,16,074f,074,624,674,374,446,31,10,0.344,upright,auto
Rb,Rb05,17,001,001,700,724,378,456,24,5,0.439,upright,auto
Rb,Rb05,18,700?,700,687,727,374,453,31,8,0.48,upright,auto
Rb,Rb05,19,007,007,712,810,368,456,82,19,0.438,upright,auto
Rb,Rb05,20,005,005,784,897,365,450,91,22,0.311,upright,auto
Rb,Rb05,21,002,002,867,933,368,453,55,13,0.259,upright,auto
Rb,Rb05,22,700?,700,927,967,339,398,31,8,0.248,upright,auto
Rb,Rb06,18,600.004,600,2042,2050,248,339,0,9,-1.0,flipped,auto
Rb,Rb06,19,700,700,1920,2050,248,343,23,31,-1.0,flipped,auto
Rb,Rb06,20,200.069.109b,200,1935,1964,219,310,25,6,0.223,flipped,auto
Rb,Rb06,21,001,001,1918,1952,222,313,29,7,0.435,flipped,auto
Rb,Rb06,22,001f,001,1864,1893,258,343,24,6,0.432,flipped,auto
Rb,Rb06,23,004,004,1833,1868,254,343,35,7,0.39,flipped,auto
Rb,Rb06,24,004,004,1771,1859,251,343,55,17,0.399,flipped,auto
Rb,Rb06,25,005,005,1748,1788,251,343,27,8,0.33,flipped,auto
Rb,Rb06,26,065V,065,1655,1742,219,313,71,17,0.269,flipped,auto
Rb,Rb06,27,007,007,1584,1686,251,343,69,20,0.207,flipped,auto
Rb,Rb06,28,067.010f,067,1538,1625,270,362,56,17,0.378,flipped,auto
Rb,Rb06,29,280,280,1534,1558,267,359,24,5,0.438,flipped,auto
Rb,Rb07,0,050,050,296,420,158,247,90,23,0.38,upright,auto
Rb,Rb07,1,089a,089,390,449,158,243,36,11,0.426,upright,auto
Rb,Rb07,2,600,600,422,524,184,272,68,19,0.345,upright,auto
Rb,Rb07,3,045,045,493,526,190,272,33,6,0.333,upright,auto
Rb,Rb07,4,005,005,463,609,183,272,105,27,0.365,upright,auto
Rb,Rb07,5,024?,024,604,658,212,281,47,10,0.346,upright,auto
Rb,Rb07,6,001,001,616,649,199,281,33,6,0.366,upright,auto
Rb,Rb07,7,200.070,200,603,765,193,281,103,30,0.331,upright,auto
Rb,Rb07,8,001f,001,736,771,166,255,35,7,0.409,upright,auto
Rb,Rb07,9,001,001,767,794,166,251,27,5,0.391,upright,auto
Rb,Rb07,10,116.003,116,809,911,173,258,90,19,0.512,upright,auto
Rb,Rb07,11,002.010,002,881,962,156,241,64,15,0.405,upright,auto
Rb,Rb07,12,700.010,700,968,1065,162,247,78,18,0.327,upright,auto
Rb,Rb07,13,205s,205,1019,1137,159,247,70,22,0.423,upright,auto
Rb,Rb07,14,001,001,1097,1124,159,244,22,5,0.478,upright,auto
Rb,Rb07,15,254,254,1083,1277,162,250,121,36,0.307,upright,auto
Rb,Rb07,16,082a,082,1223,1304,161,246,57,15,0.286,upright,auto
Rb,Rb07,17,244.002,244,1221,1447,164,256,149,42,0.335,upright,auto
Rb,Rb07,18,575,575,1385,1509,157,246,79,23,0.557,upright,auto
Rb,Rb07,19,004,004,1479,1517,164,249,33,7,0.593,upright,auto
Rb,Rb07,20,575,575,1490,1614,163,252,80,23,0.442,upright,auto
Rb,Rb07,21,583,583,1565,1705,150,239,103,26,0.344,upright,auto
Rb,Rb07,22,082a,082,1668,1744,147,235,62,14,0.402,upright,auto
Rb,Rb07,23,606.074f,606,1699,1903,150,241,169,38,0.241,upright,auto
Rb,Rb07,24,004,004,1866,1898,152,238,19,6,0.231,upright,auto
Rb,Rb07,25,771,771,1876,1983,128,211,51,20,0.311,upright,auto
Rb,Rb07,26,004,004,1961,1996,150,215,0,7,0.329,upright,auto
Rb,Rb08,0,002,002,2008,2050,95,184,0,11,0.0,flipped,auto
Rb,Rb08,1,680,680,1868,2044,121,184,51,34,0.087,flipped,auto
Rb,Rb08,2,762,762,1736,1891,99,184,107,30,0.263,flipped,auto
Rb,Rb08,3,680,680,1638,1830,102,184,122,37,0.333,flipped,auto
Rb,Rb08,4,127,127,1612,1684,105,180,60,14,0.144,flipped,auto
Rb,Rb08,5,762,762,1622,1661,141,216,29,8,0.264,flipped,auto
Rb,Rb08,6,127.762,127,1338,1696,144,219,233,69,0.25,flipped,auto
Rb,Rb08,7,280,280,1317,1425,128,213,74,21,0.292,flipped,auto
Rb,Rb08,8,606.075,606,1158,1369,128,216,137,41,0.318,flipped,auto
Rb,Rb08,9,001f,001,1162,1197,128,216,29,7,0.369,flipped,auto
Rb,Rb08,10,280,280,1085,1183,131,216,71,19,0.355,flipped,auto
Rb,Rb08,11,606.075,606,939,1137,131,216,121,38,0.259,flipped,auto
Rb,Rb08,12,005,005,913,979,131,213,50,13,0.305,flipped,auto
Rb,Rb08,13,730,730,791,951,128,216,119,31,0.275,flipped,auto
Rb,Rb08,14,301,301,705,839,128,216,86,26,0.256,flipped,auto
Rb,Rb08,15,073.006,073,623,746,128,216,110,24,0.286,flipped,auto
Rb,Rb08,16,073.006,073,327,711,128,219,263,74,0.084,flipped,auto
Sa,Sa01,0,739.022f,739,469,562,26,45,58,75,0.373,upright,auto
Sa,Sa01,1,062.001,062,539,573,28,48,34,28,0.471,upright,auto
Sa,Sa01,2,053,053,568,590,28,61,18,18,0.484,upright,auto
Sa,Sa01,3,015.063.003,015,588,600,28,60,12,10,0.473,upright,auto
Sa,Sa01,4,046,046,600,607,28,59,7,6,0.517,upright,auto
Sa,Sa01,5,110,110,604,627,28,60,23,20,0.416,upright,auto
Sa,Sa01,6,002,002,620,631,28,61,11,9,0.436,upright,auto
Sa,Sa01,7,060,060,621,633,27,58,12,10,0.402,upright,auto
Sa,Sa01,8,001V,001,634,645,27,54,11,9,0.419,upright,auto
Sa,Sa01,9,280,280,657,665,27,59,8,8,0.535,upright,auto
Sa,Sa01,10,306.003,306,673,680,28,59,7,7,0.487,upright,auto
Sa,Sa01,11,004.064,004,668,692,27,59,24,20,0.506,upright,auto
Sa,Sa01,12,745.001,745,693,731,26,57,38,31,0.351,upright,auto
Sa,Sa01,13,067,067,726,748,26,55,22,18,0.394,upright,auto
Sa,Sa01,14,022f,022,732,764,26,54,32,25,0.48,upright,auto
Sa,Sa01,15,067.490,067,760,784,27,54,24,21,0.354,upright,auto
Sa,Sa01,16,001t,001,777,812,28,57,35,29,0.456,upright,auto
Sa,Sa01,17,254,254,792,842,29,57,46,40,0.324,upright,auto
Sa,Sa01,18,002,002,828,839,31,63,11,9,0.569,upright,auto
Sa,Sa01,19,069,069,836,847,31,60,11,9,0.425,upright,auto
Sa,Sa01,20,282s?,282,841,879,29,57,38,30,0.285,upright,auto
Sa,Sa01,21,079,079,880,892,29,60,12,11,0.343,upright,auto
Sa,Sa01,22,062.001,062,890,908,29,59,18,15,0.387,upright,auto
Sa,Sa01,23,631,631,905,928,30,62,23,18,0.378,upright,auto
Sa,Sa01,24,607,607,930,968,30,62,38,30,0.322,upright,auto
Sa,Sa01,25,089a,089,953,970,30,61,17,14,0.504,upright,auto
Sa,Sa01,26,096,096,955,973,30,57,18,16,0.439,upright,auto
Sa,Sa01,27,205,205,969,1001,30,61,31,26,0.432,upright,auto
Sa,Sa01,28,067,067,996,1013,30,59,0,13,0.149,upright,auto
Sa,Sa01,29,002,002,1013,1014,30,61,0,9,-1.0,upright,auto
Sa,Sa02,1,700.678,700,1008,1014,57,88,0,20,-1.0,flipped,auto
Sa,Sa02,2,020f,020,975,1014,56,88,27,26,0.09,flipped,auto
Sa,Sa02,3,056.003,056,962,980,53,85,18,12,0.365,flipped,auto
Sa,Sa02,4,209.260.001,209,928,966,50,80,25,23,0.269,flipped,auto
Sa,Sa02,5,260.001.010,260,850,952,49,81,78,62,0.134,flipped,auto
Sa,Sa02,6,001.260,001,813,878,50,82,55,39,0.2,flipped,auto
Sa,Sa02,7,306s,306,781,831,53,86,49,31,0.296,flipped,auto
Sa,Sa02,8,226s,226,751,799,54,86,32,29,0.299,flipped,auto
Sa,Sa02,9,005,005,716,767,52,84,37,32,0.174,flipped,auto
Sa,Sa02,10,260,260,705,733,60,92,20,18,0.303,flipped,auto
Sa,Sa02,11,001t?,001,681,716,60,91,29,22,0.156,flipped,auto
Sa,Sa02,12,204s,204,646,691,60,92,39,28,0.182,flipped,auto
Sa,Sa02,13,001.246.069,001,634,642,59,92,8,6,0.446,flipped,auto
Sa,Sa02,14,022f.243,022,575,646,59,92,53,43,0.155,flipped,auto
Sa,Sa02,15,027.006,027,535,602,67,100,44,42,0.369,flipped,auto
Sa,Sa02,16,077.034,077,504,552,68,100,30,29,0.17,flipped,auto
Sa,Sa02,17,522f,522,488,526,68,99,26,23,0.249,flipped,auto
Sa,Sa02,18,011,011,461,495,68,98,18,21,0.235,flipped,auto
Sa,Sa02,19,410,410,455,462,68,88,0,5,0.421,flipped,auto
Sa,Sa02,20,601s,601,350,469,53,66,0,72,0.288,flipped,auto
Sa,Sa02,21,062.000!,062,360,378,53,66,0,11,0.511,flipped,auto
Sa,Sa02,22,001?.062?,001,340,368,48,79,0,18,0.141,flipped,auto
Sa,Sa02,23,006,006,338,346,58,77,0,5,0.0,flipped,auto
Sa,Sa02,24,001,001,314,331,58,87,0,11,0.43,flipped,auto
Sa,Sa02,25,459,459,298,316,59,89,7,11,0.622,flipped,auto
Sa,Sa02,26,003,003,289,300,55,85,4,7,0.253,flipped,auto
Sa,Sa02,27,306.003,306,257,291,54,86,27,21,0.097,flipped,auto
Sa,Sa02,28,280,280,216,264,48,79,33,29,0.214,flipped,auto
Sa,Sa02,29,200,200,182,233,48,78,46,32,0.249,flipped,auto
Sa,Sa03,0,306?,306,332,381,115,146,0,31,0.0,upright,auto
Sa,Sa03,1,001.520fy,001,371,420,124,133,0,30,0.364,upright,auto
Sa,Sa03,2,004.064,004,406,430,115,143,0,16,0.3,upright,auto
Sa,Sa03,3,001.520f,001,427,476,107,138,29,30,0.236,upright,auto
Sa,Sa03,4,004.064,004,457,485,107,138,16,17,0.243,upright,auto
Sa,Sa03,5,090,090,470,545,106,140,47,46,0.132,upright,auto
Sa,Sa03,6,670,670,538,618,110,142,57,48,0.26,upright,auto
Sa,Sa03,7,200.059f,200,597,652,113,143,39,34,0.123,upright,auto
Sa,Sa03,8,004.064,004,638,667,115,145,20,19,0.281,upright,auto
Sa,Sa03,9,745.001,745,666,705,110,141,25,24,0.338,upright,auto
Sa,Sa03,10,306s,306,694,743,107,137,32,30,0.345,upright,auto
Sa,Sa03,11,400,400,731,763,104,135,20,20,0.239,upright,auto
Sa,Sa03,12,522fy,522,746,780,103,134,23,21,0.293,upright,auto
Sa,Sa03,13,016,016,774,782,103,133,6,6,0.235,upright,auto
Sa,Sa03,14,070,070,780,803,114,143,23,14,0.263,upright,auto
Sa,Sa03,15,046,046,808,824,105,136,8,10,0.264,upright,auto
Sa,Sa03,16,522f,522,817,849,105,136,25,19,0.299,upright,auto
Sa,Sa03,17,002,002,844,856,109,139,9,8,0.213,upright,auto
Sa,Sa03,18,386.003,386,859,902,114,143,31,26,0.263,upright,auto
Sa,Sa03,19,002.003,002,893,920,114,146,22,17,0.371,upright,auto
Sa,Sa03,20,141,141,912,931,115,146,19,12,0.442,upright,auto
Sa,Sa03,21,093f,093,926,954,113,146,25,18,0.559,upright,auto
Sa,Sa03,22,001,001,951,962,113,146,11,6,0.637,upright,auto
Sa,Sa03,23,001.010,001,969,992,122,156,23,15,0.428,upright,auto
Sa,Sa03,24,380.001,380,988,1014,122,156,18,24,-1.0,upright,auto
Sa,Sa04,0,067,067,857,875,175,205,18,12,0.156,flipped,auto
Sa,Sa04,1,022f,022,846,858,174,206,8,8,0.156,flipped,auto
Sa,Sa04,2,046,046,832,845,173,206,13,9,0.164,flipped,auto
Sa,Sa04,3,522f,522,803,838,174,206,23,22,0.197,flipped,auto
Sa,Sa04,4,046,046,792,808,173,206,16,10,0.165,flipped,auto
Sa,Sa04,5,022f,022,777,788,169,201,11,7,0.275,flipped,auto
Sa,Sa04,6,046,046,761,777,168,201,14,10,0.371,flipped,auto
Sa,Sa04,7,246,246,715,774,169,201,41,35,0.188,flipped,auto
Sa,Sa04,8,001.086,001,707,739,168,200,30,19,0.241,flipped,auto
Sa,Sa04,9,280,280,683,716,168,200,26,20,0.172,flipped,auto
Sa,Sa04,10,001,001,670,678,165,196,8,6,0.223,flipped,auto
Sa,Sa04,11,001,001,649,657,164,196,8,6,0.448,flipped,auto
Sa,Sa04,12,001.260.001,001,606,667,167,199,47,38,0.282,flipped,auto
Sa,Sa04,13,206s,206,576,624,166,199,31,29,0.122,flipped,auto
Sa,Sa04,14,206s,206,504,602,167,199,61,60,0.053,flipped,auto
Sa,Sa04,15,260.001,260,474,530,167,199,31,35,0.004,flipped,auto
Sa,Sa04,16,430,430,452,485,188,210,33,20,0.25,flipped,auto
Sa,Sa04,17,522f,522,448,456,188,210,8,6,0.391,flipped,auto
Sa,Sa04,18,590,590,428,450,187,208,22,13,0.583,flipped,auto
Sa,Sa04,19,017,017,421,429,185,207,8,6,0.573,flipped,auto
Sa,Sa04,20,070,070,408,415,185,206,7,5,0.497,flipped,auto
Sa,Sa04,21,017,017,355,415,182,206,60,37,0.393,flipped,auto
Sa,Sa04,22,001,001,345,358,179,203,13,9,0.451,flipped,auto
Sa,Sa04,23,510,510,323,356,175,201,33,20,0.345,flipped,auto
Sa,Sa04,24,039,039,305,333,169,198,26,18,0.275,flipped,auto
Sa,Sa04,25,040,040,276,310,168,192,31,22,0.278,flipped,auto
Sa,Sa04,26,670,670,251,284,169,188,28,20,0.266,flipped,auto
Sa,Sa04,27,002.063,002,230,258,168,200,0,17,0.134,flipped,auto
Sa,Sa04,28,062.001.062,062,197,242,169,202,0,28,0.182,flipped,auto
Sa,Sa04,29,100.062,100,194,202,171,201,0,6,0.07,flipped,auto
Sa,Sa04,30,016.062x,016,147,203,167,201,0,35,0.135,flipped,auto
Sa,Sa04,31,202s,202,55,135,168,201,0,48,0.13,flipped,auto
Sa,Sa04,32,001,001,47,71,184,200,0,16,0.299,flipped,auto
Sa,Sa04,33,059f,059,29,62,184,194,0,20,0.254,flipped,auto
Sa,Sa04,34,035.059f.055b,035,0,35,177,207,0,24,-0.084,flipped,auto
Sa,Sa04,35,035,035,0,8,177,209,0,19,-1.0,flipped,auto
Sa,Sa04,36,460,460,0,-8,177,208,0,42,-1.0,flipped,auto
Sa,Sa04,37,010.055b,010,0,-61,177,208,0,14,0.421,flipped,auto
Sa,Sa04,38,059f,059,0,-79,175,208,0,22,0.354,flipped,auto
Sa,Sa04,39,035,035,0,-99,186,219,0,35,0.372,flipped,auto
Sa,Sa05,0,203?,203,0,-252,211,242,0,52,0.371,upright,auto
Sa,Sa05,1,520f,520,0,-213,199,226,0,39,0.435,upright,auto
Sa,Sa05,2,057,057,0,-210,203,226,0,10,0.465,upright,auto
Sa,Sa05,3,057,057,0,-171,200,226,0,29,0.407,upright,auto
Sa,Sa05,4,053,053,0,-149,194,225,0,19,0.41,upright,auto
Sa,Sa05,5,510.055b,510,0,-139,190,221,0,8,0.413,upright,auto
Sa,Sa05,6,591,591,0,-124,189,222,0,10,0.433,upright,auto
Sa,Sa05,7,055b,055,0,-105,189,221,0,12,0.43,upright,auto
Sa,Sa05,8,739,739,0,-63,190,223,0,30,0.465,upright,auto
Sa,Sa05,9,068,068,0,-50,191,224,0,14,0.532,upright,auto
Sa,Sa05,10,607,607,0,-16,190,222,0,26,0.494,upright,auto
Sa,Sa05,11,068,068,0,-2,191,221,0,13,-1.0,upright,auto
Sa,Sa05,12,607,607,0,42,190,223,0,34,-1.0,upright,auto
Sa,Sa05,13,068,068,23,79,188,221,0,35,0.137,upright,auto
Sa,Sa05,14,354,354,83,132,186,219,0,30,0.337,upright,auto
Sa,Sa05,15,007,007,120,143,198,208,0,15,0.352,upright,auto
Sa,Sa05,16,200,200,129,188,198,208,0,36,0.343,upright,auto
Sa,Sa05,17,280,280,181,208,198,208,0,17,0.191,upright,auto
Sa,Sa05,18,002,002,205,223,187,220,0,11,0.191,upright,auto
Sa,Sa05,19,004,004,221,232,188,219,0,7,0.181,upright,auto
Sa,Sa05,20,280,280,227,256,188,219,0,18,0.083,upright,auto
Sa,Sa05,21,002,002,254,266,188,220,0,8,0.312,upright,auto
Sa,Sa05,22,280,280,261,295,187,219,0,21,0.08,upright,auto
Sa,Sa05,23,030a,030,285,314,188,218,0,18,0.103,upright,auto
Sa,Sa05,24,060,060,320,332,188,219,0,8,0.35,upright,auto
Sa,Sa05,25,755,755,330,358,187,218,28,17,0.278,upright,auto
Sa,Sa05,26,022,022,356,363,188,218,7,5,0.291,upright,auto
Sa,Sa05,27,600,600,358,391,187,219,33,20,0.347,upright,auto
Sa,Sa05,28,159,159,389,407,187,207,18,12,0.395,upright,auto
Sa,Sa05,29,060,060,407,419,186,208,12,8,0.411,upright,auto
Sa,Sa05,30,576s.003,576,405,460,187,210,55,34,0.389,upright,auto
Sa,Sa05,31,306s.003,306,450,504,190,216,54,33,0.386,upright,auto
Sa,Sa05,32,001,001,494,501,187,219,7,5,0.366,upright,auto
Sa,Sa05,33,089a,089,500,518,187,219,18,12,0.361,upright,auto
Sa,Sa05,34,005,005,512,530,195,222,14,12,0.384,upright,auto
Sa,Sa05,35,001,001,519,526,195,222,7,5,0.489,upright,auto
Sa,Sa05,36,190a.055b,190,532,588,197,222,56,35,0.466,upright,auto
Sa,Sa05,37,022f,022,578,590,198,225,12,8,0.427,upright,auto
Sa,Sa05,38,055b,055,588,599,198,225,11,7,0.403,upright,auto
Sa,Sa05,39,045.009.037,045,591,603,192,222,12,7,0.397,upright,auto
Sa,Sa05,40,540.001,540,602,613,194,223,11,7,0.43,upright,auto
Sa,Sa05,41,739,739,619,659,203,225,40,25,0.27,upright,auto
Sa,Sa05,42,522f,522,643,683,202,226,40,25,0.398,upright,auto
Sa,Sa05,43,301.009,301,684,707,198,226,23,14,0.443,upright,auto
Sa,Sa05,44,260.001,260,691,718,200,226,27,16,0.476,upright,auto
Sa,Sa05,45,200,200,706,818,193,226,112,67,0.434,upright,auto
